"","p_val","avg_log2FC","pct.1","pct.2","p_val_adj"
"KLF10",0,3.14907573177734,0.529,0.02,0
"TJP1",0,3.04820647561314,0.532,0.026,0
"CDH1",0,2.69942415075878,0.632,0.052,0
"SLC20A1",0,2.48741742941379,0.574,0.034,0
"PPP1R15A",0,2.39786289100265,0.836,0.142,0
"ID2",0,2.31903621372068,0.697,0.086,0
"NEAT1",0,2.02531375037188,0.906,0.399,0
"XIAP",0,1.98719474972608,0.591,0.049,0
"JUN",0,1.96998462855791,0.867,0.355,0
"INTS6",0,1.95921451373662,0.625,0.077,0
"ARID4B",0,1.94652407603948,0.594,0.053,0
"JUNB",0,1.8767372898272,0.868,0.203,0
"SKIL",0,1.85167775617552,0.59,0.055,0
"SPTBN1",0,1.81801862648971,0.739,0.114,0
"LDLR",0,1.77651029126011,0.621,0.071,0
"RND3",0,1.69775368778113,0.686,0.104,0
"IFRD1",0,1.69456488120472,0.673,0.084,0
"NFKBIZ",0,1.63638046277127,0.593,0.059,0
"CTNNB1",0,1.61944462648253,0.69,0.104,0
"WSB1",0,1.48260588870325,0.667,0.094,0
"CCNL1",0,1.46923532133423,0.719,0.126,0
"SLC38A2",0,1.39836922811905,0.764,0.151,0
"UBE2D3",2.80977255385164e-307,1.30528136129042,0.744,0.136,1.07400746098425e-302
"AFF4",2.88244554762747e-302,1.27125327402771,0.602,0.065,1.10178598612512e-297
"KLF6",3.1160207337695e-300,1.65909242622659,0.803,0.21,1.19106776527605e-295
"GADD45B",6.25739341188324e-299,1.62970796550303,0.669,0.104,2.39182605775825e-294
"SPEN",1.0164311763881e-296,1.53934696051579,0.588,0.061,3.88520652862586e-292
"MIDN",1.3994404241339e-295,1.35841748252897,0.675,0.108,5.34922107720941e-291
"VEGFA",1.34645140389055e-294,1.27779003275495,0.719,0.132,5.14667584623125e-290
"BRD2",3.57240577170642e-294,1.4218455330331,0.73,0.143,1.36551638217706e-289
"AKAP9",1.47222613872108e-291,1.29179671735415,0.719,0.135,5.62743719264744e-287
"KLF4",1.5840895292665e-291,1.68773910122655,0.62,0.082,6.05502381666829e-287
"GPBP1",1.98375111066208e-291,1.13967217522401,0.657,0.097,7.58269024539474e-287
"MAFF",1.58149697914021e-289,1.50921073029556,0.537,0.042,6.04511405306554e-285
"ZFP36",1.03465355732038e-288,1.32729119563453,0.725,0.138,3.95485975750141e-284
"TRA2A",1.65711817027516e-288,1.28040616024208,0.593,0.068,6.33416849405977e-284
"BTG2",1.70571509242819e-288,1.44032882714478,0.681,0.116,6.51992536929753e-284
"KCNQ1OT1",3.62868946190049e-288,2.24092080947438,0.532,0.044,1.38703025991685e-283
"ATF3",2.81741518138768e-287,1.79464803873169,0.687,0.13,1.07692877893363e-282
"FOSB",1.48367372036154e-286,1.86785954996867,0.753,0.181,5.67119442870994e-282
"IER5",1.23804084214168e-285,1.59728762432834,0.591,0.07,4.73228731500237e-281
"GOLGB1",4.67442813810866e-285,1.36235649840594,0.705,0.135,1.78675341151065e-280
"CEMIP2",3.59761791359373e-283,1.42895554152756,0.575,0.064,1.37515347129207e-278
"HSPA1B",3.72047222030696e-283,1.64654878040237,0.784,0.21,1.42211330149013e-278
"VMP1",9.99470567999267e-283,1.60622142388638,0.659,0.114,3.8203762991204e-278
"DDX3X",1.79017425959112e-282,1.24360147238604,0.743,0.151,6.84276208986111e-278
"PPP1R10",4.52380329886812e-281,1.26813811882103,0.63,0.09,1.72917857295935e-276
"GPRC5A",4.67437860734745e-279,1.73395578350025,0.669,0.121,1.78673447887249e-274
"IFNGR2",7.80658975976444e-279,2.0098441703861,0.502,0.034,2.98399086977236e-274
"ASH1L",5.10551823659244e-278,1.40986408633184,0.576,0.066,1.95153329075509e-273
"HDAC1",2.48507771028e-277,1.37420645979851,0.63,0.093,9.49896103977427e-273
"EGR1",3.71237699383732e-277,1.49032363399862,0.679,0.122,1.41901898212438e-272
"SLC5A3",5.56096347367603e-277,1.98074818857943,0.522,0.044,2.12562267817793e-272
"LMO7",1.22982720605588e-276,1.37909499168568,0.641,0.101,4.70089151242799e-272
"RSRP1",3.25430012071727e-276,1.14663805890175,0.69,0.125,1.24392367814297e-271
"MXD1",4.08294753664209e-275,1.5071938942521,0.567,0.065,1.56066586640607e-270
"CLK1",2.16126883548822e-274,1.09718389201455,0.612,0.084,8.26123399677018e-270
"BOD1L1",3.24182620300695e-274,1.18976075182299,0.59,0.074,1.23915564783738e-269
"TOB1",2.92664153820119e-273,1.13077284571038,0.631,0.095,1.11867946156202e-268
"MCL1",5.43799442143263e-273,1.17011328095014,0.745,0.158,2.07861898764841e-268
"RHOB",7.78027452202513e-273,1.37978630781672,0.729,0.157,2.97393213329889e-268
"TRIB1",1.73852661668631e-272,1.82409753666368,0.587,0.08,6.64534413962175e-268
"KLF5",2.41358391237503e-272,1.35271897021871,0.669,0.122,9.22568314666233e-268
"NKTR",3.63675695982966e-271,1.49350114307655,0.577,0.071,1.39011398032529e-266
"GLS",1.68949089329824e-270,1.09911624464637,0.65,0.107,6.45790999054319e-266
"SF1",4.59157962141316e-270,1.00132656701437,0.662,0.112,1.75508539448897e-265
"RSF1",5.1123105026855e-270,1.22185363529857,0.569,0.068,1.9541295665465e-265
"NR4A1",1.23087348490758e-269,1.28491186807437,0.629,0.098,4.70489080871072e-265
"STAT3",1.70937567541548e-269,1.28460723635526,0.648,0.112,6.53391758170812e-265
"HEXIM1",5.16035358441357e-269,1.84967475772081,0.543,0.057,1.97249355410624e-264
"ANKRD11",6.14535315282186e-269,1.12186100363242,0.664,0.114,2.34899978913463e-264
"THUMPD3-AS1",1.81187941885367e-267,1.59890090125024,0.558,0.067,6.92572789062626e-263
"DUSP1",6.23295052634988e-267,1.3923473137042,0.686,0.137,2.38248300919198e-262
"PLK3",6.77220822420294e-267,1.38952581207291,0.521,0.048,2.58860887161933e-262
"ELF3",8.89278573384352e-267,1.48762016736061,0.885,0.382,3.39917841890435e-262
"KANSL1",1.61369872859662e-266,1.4605338912622,0.543,0.058,6.16820202018773e-262
"ARID1B",4.56853155110922e-266,1.13416353705988,0.566,0.068,1.74627550009599e-261
"NUFIP2",4.59951590855133e-266,1.02101752065626,0.665,0.115,1.75811896088466e-261
"SMG1",2.62836518917996e-265,1.02467015374131,0.626,0.096,1.00466630991215e-260
"TSC22D2",8.71919757493938e-265,2.1103090790512,0.457,0.022,3.33282608104483e-260
"KMT2E",7.4844453501079e-264,1.06356972042524,0.667,0.12,2.86085439062524e-259
"TMBIM1",5.12292655882678e-263,1.17905731467181,0.564,0.069,1.95818744784595e-258
"AC020916.1",1.43985783640178e-262,1.9542460931081,0.524,0.054,5.50371259386217e-258
"NABP1",2.38345343916547e-262,1.4695084226038,0.532,0.055,9.11051242586609e-258
"KMT2A",2.68762843294252e-262,1.22085143081512,0.566,0.07,1.02731909220795e-257
"WAC",4.16332452319553e-262,1.24048813163353,0.562,0.068,1.59138916574626e-257
"YME1L1",4.71019427627694e-262,1.13403964367129,0.606,0.089,1.8004246601641e-257
"AKAP13",8.61405733459972e-262,1.24265101318663,0.62,0.098,3.2926372755774e-257
"IER5L",1.18424818990887e-261,1.11801596780915,0.626,0.099,4.52667028110766e-257
"TMC5",3.10126148218502e-261,1.30748594865125,0.589,0.084,1.1854261889504e-256
"JMJD1C",3.32829841922772e-261,1.05767809863921,0.58,0.077,1.2722087877656e-256
"MACF1",3.85821149686954e-261,1.00103000144299,0.602,0.086,1.47476276256341e-256
"PNISR",4.30390108625355e-261,1.15951463842896,0.665,0.121,1.64512315120956e-256
"MED13",6.17589724770625e-261,1.20680998348736,0.524,0.053,2.36067496396324e-256
"ZFP36L1",6.59512917583706e-261,1.39633645750439,0.729,0.169,2.52092217617196e-256
"MALAT1",8.69354316257321e-261,1.39482485819972,0.996,0.959,3.32301993846198e-256
"IER2",1.07670976190538e-260,1.35472473729471,0.863,0.291,4.11561539390711e-256
"ERBB3",2.50572170871962e-259,1.13323232216413,0.639,0.113,9.57787065940989e-255
"FOS",3.89366362825807e-259,1.56008602234932,0.824,0.288,1.48831398526537e-254
"DNAJB6",7.21035784581433e-259,0.964009143002333,0.705,0.144,2.75608718298407e-254
"USP53",8.35208091552721e-259,1.47980607368592,0.582,0.081,3.19249940915112e-254
"ZNF292",1.89860252281315e-258,1.38536722968105,0.57,0.077,7.25721828320099e-254
"GOLGA4",2.86605353061758e-258,1.08130041834482,0.678,0.131,1.09552030154326e-253
"WEE1",5.99044731826642e-258,1.32437273133118,0.518,0.051,2.28978858293416e-253
"ARGLU1",1.78269611130418e-257,0.89363046596954,0.799,0.192,6.81417761584908e-253
"PKN2",2.99929263880868e-257,1.14730483192919,0.551,0.067,1.14644961825823e-252
"KDM5B",3.01797124878932e-257,1.02432205342763,0.513,0.048,1.15358933013723e-252
"TRIM33",6.28654949511053e-257,2.18594582144831,0.461,0.028,2.40297067901105e-252
"KLF3",1.96118600721381e-256,1.04819777468308,0.579,0.079,7.49643739397408e-252
"RAB11FIP1",2.48178248248266e-256,1.16343693480017,0.733,0.166,9.48636536104172e-252
"NPEPPS",3.38372750371235e-256,1.0284471098398,0.54,0.061,1.29339600101901e-251
"PPP1R15B",5.10472885273662e-256,1.70932212539326,0.486,0.039,1.95123155667005e-251
"IRF1",1.28689120160621e-255,1.01119679967561,0.642,0.11,4.91901292901956e-251
"ARL4A",2.75067396353648e-255,1.20124788397251,0.635,0.111,1.05141761582218e-250
"ZFAND5",4.08118433632609e-255,0.831326063561426,0.652,0.113,1.55999190071729e-250
"LIPH",6.28180083818719e-255,1.59235911007148,0.493,0.043,2.40115555238867e-250
"SERTAD1",7.00090670575457e-255,1.27811003101292,0.569,0.077,2.67602657920763e-250
"PMEPA1",7.38557146699113e-255,1.5911956899001,0.562,0.076,2.82306083754269e-250
"SPTAN1",1.08787988795522e-254,0.826805991573768,0.667,0.123,4.15831208372003e-250
"BAZ2B",1.35384406630108e-254,0.971524974496748,0.563,0.072,5.17493355902926e-250
"HSPA5",2.02516471794898e-254,1.33296301456431,0.731,0.182,7.74098961788818e-250
"ATP2A2",2.79467102340135e-254,1.16044416622066,0.554,0.07,1.06823505198493e-249
"CDK12",9.85740838859431e-254,1.11496606187229,0.55,0.067,3.76789578245629e-249
"CXADR",2.00309692972227e-253,1.24029841360864,0.556,0.071,7.65663770417041e-249
"CTNND1",2.48921404936825e-253,1.00415539478775,0.664,0.124,9.5147717823052e-249
"ZNF207",2.9769931912004e-253,0.985221753389816,0.64,0.112,1.13792587740444e-248
"ASXL1",6.63036483021271e-253,1.40005765304297,0.522,0.056,2.53439065270051e-248
"ID1",6.98821053857952e-253,1.97699661285408,0.694,0.171,2.67117359626664e-248
"MARCH6",7.00970770689869e-253,0.952615111059996,0.537,0.063,2.67939067388496e-248
"RBBP6",8.8538594795938e-252,1.24749401577786,0.539,0.064,3.38429924747994e-247
"LUZP1",2.39078535826524e-251,0.933188124117234,0.563,0.075,9.13853795343306e-247
"ETNK1",5.55336113868133e-251,1.09570701590083,0.516,0.054,2.12271676164955e-246
"CHD2",5.69235759845029e-251,0.882295844357679,0.584,0.084,2.17584676843164e-246
"NFKBIA",1.89423782645847e-250,1.16228498648885,0.685,0.143,7.24053466785484e-246
"ATRX",3.49432117676499e-250,1.02993286472351,0.609,0.099,1.33566932660665e-245
"CDKN1A",3.6246912951835e-250,1.48217903875132,0.511,0.054,1.38550200067094e-245
"ST14",2.1751379977738e-249,0.929555917317295,0.619,0.103,8.31424748269058e-245
"MYLIP",3.05527372149366e-249,1.7575534119981,0.448,0.026,1.16784782730374e-244
"FNBP4",4.27025668616603e-249,0.774915203143203,0.577,0.082,1.6322629157201e-244
"CYP3A5",4.80560057300474e-249,1.55732954262776,0.551,0.074,1.83689276302533e-244
"AMD1",6.85660303937159e-249,0.869286558033059,0.699,0.145,2.6208679457694e-244
"PUM1",1.25131534232467e-248,0.923919684219556,0.56,0.075,4.78302776450181e-244
"CHD7",1.51711392412683e-248,1.14851098191236,0.54,0.065,5.79901626358239e-244
"DYNC1H1",2.22508593896925e-248,0.936130877522013,0.622,0.106,8.50516849311605e-244
"MAT2A",4.42863894576207e-248,0.99911995175748,0.55,0.07,1.69280295062809e-243
"ID3",6.13578231700992e-248,2.28155571504227,0.515,0.06,2.34534143285387e-243
"HOOK2",2.12224464002945e-247,1.36188210329303,0.545,0.069,8.11206791204859e-243
"SOX9",2.1262316379858e-247,1.08210093703084,0.646,0.119,8.12730781303691e-243
"MYO6",5.22200880212128e-247,0.95883778536789,0.595,0.093,1.99606064452284e-242
"KMT2C",5.92108982738534e-247,0.908422925835913,0.561,0.076,2.26327737561977e-242
"ANKRD12",7.93684641275338e-247,1.09271032395743,0.558,0.076,3.03378017281085e-242
"REL",1.04482296569677e-246,1.14213401210518,0.53,0.061,3.99373130407933e-242
"PLEC",1.07907251774295e-246,0.988965774767892,0.627,0.11,4.12464679182067e-242
"CCDC186",6.01756489252625e-246,0.86654617729158,0.562,0.077,2.30015400451923e-241
"ZMYM2",2.4744921016097e-245,1.03622657830271,0.533,0.065,9.45849860919291e-241
"SDC4",3.6839061808253e-245,0.974587435968601,0.624,0.11,1.40813629855866e-240
"NEU1",9.67516871855989e-245,1.13365276097956,0.539,0.069,3.69823649098233e-240
"TAF7",1.24426927249761e-244,0.804124988780972,0.646,0.117,4.75609486719488e-240
"NDRG1",1.34890315734648e-244,0.959295498912123,0.586,0.09,5.15604742864118e-240
"MAP3K2",1.35323196311361e-244,0.932857096813497,0.514,0.055,5.17259385580546e-240
"SPAG9",1.64895187638291e-244,0.888202082151123,0.631,0.111,6.30295365228604e-240
"TCF7L2",1.82790488595909e-244,1.03286718679054,0.562,0.079,6.98698363609003e-240
"TES",1.93168653924426e-244,0.915955785588927,0.565,0.078,7.38367862760725e-240
"NFAT5",2.17968707132186e-244,1.29363036662005,0.51,0.055,8.33163586142067e-240
"ZMYND8",8.72535461229876e-244,0.888631674929274,0.614,0.104,3.33517954700508e-239
"LRRFIP1",9.9766043043061e-244,0.90613351614003,0.73,0.168,3.81345722927796e-239
"ERRFI1",1.41462535272223e-243,1.50286440620537,0.474,0.04,5.40726394824547e-239
"TMEM63A",2.60041887120653e-243,1.19500091657404,0.537,0.068,9.93984109329986e-239
"EFNA1",5.16539241894328e-243,1.10916485044411,0.546,0.072,1.97441959821688e-238
"ARHGAP5",5.70734771459626e-243,0.983372472795761,0.537,0.068,2.18157659042727e-238
"TACC1",1.03838300332679e-242,1.08485250252595,0.547,0.073,3.96911519191632e-238
"RTN4",1.08861117117374e-242,1.06396712778209,0.64,0.125,4.16110734069449e-238
"VPS37B",1.13057924072281e-242,1.1482137300343,0.517,0.059,4.32152608973887e-238
"POLR2A",1.72461684470023e-242,1.30204897261639,0.507,0.055,6.59217542718215e-238
"HERPUD1",1.74640254827223e-242,0.963436576150627,0.626,0.112,6.67544910051576e-238
"NRARP",2.04641541211634e-242,1.15921524069385,0.591,0.095,7.8222182712735e-238
"RBM25",3.45002508084178e-241,0.93501954848426,0.649,0.125,1.31873758690096e-236
"BPTF",4.31809302858178e-241,0.80604280661284,0.63,0.113,1.6505478792451e-236
"HIPK2",5.16667848082991e-241,2.36211763550035,0.419,0.019,1.97491118251242e-236
"PNRC1",6.84901249568502e-241,1.01044626297974,0.655,0.128,2.61796653635064e-236
"FOXO3",8.39998676034374e-241,1.02571104507687,0.521,0.061,3.21081093927379e-236
"ADM",9.95856043527287e-241,1.58493518553392,0.484,0.046,3.8065601407787e-236
"FNDC3B",1.34864497468967e-240,1.19179109292712,0.488,0.047,5.1550605512538e-236
"TGIF1",1.63405652707596e-240,1.4179880842049,0.472,0.04,6.24601766909515e-236
"CDK13",2.24033921178742e-240,0.922993802062138,0.533,0.067,8.56347260313625e-236
"ARID1A",2.28027619845714e-240,0.945509305678777,0.498,0.052,8.71612774098255e-236
"TMF1",2.72197856756471e-240,0.978411067860616,0.523,0.062,1.04044908766593e-235
"IRS2",5.74826798812808e-240,1.05943577999183,0.503,0.055,2.19721795578208e-235
"MAFG",6.0618381466752e-240,1.16118715291187,0.47,0.04,2.31707701318513e-235
"PTPRF",6.6272670872735e-240,1.17353432828381,0.541,0.073,2.53320657143942e-235
"TMEM87A",1.01462747302055e-239,0.952053132321268,0.513,0.059,3.87831205287373e-235
"LCOR",1.32733340161646e-239,1.06177467605092,0.516,0.059,5.07359919433874e-235
"KDM6B",1.4016121704415e-239,1.49362465143352,0.473,0.042,5.35752236029561e-235
"ATP2B1",8.78915433483496e-239,1.70474351741529,0.467,0.04,3.35956635294731e-234
"PARD6B",3.62896811686351e-238,1.2895646412513,0.455,0.034,1.38713677298991e-233
"NCOR2",3.78194712295972e-238,2.46730054139273,0.437,0.029,1.44561146828012e-233
"RSBN1L",4.1060072465992e-238,0.987754624141286,0.569,0.085,1.56948020994008e-233
"ABCC3",4.43669142030371e-238,1.21886595936903,0.551,0.079,1.69588092849689e-233
"TMPRSS4",5.07762685619662e-238,0.856254568632788,0.554,0.079,1.9408720895126e-233
"IQGAP1",6.13028691334751e-238,0.79190718804732,0.652,0.127,2.34324086975795e-233
"PRPF38B",7.08885770504685e-238,0.917591471782062,0.584,0.093,2.70964496917711e-233
"TMEM41A",7.5423133013158e-238,1.22244900345225,0.453,0.034,2.88297383629495e-233
"JOSD1",8.64786167905118e-238,0.983287159127373,0.551,0.078,3.30555864820052e-233
"PMAIP1",1.1247146531294e-237,1.28331872863596,0.506,0.057,4.29910929012181e-233
"BMPR2",1.63136972743781e-237,4.02300950823998,0.382,0.007,6.23574764615828e-233
"CBX4",1.69562839648963e-237,1.09867953952042,0.486,0.048,6.48136998274196e-233
"JAK1",1.70416098987164e-237,0.840807735327532,0.57,0.084,6.51398496768535e-233
"F11R",1.75436006386638e-237,1.00009516820513,0.517,0.062,6.70586590812285e-233
"SNHG12",2.76109624021269e-237,1.46862869236099,0.493,0.053,1.0554014268589e-232
"ITGB1",3.56843407560542e-237,0.962608221402401,0.678,0.148,1.36399824105942e-232
"HBEGF",6.9588759210619e-237,1.42215759693308,0.477,0.045,2.6599607320667e-232
"ZNF800",8.46792559049985e-237,0.986159350139373,0.491,0.051,3.23677987771266e-232
"TIPARP",8.94614785852822e-237,1.47232770892705,0.453,0.035,3.41957555744383e-232
"C6orf62",1.47677986482071e-236,0.942804046506149,0.557,0.081,5.64484335529068e-232
"N4BP2L2",1.99270632041991e-236,0.840968065317133,0.663,0.131,7.61692063917305e-232
"TBL1XR1",2.6650451629578e-236,0.827273119888867,0.568,0.085,1.01868686308899e-231
"KDM2A",4.90877125352075e-236,0.821991357821059,0.525,0.065,1.87632872394577e-231
"UBE2H",7.27921606367099e-236,0.673895637805261,0.549,0.076,2.7824075481776e-231
"AKAP1",7.39073357424766e-236,1.39409837359924,0.501,0.057,2.82503400142043e-231
"FLNB",8.31946602704779e-236,0.932730539429433,0.55,0.078,3.18003269417875e-231
"OFD1",8.45774406551114e-236,1.1673341554383,0.503,0.057,3.23288809160098e-231
"CHD1",1.03567714759177e-235,0.666264487683838,0.563,0.083,3.95877232895477e-231
"TMEM165",1.16860157788441e-235,0.831158525284795,0.531,0.07,4.46686267130537e-231
"SRSF4",2.05663693157969e-235,0.620240866202004,0.611,0.106,7.8612890072702e-231
"C6orf132",2.14569614363061e-235,0.982765672002404,0.48,0.046,8.20170893941366e-231
"EPS8",3.03717881374431e-235,0.973311402882763,0.604,0.105,1.16093122976563e-230
"SEC63",7.59719927468262e-235,0.976168989711536,0.505,0.058,2.90395345075468e-230
"MLXIP",1.0251546241941e-234,0.888608374662599,0.561,0.084,3.91855103551954e-230
"FAM133B",1.06400189141487e-234,0.770383881123307,0.651,0.131,4.06704082974419e-230
"CD46",1.0715454623652e-234,0.627424759100992,0.674,0.139,4.09587537534475e-230
"MKNK2",1.7476010604719e-234,1.07926778388722,0.523,0.066,6.6800302935478e-230
"LAMP2",2.00480863410526e-234,0.884086660792893,0.486,0.05,7.66318052300394e-230
"DGKH",2.40670187236214e-234,1.55199260752119,0.461,0.04,9.19937723691703e-230
"ZBTB7A",8.53716626228215e-234,0.741094990608584,0.663,0.134,3.26324643209473e-229
"DST",2.68380468462566e-233,1.16591468230501,0.65,0.134,1.02585750265131e-228
"NR4A2",3.54777344642982e-233,1.57329463348313,0.462,0.041,1.35610092216333e-228
"PDP1",5.33221624734885e-233,1.26018396725309,0.448,0.034,2.03818633838663e-228
"HES1",6.38588803837309e-233,1.31619354151288,0.693,0.158,2.44094184378773e-228
"BTG1",6.5014826984569e-233,1.10264667617144,0.827,0.251,2.48512674665817e-228
"FUS",7.91579720212722e-233,0.999555467005836,0.77,0.209,3.02573432254111e-228
"ZKSCAN1",9.79534743162453e-233,0.9987674682593,0.615,0.113,3.74417360226416e-228
"NDFIP2",2.37361320773458e-232,0.85932070782139,0.495,0.054,9.07289912524466e-228
"CEP350",2.83157813831445e-232,1.19988977998985,0.459,0.04,1.08234242758932e-227
"FNTA",2.89292257712484e-232,1.76907713469004,0.426,0.026,1.1057907258802e-227
"ADD3",3.68200709371285e-232,0.788580484958553,0.555,0.081,1.4074103915008e-227
"CHD4",3.97725417677578e-232,0.674543977215555,0.635,0.119,1.52026563653078e-227
"ERO1A",4.66161112748268e-232,1.05456960921082,0.513,0.063,1.78185423736898e-227
"POLR2J3.1",6.20923852539525e-232,2.06371034385576,0.436,0.031,2.37341933394708e-227
"THOC2",7.17991469248826e-232,0.792949214057981,0.629,0.12,2.74445059205671e-227
"ZC3H12A",7.78971090280307e-232,1.31855062134614,0.473,0.046,2.97753909548745e-227
"SERINC5",7.95222541884616e-232,0.842295454602879,0.514,0.063,3.03965864409975e-227
"MLLT6",9.18720788642447e-232,0.957361784583795,0.523,0.067,3.51171834250689e-227
"CLCN3",1.32171781325623e-231,1.19855041408951,0.466,0.044,5.05213416939061e-227
"KDM5A",1.54108309864904e-231,0.853823846088039,0.518,0.065,5.89063603627611e-227
"PRDM2",1.70433287612786e-231,0.987133971804709,0.488,0.052,6.51464198571111e-227
"RB1CC1",1.70511877754011e-231,0.89606912028093,0.556,0.082,6.5176460152693e-227
"LPP",2.05059552500239e-231,0.764023866494383,0.558,0.084,7.83819633476913e-227
"CSNK1D",2.27700719492657e-231,0.625504565470646,0.554,0.081,8.7036323018873e-227
"PCMTD1",2.80742059875363e-231,0.855930442282734,0.523,0.068,1.07310844966759e-226
"ZBTB38",5.81615640341448e-231,0.886382231421868,0.597,0.103,2.22316762364115e-226
"OVOL1",7.29131679416136e-231,2.21218860670221,0.4,0.017,2.78703293140024e-226
"GATAD1",9.12202039137532e-231,0.807339775821014,0.493,0.053,3.4868010743993e-226
"LIMA1",9.18357929936894e-231,0.883389494861492,0.606,0.11,3.51033135139079e-226
"BRD4",9.21704786433182e-231,0.73457693177698,0.59,0.099,3.5231243756622e-226
"ZFAND2A",1.28419518111303e-230,1.28929746242704,0.517,0.067,4.90870766028643e-226
"RERE",2.02287778513465e-230,0.771834838469576,0.529,0.071,7.7322480458987e-226
"SPPL3",2.70290007837951e-230,1.79842647946541,0.421,0.025,1.03315652595978e-225
"SQLE",4.79943188647713e-230,1.53300963355056,0.53,0.077,1.83453484428702e-225
"NIPBL",4.83962624849988e-230,0.789691985486057,0.572,0.093,1.84989873722659e-225
"TRIM56",5.72959438842237e-230,1.01612463099999,0.497,0.057,2.19008015903057e-225
"WIPF2",5.94150889508513e-230,1.63260301674734,0.42,0.025,2.27108236005734e-225
"PLXNB2",6.4169052581772e-230,1.02940071654501,0.503,0.061,2.45279786588565e-225
"ADNP",7.54533975098886e-230,0.639847322201786,0.509,0.062,2.88413066641798e-225
"CELF1",1.35856397490629e-229,0.931661028254364,0.506,0.061,5.19297493768182e-225
"TRA2B",1.60241012144248e-229,0.872138696338898,0.642,0.128,6.12505244820175e-225
"BAZ2A",1.81564894202673e-229,0.692178823886939,0.519,0.067,6.94013651600298e-225
"AGO2",2.25094150100105e-229,0.906622481466407,0.53,0.072,8.60399879342641e-225
"STX16",2.83649673368335e-229,0.931766971770869,0.514,0.065,1.08422251148312e-224
"H1F0",3.27448361555144e-229,1.11359697674039,0.582,0.098,1.25163861720838e-224
"TNRC6B",4.20263605481009e-229,0.749276258444284,0.535,0.074,1.60641560559061e-224
"TRIP11",4.39306299267682e-229,1.59126729713226,0.442,0.035,1.67920439832079e-224
"APLP2",5.8738807892422e-229,0.92017176265625,0.613,0.118,2.24523219287994e-224
"SETD5",6.47270327425957e-229,1.02936975741766,0.461,0.042,2.47412609955298e-224
"SEC31A",1.12335807486407e-228,0.706658960377891,0.518,0.067,4.29392390536043e-224
"YTHDC1",1.4545322640614e-228,0.670563284119008,0.581,0.095,5.55980412614829e-224
"DNAJB1",1.58967704495861e-228,1.14655704251413,0.837,0.283,6.07638153664978e-224
"PPP1R12A",1.96593094314082e-228,0.919253638035214,0.527,0.071,7.51457443706148e-224
"DYNC1LI2",2.36898965777046e-228,0.637436123174595,0.532,0.072,9.0552260678618e-224
"RYBP",2.37194725307114e-228,1.04206290329173,0.455,0.039,9.06653118013913e-224
"LARP4",3.1310228632881e-228,0.866598395851151,0.469,0.045,1.19680217926324e-223
"PRSS8",5.82591575370132e-228,0.866806601921358,0.588,0.103,2.22689803769479e-223
"MPHOSPH8",6.13876469604683e-228,0.687233734249255,0.638,0.125,2.34648141741694e-223
"EPC1",6.21716324141953e-228,0.935296280490711,0.517,0.067,2.3764484774002e-223
"RNF149",1.32128647707242e-227,1.05294323041216,0.472,0.047,5.05048542996162e-223
"GDF15",1.36446385873524e-227,1.42305302861093,0.642,0.146,5.21552665362958e-223
"TOR1AIP2",1.52738966965079e-227,0.682559088738275,0.518,0.067,5.83829427327317e-223
"IRF2BP2",1.69523662000251e-227,0.922819151104198,0.635,0.126,6.47987245629758e-223
"USP15",1.98531634519897e-227,0.698347022937375,0.526,0.071,7.58867319788856e-223
"RSRC2",2.38600932445678e-227,0.650549959751499,0.692,0.157,9.12028204180359e-223
"SRSF10",2.8641706585469e-227,0.89310219219117,0.658,0.139,1.09480059252297e-222
"ELF1",4.19442819643041e-227,0.585219840414067,0.566,0.089,1.60327823380356e-222
"MSI2",9.79679581384673e-227,0.782709020559551,0.548,0.082,3.74472723188478e-222
"TOB2",1.18978622949896e-226,1.03227581029427,0.484,0.054,4.54783888363682e-222
"SERINC3",1.65611511492577e-226,0.616594502900497,0.53,0.073,6.33033441529228e-222
"HMGCS1",1.98455244875391e-226,1.12844492412146,0.548,0.085,7.58575328011694e-222
"MIA3",2.4831717798142e-226,1.05862338910107,0.491,0.057,9.49167581116181e-222
"CHORDC1",3.48260714824399e-226,0.908299474560512,0.521,0.07,1.33119175634478e-221
"SP3",4.22689221624699e-226,0.828302547316452,0.47,0.046,1.61568728073825e-221
"TRIM31",6.66037078501659e-226,1.63662288541096,0.496,0.062,2.54586012886474e-221
"SON",1.03647062147068e-225,0.808450476872731,0.768,0.202,3.96180530350954e-221
"NEMF",3.20038525406103e-225,0.886459675745834,0.484,0.054,1.22331525951229e-220
"AFDN",3.87948319034999e-225,0.683365223033832,0.602,0.108,1.48289365467938e-220
"SHROOM3",4.62074572585383e-225,1.02819282937162,0.514,0.068,1.76623384625037e-220
"PRRC2C",5.35490973361997e-225,0.871624412858102,0.772,0.213,2.0468606965789e-220
"GGNBP2",6.60229110782826e-225,0.730786689259659,0.545,0.08,2.52365975305627e-220
"SERPINH1",7.06884205281102e-225,1.30832341320514,0.485,0.055,2.70199418626648e-220
"RBM47",1.28689654258056e-224,0.85829672793929,0.518,0.069,4.91903334435994e-220
"SPG7",1.36357198331541e-224,0.964213332153992,0.495,0.059,5.21211754902484e-220
"NCOR1",1.61782532035817e-224,0.64845315676223,0.548,0.083,6.18397550453706e-220
"DYRK2",1.70727010848614e-224,0.692729049053776,0.487,0.055,6.52586926267743e-220
"CGN",1.87722444572631e-224,1.49860730300276,0.43,0.032,7.17550272134424e-220
"SUN1",2.13031254874857e-224,1.15608127150183,0.498,0.061,8.14290668633652e-220
"USP34",2.54522896941077e-224,0.862021737760995,0.505,0.064,9.72888321267571e-220
"NUTM2B-AS1",5.12331601083757e-224,1.05778484204709,0.451,0.04,1.95833631198255e-219
"ITGA6",6.34236837882861e-224,0.884458824856602,0.636,0.133,2.42430688912345e-219
"ZBTB43",6.83206830576477e-224,1.61408852106065,0.426,0.031,2.61148978919552e-219
"SLC35A3",1.36228455308936e-223,1.01491120680673,0.484,0.055,5.20719647572878e-219
"ZFHX3",1.51775221788284e-223,1.15142423534709,0.464,0.046,5.80145607763536e-219
"DSG2",1.52123166253046e-223,0.88611623951942,0.603,0.115,5.81475590685643e-219
"DEDD2",1.78459829217716e-223,0.63473556040284,0.483,0.053,6.82144851201799e-219
"SLC44A4",2.08019289786532e-223,0.858514543578567,0.552,0.088,7.9513293328004e-219
"GOLGA2",2.25175634972329e-223,0.725164227641571,0.513,0.068,8.60711347118229e-219
"DUSP6",3.69515136832942e-223,1.0487538505623,0.506,0.066,1.41243465903024e-218
"CSNK1E",4.09025625309497e-223,0.680189485979602,0.484,0.055,1.56345955018302e-218
"XBP1",1.05649941578444e-222,0.788107720422833,0.672,0.149,4.03836336689443e-218
"CNOT4",1.0816963283905e-222,1.08822184910006,0.447,0.039,4.13467604563983e-218
"EPHA2",1.30622341690657e-222,1.16621696583371,0.451,0.041,4.99290838878368e-218
"FOXP1",1.34545615710408e-222,0.871305102464434,0.557,0.09,5.14287161491462e-218
"QSOX1",1.49707887160974e-222,1.17809000133313,0.493,0.061,5.72243427884106e-218
"EP300",1.71075994571647e-222,1.02885336165867,0.452,0.042,6.53920881650665e-218
"APP",1.89926966591684e-222,0.854546916458699,0.646,0.139,7.25976837100052e-218
"CLSTN1",2.39172203716522e-222,1.01519144118054,0.474,0.051,9.14211831486032e-218
"DHX36",2.93893540128585e-222,0.845547179311325,0.574,0.097,1.1233786677875e-217
"SOWAHC",3.27321088404103e-222,0.906742966616544,0.449,0.04,1.25115212831584e-217
"DDR1",3.57436959154302e-222,0.719305031416818,0.494,0.06,1.3662670326714e-217
"SUCO",4.08945871032433e-222,1.35865519333534,0.419,0.028,1.56315469743437e-217
"GCC2",4.10736577923749e-222,0.790711418346173,0.695,0.163,1.56999949545574e-217
"UGCG",4.21595561801519e-222,1.39294004034185,0.416,0.027,1.61150687543013e-217
"ITGA2",4.4244899169759e-222,1.16427215942153,0.469,0.05,1.69121702586487e-217
"GLG1",4.53565337121717e-222,0.656981140162089,0.512,0.068,1.73370814461405e-217
"SCAF11",6.92071803400417e-222,0.770573731521128,0.669,0.147,2.64537526131775e-217
"YPEL5",1.18967112482194e-221,0.960135194395794,0.529,0.076,4.54739890751938e-217
"GPBP1L1",1.24740352490286e-221,0.857728298453078,0.515,0.069,4.7680752335887e-217
"SETX",1.36820811895116e-221,0.840825079462895,0.502,0.064,5.22983871387891e-217
"NET1",1.42529034528623e-221,0.70133973867894,0.566,0.093,5.4480298158221e-217
"ZNF148",1.79373484009338e-221,0.672813579229636,0.465,0.047,6.85637205277294e-217
"RNF19A",1.87802796623521e-221,0.95394508487854,0.519,0.072,7.17857409813746e-217
"EFCAB14",1.8881785372382e-221,0.675330925645405,0.524,0.073,7.21737364073929e-217
"SLC3A2",1.91924846572177e-221,0.84393648831706,0.629,0.127,7.33613533537491e-217
"USP8",2.68756409807687e-221,1.00741591623785,0.483,0.056,1.0272945008489e-216
"MED13L",8.79482722459344e-221,1.43000497232235,0.428,0.033,3.36173475832859e-216
"DUSP8",1.42354717252367e-220,1.26736769612732,0.428,0.033,5.44136671225449e-216
"RHPN2",3.35969703754296e-220,1.07437837071644,0.426,0.032,1.28421059563042e-215
"DNAJA4",3.5442800137374e-220,1.27097032939739,0.427,0.032,1.35476559245098e-215
"CERS6",3.64826121228951e-220,0.964922895828757,0.487,0.059,1.39451136578554e-215
"SLTM",4.6974243964854e-220,0.622342237193492,0.577,0.098,1.79554350131258e-215
"DGAT1",5.22141303289489e-220,1.00809858909095,0.565,0.096,1.99583291769374e-215
"ARIH1",6.68457355099076e-220,1.24913729284731,0.445,0.04,2.55511139413071e-215
"OGA",7.13804811326695e-220,0.993269071152811,0.503,0.065,2.72844751081516e-215
"DDX6",8.63559322114182e-220,0.476199762929979,0.552,0.086,3.30086915284925e-215
"SPINT1",9.22107231879294e-220,0.858957018120962,0.617,0.123,3.52466268313541e-215
"XPO1",1.11681958946287e-219,0.768674307357195,0.53,0.078,4.26893119876287e-215
"CFLAR",1.17349285630224e-219,0.769749022220016,0.578,0.1,4.48555909392967e-215
"ARL5B",1.25442050707577e-219,1.38566448500256,0.424,0.032,4.79489694624642e-215
"TRAF4",1.35604714792382e-219,0.719540995648791,0.514,0.07,5.183354618224e-215
"ABI1",1.68147490095213e-219,1.07406979320247,0.451,0.043,6.42726966139942e-215
"ZNF326",1.69627327295333e-219,0.74313615736473,0.501,0.064,6.4838349585368e-215
"RAB21",3.83094214684493e-219,0.557432005181279,0.506,0.066,1.46433932621001e-214
"RBM39",4.16945219161875e-219,1.05305746965496,0.793,0.243,1.59373140572435e-214
"CALU",4.19126747851603e-219,0.667640276477811,0.486,0.058,1.60207008098797e-214
"PRRC2B",4.98552511793136e-219,0.664217488275713,0.51,0.068,1.90566712107808e-214
"PNN",6.27835242217968e-219,0.766202413085137,0.64,0.134,2.39983742985396e-214
"ACSL3",7.18890592145035e-219,1.03183606872598,0.469,0.052,2.74788739941518e-214
"RBM6",7.56747903504376e-219,0.989022128299937,0.501,0.066,2.89259318635512e-214
"SRGAP1",8.11263597820773e-219,2.08262495562448,0.4,0.023,3.10097397631012e-214
"USP9X",8.52748258464678e-219,0.799733957036892,0.472,0.052,3.25954494315538e-214
"KPNA4",8.94541151845783e-219,0.491946527736173,0.524,0.074,3.41929409881532e-214
"GADD45A",9.63940791389662e-219,0.915797423927531,0.518,0.072,3.68456728100785e-214
"HIST1H2AC",9.9144435506752e-219,1.56180905232635,0.447,0.042,3.78969690281009e-214
"YIPF6",1.51471066792891e-218,1.20350176606042,0.43,0.036,5.78983005709148e-214
"FAM102A",1.72823326508698e-218,1.20578666117587,0.451,0.044,6.60599883246845e-214
"AKIRIN1",1.81653826890824e-218,0.827433424978342,0.493,0.061,6.94353587907485e-214
"UBQLN1",1.95510290036743e-218,0.685081831849548,0.49,0.059,7.47318532636447e-214
"IST1",1.97548241147474e-218,0.715052505874273,0.515,0.072,7.55108396962103e-214
"YIPF4",2.00686198480659e-218,0.792387127065495,0.474,0.054,7.67102925072471e-214
"NFE2L2",2.4267726732956e-218,0.597356438124242,0.605,0.113,9.27609586640512e-214
"HNRNPUL1",2.8235998132072e-218,0.614757449677752,0.566,0.096,1.07929279260032e-213
"CITED2",3.27284826025853e-218,1.72918680652621,0.421,0.032,1.25101351900122e-213
"RNF213",3.29458611709056e-218,0.857155255227123,0.614,0.122,1.2593225973967e-213
"REST",4.48595247247208e-218,0.946543131970683,0.458,0.046,1.71471047307773e-213
"TUT7",4.67824671171678e-218,0.947041049889712,0.462,0.049,1.78821302308662e-213
"KIF16B",5.2177967784611e-218,1.01892659581529,0.452,0.044,1.99445064059897e-213
"DSP",6.22370833769003e-218,1.09531124828581,0.718,0.194,2.37895027499864e-213
"SLC25A36",6.63085196616005e-218,1.00810398984469,0.47,0.053,2.53457685554502e-213
"TOX3",6.85944717482081e-218,1.12262802496414,0.435,0.037,2.62195508810351e-213
"LAMB3",7.75712363543026e-218,1.2422608543126,0.502,0.068,2.96508293840686e-213
"PURB",8.41389193263621e-218,1.03205667945427,0.495,0.063,3.21612605233086e-213
"SECISBP2",1.00220651871859e-217,0.685071079888056,0.516,0.072,3.83083419714995e-213
"CUL3",1.51867365746264e-217,0.605694277850556,0.513,0.069,5.80497818828519e-213
"FRYL",1.53417914823539e-217,1.07735440949207,0.478,0.056,5.86424637621495e-213
"AC245297.3",1.73361963613634e-217,1.49658869374055,0.418,0.031,6.62658769716756e-213
"ZNF644",2.26325893892123e-217,0.820858038579099,0.473,0.053,8.65108096813251e-213
"TAPBP",2.3217036387779e-217,0.676233838885917,0.625,0.126,8.87447998886463e-213
"HSPH1",2.37225514733946e-217,1.12361122818154,0.79,0.247,9.06770807519034e-213
"PTPRA",2.6085459456015e-217,0.821509141872023,0.484,0.058,9.97090602246716e-213
"IWS1",3.23246097058323e-217,0.557982010975492,0.501,0.065,1.23557588139573e-212
"RASEF",4.09127843777528e-217,0.690353938117744,0.512,0.071,1.56385027005522e-212
"SLK",4.72276821357248e-217,0.824029212032808,0.519,0.074,1.80523092195595e-212
"ZBTB10",5.89896067821264e-217,1.39819538668192,0.437,0.039,2.25481872964e-212
"BCL10",5.92577647010211e-217,0.73385532670247,0.526,0.077,2.26506879793183e-212
"SCAMP4",6.66923668006418e-217,0.919282163129005,0.433,0.037,2.54924902858773e-212
"ACAP2",6.87520664085258e-217,0.873736909336322,0.472,0.053,2.62797898639949e-212
"ZNF91",9.00715823846667e-217,1.00224770900707,0.489,0.061,3.4428961650715e-212
"FNIP1",1.09336045721425e-216,1.22014099804181,0.429,0.036,4.17926101165573e-212
"RREB1",1.25399257444451e-216,1.06105908752647,0.432,0.036,4.79326121655668e-212
"ARHGAP32",1.34547509758979e-216,0.694652304789828,0.479,0.056,5.14294401302723e-212
"BAIAP2L1",3.32446219905333e-216,0.607233662867746,0.505,0.068,1.27074243096615e-211
"CLDN4",3.80129939628028e-216,1.24649149499151,0.858,0.411,1.45300868123417e-211
"SAFB2",4.13826875772818e-216,0.845464344391161,0.476,0.056,1.58181184995402e-211
"TMEM41B",5.21659298834985e-216,1.53361814284142,0.408,0.028,1.99399050386685e-211
"INO80D",5.42670227276561e-216,1.12564785590115,0.439,0.04,2.07430267674193e-211
"TPR",6.33069069388067e-216,0.627890339795909,0.613,0.12,2.41984321082895e-211
"BAZ1A",7.44027847016396e-216,0.734025809591308,0.517,0.074,2.84397204243547e-211
"IVNS1ABP",1.09472269766357e-215,0.605565716449176,0.539,0.084,4.18446803954924e-211
"COQ10B",1.20387805038235e-215,0.780212151733666,0.442,0.041,4.60170345978149e-211
"SREK1",1.42776159528437e-215,0.738904423170213,0.501,0.067,5.45747592181499e-211
"RANBP2",1.68776629294415e-215,0.695440771140153,0.52,0.076,6.45131787814971e-211
"PLEKHB2",3.27255055912085e-215,0.722457508898358,0.541,0.084,1.25089972571835e-210
"SDC1",3.42831285593859e-215,0.729272803893666,0.467,0.052,1.31043830605397e-210
"TAOK3",3.63452136019668e-215,0.85422897619405,0.511,0.072,1.38925944472158e-210
"PPIG",4.15244948196464e-215,0.630740554704166,0.622,0.127,1.58723228998616e-210
"CCDC47",4.57565687553783e-215,0.707933593914279,0.497,0.066,1.74899908410558e-210
"KTN1",4.70721152667966e-215,0.81744418853833,0.689,0.169,1.79928453395803e-210
"RIF1",5.69545157323159e-215,0.716985882467272,0.529,0.08,2.17702940935204e-210
"HELZ2",7.69454006117039e-215,1.40164244866482,0.417,0.032,2.94116099298177e-210
"LEPROT",9.20124917897824e-215,1.09026286491975,0.427,0.036,3.51708548617264e-210
"TGOLN2",1.04398254406545e-214,0.526916867872546,0.625,0.127,3.99051887643576e-210
"PCSK7",1.29014549313779e-214,0.915319217079178,0.499,0.068,4.93145213296988e-210
"BRWD1",1.56331069000084e-214,0.927277653739321,0.463,0.051,5.97559878145922e-210
"RRBP1",1.70610371108078e-214,1.1700041656514,0.791,0.274,6.52141082523518e-210
"PHF3",1.83370632974021e-214,0.652805943141137,0.525,0.077,7.00915907479899e-210
"MKRN1",1.98868415863256e-214,0.396346918154545,0.523,0.078,7.60154632795711e-210
"ANKRD10",2.39848683794259e-214,0.550212958092662,0.526,0.079,9.16797608935174e-210
"UBA6",2.39957962032167e-214,0.722125021861878,0.455,0.047,9.17215314071755e-210
"DDIT3",2.52429095625296e-214,0.97172772592394,0.54,0.085,9.6488497511813e-210
"PRPF4B",3.4344293536074e-214,0.59607894105964,0.677,0.152,1.31277627612289e-209
"SLC16A3",6.14638910880925e-214,0.8164448773771,0.495,0.065,2.34939577295125e-209
"SLC44A1",7.3451210279038e-214,0.875944682156917,0.518,0.077,2.80759906170595e-209
"VEZT",8.17530558026938e-214,1.57461411271986,0.411,0.03,3.12492880500217e-209
"IGF2R",8.25017149599364e-214,0.872781539882374,0.434,0.04,3.15354555262861e-209
"NUDT4",9.27214858428024e-214,0.622259073381789,0.592,0.11,3.54418607485528e-209
"YTHDF2",1.19597164614244e-213,0.564916563627546,0.514,0.074,4.57148202021485e-209
"CMTM6",1.32172550220274e-213,0.851806631599909,0.468,0.055,5.05216355961977e-209
"ATP1B1",1.45217143158137e-213,0.805846811906243,0.702,0.179,5.55078008007665e-209
"LRP1",1.45403552046562e-213,1.46489263359628,0.398,0.025,5.55790537342778e-209
"EMC10",1.56086073741607e-213,0.701071650984116,0.519,0.077,5.96623408269919e-209
"ZNF217",2.3118386546482e-213,0.639739368226878,0.494,0.065,8.83677207352727e-209
"DDX24",2.35166935045536e-213,0.565442331012672,0.646,0.139,8.98902092518056e-209
"RNMT",3.43910220919621e-213,0.522381559749535,0.508,0.071,1.31456242844316e-208
"TMC6",3.84194928739227e-213,0.66794767630876,0.466,0.053,1.46854669561282e-208
"RBM33",5.39631831023865e-213,1.00882403429695,0.474,0.057,2.06268871090562e-208
"TAOK1",5.55214039054419e-213,0.864889269402993,0.444,0.043,2.12225014288161e-208
"ITPR3",5.67172729287416e-213,0.893325442164076,0.468,0.054,2.16796104042822e-208
"C16orf72",6.6730141149323e-213,1.16647675691152,0.415,0.031,2.55069291529172e-208
"CUX1",7.52819871338472e-213,0.712982793883966,0.564,0.099,2.87757867620417e-208
"ADAR",8.09117649794976e-213,0.546065523458986,0.524,0.078,3.09277130457632e-208
"TRIM44",9.19916904264139e-213,0.835383988119606,0.528,0.081,3.51629037485925e-208
"CKAP4",1.0789056939652e-212,0.807995044233494,0.448,0.046,4.12400912461258e-208
"FAT1",1.12088444880335e-212,0.961939812485087,0.487,0.064,4.28446871710593e-208
"DLG1",1.34595648176753e-212,0.780411813358963,0.457,0.049,5.14478405590820e-208
"RALGDS",1.45112905391999e-212,1.10355769817463,0.441,0.043,5.54679569570376e-208
"PPP1R2",1.45878873101096e-212,0.556638357784174,0.529,0.081,5.57607404541629e-208
"B4GALT5",1.60495597779349e-212,1.37474839261878,0.401,0.027,6.13478372951782e-208
"MDM4",1.88566669320679e-212,1.06010167940754,0.438,0.042,7.20777236811364e-208
"TNFRSF21",2.97970841113871e-212,1.1762059868632,0.412,0.031,1.13896374307366e-207
"CD164",3.66167397233239e-212,0.649766259311623,0.677,0.16,1.39963825918433e-207
"SRSF11",4.74882620485372e-212,0.65396512326288,0.649,0.142,1.81519132854328e-207
"SIRT7",6.75033073640897e-212,0.82156909437706,0.475,0.059,2.58024642068497e-207
"PPP4R2",8.28636449749539e-212,0.590934583803824,0.499,0.068,3.16737996552264e-207
"PCF11",9.45341267586998e-212,1.14503208378047,0.443,0.044,3.61347246122454e-207
"LBR",1.12571052536569e-211,0.836392953142255,0.493,0.067,4.3029159121578e-207
"PPP4R3A",1.68482227656317e-211,1.03599932551565,0.461,0.053,6.44006466993505e-207
"CHMP1B",1.90513305259975e-211,0.777913031786052,0.472,0.057,7.28218058025728e-207
"NAMPT",2.10141045206234e-211,0.536136310214193,0.603,0.116,8.0324313119631e-207
"PPP1CA",2.11346120718119e-211,0.970773031247017,0.638,0.143,8.07849411832937e-207
"MBNL1",2.11658917961411e-211,0.622066157663899,0.568,0.1,8.09045048015699e-207
"UGP2",2.25148104306645e-211,0.742599560607596,0.541,0.087,8.60606113901721e-207
"ACSS2",2.7523872918215e-211,0.946955840224305,0.457,0.05,1.05207251842585e-206
"ADGRE5",3.00637057482753e-211,0.534883537214824,0.546,0.09,1.14915508852208e-206
"B3GNT5",3.34926833583491e-211,1.67042717717327,0.391,0.023,1.28022432868954e-206
"FAM13A",3.75207881615663e-211,1.59925898238984,0.405,0.029,1.43419460668771e-206
"CREBZF",3.98696527748608e-211,1.07086810574546,0.451,0.048,1.52397760766628e-206
"TMPRSS2",4.66444868172372e-211,0.650870305599094,0.526,0.082,1.78293886410207e-206
"TXNIP",5.07274745469474e-211,1.18612895924876,0.685,0.176,1.93900698708252e-206
"CCNL2",5.41538534004111e-211,0.751485085537022,0.538,0.087,2.06997689237732e-206
"SFT2D2",6.28804665547024e-211,1.00291563478076,0.411,0.031,2.40354295358695e-206
"TINAGL1",6.52651810088854e-211,0.601480169857036,0.528,0.082,2.49469627888364e-206
"ERP44",1.02719153538577e-210,0.472708165553053,0.498,0.068,3.92633692485858e-206
"SORL1",1.18059410076204e-210,1.16655392779254,0.443,0.045,4.51270289075283e-206
"BICDL2",1.2286113927367e-210,0.885484288416674,0.47,0.057,4.69624418759676e-206
"RNF13",2.22545775490195e-210,1.03727009507896,0.409,0.031,8.50658972233721e-206
"STT3B",2.25203595019971e-210,0.902279510764709,0.445,0.046,8.60818221604337e-206
"B4GALT1",2.60243235547213e-210,0.610779138492998,0.465,0.054,9.94753743555666e-206
"TENT5A",2.68839771590091e-210,1.83344360945683,0.423,0.038,1.02761314292596e-205
"DERL1",2.79992974433556e-210,0.777494445298052,0.474,0.059,1.07024514547482e-205
"EIF4G3",2.91010274528326e-210,0.527999030225012,0.495,0.067,1.11235767335707e-205
"UBR5",3.07894366028086e-210,0.673661553769176,0.481,0.061,1.17689542470576e-205
"EIF3A",3.97287724486455e-210,0.778654586972964,0.701,0.178,1.51859259807703e-205
"HECTD1",4.39600901473293e-210,0.843573540052825,0.469,0.056,1.68033048579151e-205
"YWHAG",4.89223526420402e-210,0.490239790552837,0.537,0.086,1.87000800738935e-205
"SRSF6",5.03478617031494e-210,0.478896693729651,0.549,0.092,1.92449666574118e-205
"COPA",5.63089001286376e-210,0.423915456292522,0.537,0.086,2.15235139851704e-205
"CDK9",5.67953995542846e-210,3.90733216390162,0.344,0.006,2.17094735256298e-205
"ARHGAP27",5.81345719996268e-210,1.19524745367352,0.437,0.043,2.22213588011373e-205
"TRAM1",6.35532195209817e-210,0.736887485380787,0.541,0.089,2.42925826297e-205
"KHDC4",7.11701896848492e-210,1.54744640295656,0.417,0.035,2.72040933051368e-205
"NFE2L3",7.8676928118347e-210,1.20104011476023,0.422,0.037,3.0073469003957e-205
"RBM26",8.53103684593547e-210,0.529185474126064,0.493,0.066,3.26090352399037e-205
"FURIN",8.78299746230386e-210,2.59023709511588,0.374,0.018,3.35721294999103e-205
"GON4L",1.08973408171561e-209,0.973241650500205,0.45,0.049,4.16539955394974e-205
"ROCK2",1.10178991213599e-209,0.610353397086686,0.579,0.108,4.2114817601486e-205
"COX19",1.14602519473344e-209,0.674555212230482,0.499,0.069,4.38056670434912e-205
"NCKAP1",1.4852944535909e-209,0.309196166619028,0.502,0.07,5.67738951940587e-205
"OCLN",1.52932045260881e-209,1.22880982379297,0.4,0.027,5.84567449805192e-205
"CLIP1",1.54778939390752e-209,0.84148177238947,0.455,0.05,5.91627017927209e-205
"YY1",1.55855955358882e-209,0.479390136550819,0.622,0.128,5.9574380376379e-205
"CDCP1",1.58950998178501e-209,0.838895320187422,0.436,0.042,6.07574295437503e-205
"PRKAR1A",2.18369841071277e-209,0.451314354648307,0.482,0.061,8.34696880510849e-205
"C1GALT1",2.27273016951516e-209,1.01465379340081,0.423,0.037,8.68728379995474e-205
"PATJ",2.47914482966468e-209,0.719964087873642,0.473,0.058,9.47628319691028e-205
"PURA",3.23200356501779e-209,0.75915753797246,0.453,0.049,1.2354010426924e-204
"BBX",3.52372135955404e-209,0.768856674974861,0.477,0.06,1.34690725247594e-204
"DNAJC3",3.58784860016916e-209,0.298918027665739,0.476,0.059,1.37141924892866e-204
"PTTG1IP",4.62877583741907e-209,0.683026852000196,0.596,0.116,1.76930327609506e-204
"SUPT6H",5.73033801003499e-209,1.16967783592302,0.426,0.039,2.19036440095577e-204
"DSC2",7.04539413548663e-209,0.973672870145397,0.458,0.053,2.69303145434841e-204
"TUBB2A",7.42947198786698e-209,1.23194788398706,0.452,0.05,2.83984137264227e-204
"PTBP3",9.46634728149065e-209,0.603120862585486,0.682,0.16,3.61841658487699e-204
"PPP2R2A",1.05150668648877e-208,0.599141567895608,0.48,0.061,4.01927915843468e-204
"GPCPD1",1.27946938151916e-208,1.19912585061343,0.512,0.081,4.89064376391884e-204
"NF1",1.37648805625749e-208,0.853943872653682,0.446,0.047,5.26148794623861e-204
"CDKN2AIP",1.56542694022413e-208,1.25318649862525,0.42,0.036,5.98368793631272e-204
"POR",1.99487072554339e-208,0.768756655680704,0.478,0.061,7.62519386131705e-204
"LPGAT1",2.17954383284587e-208,0.716903911765139,0.46,0.053,8.33108834667004e-204
"BAG3",2.51452721339683e-208,0.966437330438449,0.476,0.061,9.61152882048805e-204
"USP16",2.541767654812e-208,0.715727250241974,0.49,0.065,9.71565268375337e-204
"BBC3",2.56674166246158e-208,1.26859479444993,0.425,0.039,9.81111333059316e-204
"CYTH2",3.10152152664856e-208,0.874757830983779,0.442,0.046,1.18552558834615e-203
"TAF1D",3.78598147213656e-208,0.809760596401149,0.771,0.221,1.44715355790948e-203
"GALNT7",3.95917377125143e-208,0.847194130702533,0.428,0.04,1.51335458232315e-203
"IGF2BP2",3.96138041334827e-208,0.722663476661992,0.484,0.063,1.51419804919824e-203
"PDCD6IP",4.31646745368177e-208,0.448630525527877,0.495,0.068,1.64992651949532e-203
"LLGL2",5.18182711475272e-208,0.823193114989598,0.692,0.17,1.98070159634308e-203
"SCNN1A",5.43071424483668e-208,0.86383341769035,0.562,0.104,2.07583621294637e-203
"SMARCC2",5.65005820827844e-208,0.451982075565256,0.465,0.055,2.15967824953235e-203
"SAMD4B",6.74548505043152e-208,0.765501715875128,0.425,0.039,2.57839420567694e-203
"WDR33",8.72037208863147e-208,0.817621131030031,0.459,0.053,3.33327502715849e-203
"ZDHHC5",8.97721973668662e-208,1.49179481565291,0.424,0.039,3.43145247215109e-203
"PDLIM5",9.29866969266058e-208,0.689792644266067,0.477,0.061,3.55432350332258e-203
"WIPI2",1.0027788734032e-207,0.555524376200014,0.488,0.064,3.83302196569638e-203
"TM9SF3",1.4711538328025e-207,0.763581447888357,0.653,0.152,5.62333841050428e-203
"TMEM259",1.65023151055381e-207,0.670365289741424,0.551,0.095,6.30784492594087e-203
"GRB7",1.79455670501747e-207,1.36923375188923,0.398,0.028,6.85951354925879e-203
"TMEM45B",2.01927830891441e-207,0.819184940160877,0.482,0.064,7.71848940799444e-203
"PRPF38A",2.27112762931531e-207,0.946293017854992,0.436,0.044,8.68115825029486e-203
"OSBPL2",2.29558562421857e-207,0.49426009794597,0.504,0.072,8.77464649001307e-203
"PLOD3",2.63152444235825e-207,0.550274007701194,0.495,0.069,1.00587390284702e-202
"GPR35",2.94067415981793e-207,0.803019720834052,0.447,0.049,1.12404329084881e-202
"THRAP3",3.05260349438849e-207,0.587971236670791,0.59,0.114,1.16682715969506e-202
"SURF4",3.17331355108355e-207,0.368344485165139,0.552,0.095,1.21296737176618e-202
"CD47",3.21406012749992e-207,0.689750339070808,0.523,0.084,1.22854234313557e-202
"CDH17",3.29968877861792e-207,1.21894540585159,0.501,0.076,1.26127303873891e-202
"TMBIM4",3.63873718080837e-207,0.558690811409963,0.566,0.103,1.39087089999219e-202
"TCERG1",4.27520320516121e-207,0.62617519552254,0.476,0.06,1.63415367314082e-202
"WNK1",4.63432341026597e-207,0.780870306618971,0.486,0.065,1.77142378034006e-202
"MKLN1",6.17278881796534e-207,0.761088900288442,0.447,0.048,2.35948679777907e-202
"SLC2A1",6.98602434127518e-207,0.757415932945243,0.425,0.039,2.67033794420902e-202
"EBLN3P",8.12737345670569e-207,0.903987053772468,0.456,0.052,3.10660723009118e-202
"TMED10",8.58328646021635e-207,0.586286795112324,0.542,0.092,3.2808754165531e-202
"TUFT1",1.12078964927458e-206,1.64717910225877,0.38,0.021,4.28410635538717e-202
"TRIM8",1.30511814328961e-206,1.21078849312949,0.407,0.032,4.9886835909102e-202
"HCG18",2.00375272282451e-206,1.71835132348335,0.389,0.025,7.65914440772442e-202
"C6orf89",2.18769614162852e-206,1.08143229434114,0.396,0.027,8.36224973176085e-202
"PPHLN1",2.26177052721614e-206,0.508877740468002,0.488,0.065,8.64539166323097e-202
"PTPN12",2.47416936973494e-206,0.592323775967322,0.474,0.059,9.45726499887483e-202
"IDI1",2.77692413576771e-206,0.710180658080465,0.513,0.079,1.06145148165585e-201
"LTBR",2.85071417275592e-206,0.409354209910444,0.537,0.089,1.08965698539422e-201
"DAZAP2",3.03324386221069e-206,0.586524103904159,0.633,0.137,1.15942713389141e-201
"MARCH7",3.43908480895915e-206,0.826962061406364,0.435,0.043,1.31455577737654e-201
"BCLAF1",6.17807203510964e-206,0.478834926236791,0.628,0.135,2.36150625470031e-201
"ABHD17C",8.82090808718659e-206,0.631457363867028,0.472,0.059,3.3717039072462e-201
"TMEM248",9.6808370075345e-206,0.710739093692329,0.488,0.068,3.70040313775999e-201
"SLC35E1",1.04298999476613e-205,1.01735982764589,0.418,0.037,3.98672495599404e-201
"MSL1",1.06542114040659e-205,0.844618373208221,0.437,0.044,4.07246576709016e-201
"ZC3H13",1.20498558676877e-205,0.419178693516192,0.54,0.09,4.60593690686495e-201
"ATP6AP1",1.24915708630743e-205,0.452719660968763,0.505,0.074,4.77477804670152e-201
"ARHGAP21",1.2508301740002e-205,1.25407789366967,0.425,0.04,4.78117325709837e-201
"ZNF638",1.33427364369893e-205,0.78044761393517,0.476,0.063,5.10012757567479e-201
"SDF4",1.43994684603807e-205,0.537961383272411,0.522,0.082,5.50405282429592e-201
"DAAM1",1.50105870302306e-205,1.0750086977601,0.413,0.035,5.73764678643534e-201
"CTDSP2",2.17265867456934e-205,0.738255341574208,0.454,0.052,8.30477051767384e-201
"OS9",2.37815244047767e-205,0.457820920706314,0.539,0.09,9.09024988848184e-201
"TTC17",2.59049128229847e-205,0.927048922864717,0.43,0.042,9.90189387745766e-201
"YIPF3",2.60915823037986e-205,0.492503722255152,0.509,0.076,9.97324641980397e-201
"STK4",2.74374043347092e-205,0.61871939157411,0.509,0.077,1.04876734328992e-200
"KIDINS220",2.75865105809084e-205,1.08237080263611,0.403,0.031,1.05446678044464e-200
"CHTOP",2.89740891494464e-205,0.460853992563734,0.474,0.06,1.10750558364844e-200
"VGLL4",3.07523931052503e-205,0.806556969230789,0.436,0.044,1.17547947405509e-200
"PIM3",3.1925260805518e-205,0.423063733561545,0.593,0.116,1.22031116903012e-200
"AGFG1",3.56594707299927e-205,0.506965284922885,0.468,0.057,1.36304760918324e-200
"TNRC18",4.27262073714709e-205,0.852160246464307,0.445,0.049,1.63316655056711e-200
"CDS1",4.82950873788263e-205,1.31191751833057,0.367,0.017,1.84603141996826e-200
"SLC20A2",5.88442889583016e-205,1.48829570065592,0.39,0.026,2.24926410114212e-200
"PNPLA2",6.50072645027949e-205,0.731224489209035,0.505,0.077,2.48483767835483e-200
"ODF2L",6.9059602876616e-205,0.743578643579491,0.473,0.061,2.63973426035577e-200
"NARF",6.94405982739893e-205,0.517461103328396,0.5,0.073,2.65429742842497e-200
"SMARCA4",7.03451770392787e-205,0.58014032031931,0.561,0.103,2.68887404714939e-200
"PICALM",8.04614009195303e-205,0.807789642438168,0.45,0.051,3.07555658874813e-200
"ZNFX1",8.56229796110561e-205,1.45053903981504,0.378,0.021,3.27285277265301e-200
"PHIP",9.18785861438166e-205,0.699656544626258,0.501,0.074,3.51196707676125e-200
"TOPORS",9.21782426083233e-205,0.877930601116048,0.419,0.038,3.52342114546055e-200
"GTF2I",1.13659363735216e-204,0.606528255813739,0.627,0.135,4.3445155194149e-200
"PLEKHA5",1.2963605269462e-204,1.08133116311366,0.407,0.033,4.95520847819917e-200
"KDSR",1.74604876119049e-204,1.08369387564267,0.394,0.028,6.67409678477455e-200
"SCARB2",1.76659395772039e-204,0.600853155932424,0.468,0.059,6.75262874399042e-200
"PLAUR",1.85450144661834e-204,1.19272902360995,0.509,0.082,7.08864632955393e-200
"ATXN7L3B",1.91735343521961e-204,0.334975180986903,0.493,0.068,7.32889177078343e-200
"RHOA",2.05192028371019e-204,0.770615724715088,0.701,0.181,7.84326009245382e-200
"TRIP12",2.19681470158377e-204,0.375514199308093,0.527,0.084,8.39710451533379e-200
"GSE1",2.66093304393407e-204,0.712210335106282,0.43,0.042,1.01711504671336e-199
"DNTTIP2",2.99197755126729e-204,0.515992778415506,0.457,0.053,1.14365349919641e-199
"SOX4",3.1082440621455e-204,1.45670455088939,0.782,0.29,1.1880952103145e-199
"TMOD3",3.74273458773895e-204,0.518606769053525,0.51,0.078,1.43062286881734e-199
"THBS1",3.79426691415293e-204,2.43454992013831,0.373,0.021,1.45032058526582e-199
"G3BP1",4.18434665074934e-204,0.426324091759348,0.546,0.095,1.59942466378243e-199
"ATXN2",4.38968222310236e-204,0.806248893615714,0.435,0.045,1.67791213295865e-199
"GALNT6",4.52558249673401e-204,1.05663017727937,0.442,0.049,1.72985865355161e-199
"ZNF622",5.15301577117724e-204,0.658740468430546,0.462,0.057,1.96968874837479e-199
"CEBPG",5.31923517736132e-204,0.623542473517184,0.516,0.08,2.03322445419459e-199
"ATP1B3",5.75696373239592e-204,0.853012562700627,0.571,0.111,2.20054181707102e-199
"TMEM87B",5.77124512561796e-204,0.861727445554144,0.419,0.038,2.20600073681621e-199
"MFSD10",6.14114194457397e-204,0.514987229942318,0.505,0.076,2.34739009689395e-199
"DLGAP4",6.46038545133124e-204,0.43418556158587,0.489,0.068,2.46941773491685e-199
"IMPAD1",6.56590463446874e-204,1.18604621436893,0.401,0.031,2.50975138747933e-199
"GALNT3",6.84433435304072e-204,0.530953106758022,0.525,0.085,2.61617836310628e-199
"KAT6A",6.90477542658326e-204,0.819778682794119,0.439,0.047,2.63928135905719e-199
"SLMAP",7.0252403136223e-204,0.933013672926707,0.42,0.039,2.68532785747899e-199
"PGM2L1",7.59002715047139e-204,1.33986052076991,0.398,0.03,2.90121197799618e-199
"NR2F2",7.86365394805676e-204,0.868222628656189,0.452,0.053,3.00580308510522e-199
"CDYL",9.66961740235518e-204,0.925428511190395,0.439,0.047,3.69611455587624e-199
"SENP6",1.369792307612e-203,0.743913444100151,0.478,0.064,5.23589411661613e-199
"RAB5A",1.73133113770476e-203,0.551858615431962,0.455,0.053,6.61784014076267e-199
"MED10",1.83176891591429e-203,0.605695797585826,0.527,0.086,7.00175350419079e-199
"HP1BP3",2.33641687484468e-203,0.423353228077768,0.651,0.145,8.93071986240629e-199
"RBM5",2.36050415423309e-203,0.750328741351599,0.459,0.056,9.02279107914055e-199
"CD2AP",2.89759856564016e-203,0.564100699968013,0.633,0.139,1.10757807573029e-198
"CSNK1G2",2.92656902365086e-203,0.486454645620417,0.492,0.07,1.1186517436003e-198
"ARL6IP1",4.89876593687037e-203,0.444575158013651,0.617,0.129,1.87250429170933e-198
"PARP14",5.1887240420765e-203,0.682723814741185,0.469,0.061,1.98333787784332e-198
"LIMS1",5.27599829547216e-203,0.448781798457888,0.516,0.08,2.01669758846128e-198
"RIOK3",6.05686511843834e-203,0.565654872227459,0.518,0.084,2.31517612287187e-198
"MUC12",6.48383426055756e-203,1.12944698923399,0.572,0.115,2.47838080775552e-198
"DDB1",6.92908090319374e-203,0.55897775359325,0.479,0.064,2.64857188443678e-198
"CSNK1A1",8.25051658243663e-203,0.387732599830599,0.687,0.165,3.15367745847058e-198
"ARL6IP5",1.00712389464885e-202,0.742584998456026,0.488,0.069,3.84963037490578e-198
"THAP9-AS1",1.06192421185898e-202,1.36351485047658,0.39,0.027,4.05909910740977e-198
"ZNF451",1.2937896381028e-202,0.73005571639436,0.446,0.051,4.94538151268414e-198
"PIK3C2A",1.41350929500786e-202,0.585226682032676,0.456,0.055,5.40299792923805e-198
"SBNO1",1.68393450611159e-202,0.465092752744419,0.472,0.061,6.43667125616093e-198
"CD44",1.69246258430722e-202,0.944284506638658,0.566,0.108,6.46926898225591e-198
"SPTLC2",1.74742827158964e-202,0.828086392686993,0.422,0.04,6.67936982532426e-198
"PRKCA",2.05167259066264e-202,1.24556364427717,0.419,0.04,7.84231331054887e-198
"DDI2",2.09747465319725e-202,0.937398444073547,0.396,0.03,8.01738711438115e-198
"LRP10",2.16143595264516e-202,0.531267966387592,0.548,0.097,8.26187278539086e-198
"NFE2L1",2.20924859476339e-202,0.666527472720606,0.461,0.057,8.44463182862357e-198
"NUMA1",2.33361690409821e-202,0.730459734612925,0.514,0.081,8.920017254225e-198
"RPS6KA3",2.43625739654029e-202,0.742144424918699,0.5,0.074,9.31235027253561e-198
"ARFGEF1",2.48626285796409e-202,0.668154762891143,0.501,0.074,9.50349114828195e-198
"DNM1L",3.50012523959347e-202,0.570448049735241,0.464,0.059,1.33788787158221e-197
"ATP6AP2",3.54960452284924e-202,0.869879082925854,0.446,0.051,1.35680083281389e-197
"DHX15",3.59266723452205e-202,0.38967838268796,0.539,0.091,1.37326112372371e-197
"SFPQ",3.97570495258003e-202,0.801101179091977,0.736,0.205,1.51967346107419e-197
"ATF7IP",4.00115059338975e-202,0.845954181842806,0.442,0.049,1.5293998028173e-197
"NECTIN2",4.23245031996414e-202,0.525773163049479,0.517,0.082,1.61781181030309e-197
"FAM91A1",4.33641232581373e-202,0.723167849492968,0.489,0.07,1.65755024741904e-197
"WDR26",4.38160292800957e-202,0.963155925428331,0.402,0.032,1.67482390320238e-197
"MFSD6",5.18646515964312e-202,0.909850110048081,0.415,0.038,1.98247444262199e-197
"FOSL2",5.59834879010237e-202,0.965177650532758,0.462,0.059,2.13991284152873e-197
"LRRC8A",6.26052637214111e-202,1.06171695248327,0.453,0.055,2.39302360048722e-197
"NORAD",6.83589772019999e-202,0.733453874130982,0.686,0.173,2.61295354456924e-197
"MBNL2",7.96529931640723e-202,0.90752266809708,0.449,0.053,3.0446560107035e-197
"CTCF",8.80157888285636e-202,0.541492997291213,0.45,0.052,3.36431551218302e-197
"KIAA0232",9.30298965483856e-202,0.989491232181909,0.431,0.045,3.55597476566549e-197
"TNFRSF12A",9.4826440144584e-202,0.869220812346134,0.501,0.076,3.62464584808658e-197
"SLC39A10",1.00020788997872e-201,0.808134840329264,0.443,0.051,3.82319463865467e-197
"ASPH",1.03947511934818e-201,0.62810104041481,0.531,0.089,3.97328969619647e-197
"GAK",1.18194562969482e-201,0.664641494880768,0.475,0.063,4.51786897494548e-197
"HBP1",1.49427782206252e-201,0.964496057975302,0.419,0.04,5.71172754705178e-197
"RAB14",1.60804530399021e-201,0.447827874589549,0.518,0.082,6.14659236997216e-197
"CANT1",1.61297247818345e-201,0.742668365822754,0.465,0.059,6.1654260006084e-197
"ADD1",1.74027215565767e-201,0.705681683618537,0.451,0.053,6.65201628778587e-197
"BDP1",2.13025789591598e-201,0.640831623152465,0.527,0.088,8.14269778134926e-197
"RNF139",2.2106290044899e-201,1.16780631477129,0.378,0.023,8.44990830676221e-197
"WDR82",2.66207097641879e-201,0.850106452757534,0.452,0.053,1.01755001002632e-196
"MET",2.78072544986526e-201,0.85422350252312,0.442,0.05,1.0629044959565e-196
"ACSL5",3.2598641819964e-201,0.87039767030348,0.477,0.068,1.24605048492631e-196
"BAIAP2",3.3386879221049e-201,1.32433826887552,0.387,0.027,1.27618007134538e-196
"EPPK1",3.48712914668194e-201,0.612150749941083,0.465,0.059,1.33292024502771e-196
"BIRC6",3.67811592920799e-201,0.319901147025419,0.501,0.075,1.40592303278046e-196
"TERF2IP",4.1550099487742e-201,0.462772705703921,0.472,0.062,1.58821100281945e-196
"ZBTB20",4.35857181726857e-201,1.44246612270328,0.397,0.031,1.66602049143274e-196
"FOXA2",4.42357601173129e-201,1.1218734037868,0.444,0.052,1.69086769472417e-196
"SRSF5",4.42836077675023e-201,0.542280953769016,0.704,0.178,1.69269662330501e-196
"TCF25",5.32700542807287e-201,0.445262864329879,0.696,0.173,2.03619455482658e-196
"KRAS",5.76623602574456e-201,0.465902460079044,0.535,0.091,2.2040860584806e-196
"GOLPH3",5.7987474651349e-201,0.713038338376123,0.433,0.046,2.21651323107317e-196
"TRIM38",5.87078044898609e-201,1.13390285966185,0.411,0.037,2.24404711882044e-196
"ATG12",6.87727263313242e-201,0.664912069748746,0.524,0.087,2.62876869128854e-196
"LAPTM4A",7.06402328515857e-201,0.529679212772823,0.543,0.096,2.70015226051901e-196
"PSMA3-AS1",7.78809989096293e-201,1.09897934485816,0.415,0.039,2.97692330232167e-196
"ZNF131",7.80199257875571e-201,0.660399740240586,0.457,0.056,2.98223364330358e-196
"PSMC6",8.05558663314142e-201,0.209378165549785,0.533,0.088,3.07916743465198e-196
"MYH9",8.27829923386106e-201,0.511592460946392,0.676,0.164,3.16429709915105e-196
"BCL2L1",8.35787915991824e-201,0.726506047915233,0.465,0.059,3.19471573008715e-196
"DHRS7",8.61544258040117e-201,0.565766130689528,0.474,0.064,3.29316677193254e-196
"CAND1",8.64611965377671e-201,0.323416580996288,0.496,0.072,3.30489277645961e-196
"STAT6",8.74183184304867e-201,0.459765602379502,0.539,0.093,3.34147780368692e-196
"KDM7A",8.81606883063805e-201,0.902096053005338,0.439,0.049,3.36985414982309e-196
"H2AFX",9.12904377282723e-201,0.835828354187385,0.476,0.065,3.48948569172548e-196
"MAN1A2",9.20340165257476e-201,1.05185401120532,0.419,0.04,3.51790824768018e-196
"FAM3C",1.13380208247624e-200,1.08468248050629,0.391,0.029,4.33384508005719e-196
"G3BP2",1.14136393482031e-200,0.40386130350128,0.595,0.118,4.36274950445714e-196
"FAM53C",1.15186632790342e-200,1.05994674865841,0.376,0.023,4.40289385177803e-196
"PDS5A",1.21180256142067e-200,0.745670503400527,0.432,0.045,4.63199411077438e-196
"SEC62",1.72724006142224e-200,0.545998095323234,0.613,0.133,6.60220241078037e-196
"ATP1A1",1.89959021513986e-200,0.775699057964967,0.696,0.184,7.26099363835061e-196
"CTBP2",2.23398660067361e-200,0.540341215191165,0.531,0.09,8.5391903824148e-196
"PTPRK",2.53550502485284e-200,0.653357063074983,0.443,0.051,9.69171440699748e-196
"UBAP2",2.7970838353265e-200,0.79696549842761,0.449,0.053,1.0691573252152e-195
"GALNT5",2.83022683324153e-200,0.899782206568669,0.421,0.042,1.08182590473824e-195
"CWC25",2.95030138120314e-200,0.705982766789635,0.442,0.05,1.12772319995109e-195
"SPATA13",3.06362566155211e-200,1.26513005171081,0.401,0.034,1.17104027287168e-195
"GNAQ",3.21221681506175e-200,1.01434224958287,0.438,0.049,1.2278377553892e-195
"RSBN1",3.46901008726635e-200,1.04834074780718,0.397,0.032,1.32599441575669e-195
"BLCAP",4.55652953493096e-200,0.464683287190805,0.452,0.054,1.74168784943201e-195
"TM9SF2",5.79350258704746e-200,0.532776463035534,0.535,0.093,2.21450842887302e-195
"CEBPB",5.87618430587454e-200,0.939859500479126,0.64,0.15,2.24611268907748e-195
"GSK3B",8.86151739879747e-200,0.600683648458772,0.457,0.056,3.38722641051634e-195
"ACTR2",9.27546169021194e-200,0.470464267621126,0.682,0.165,3.54545247646661e-195
"ANKH",1.0671604789512e-199,0.889377568675837,0.419,0.042,4.07911421474306e-195
"ARHGEF12",1.21178242771628e-199,0.694897587551431,0.466,0.061,4.63191715170272e-195
"KIAA2026",1.24455217961935e-199,1.04617406406991,0.411,0.038,4.75717625137701e-195
"FNIP2",1.27376450958589e-199,1.02808659561954,0.398,0.032,4.8688374614411e-195
"SYS1",1.32901124549911e-199,0.918041814210805,0.403,0.034,5.08001258479582e-195
"TMEM106B",1.3821241059397e-199,0.953119584881852,0.426,0.044,5.28303118254392e-195
"PHF14",1.53865707015048e-199,0.602751189138387,0.561,0.104,5.88136278494318e-195
"PNP",1.60490157353317e-199,0.631176459329289,0.505,0.078,6.13457577467318e-195
"SERINC1",1.98742764589036e-199,0.724621167996144,0.427,0.044,7.5967434336513e-195
"PPP2CA",2.12512533046362e-199,0.415297860900472,0.468,0.061,8.12307906316414e-195
"EXPH5",2.17882092619861e-199,0.990179765254162,0.412,0.038,8.32832510830156e-195
"SLC25A33",2.35875478585241e-199,1.05680156029753,0.394,0.031,9.01610429344226e-195
"GPATCH8",2.57876149680921e-199,0.534343784280609,0.435,0.047,9.85705794540353e-195
"ACIN1",3.05087088998628e-199,0.597019657208882,0.509,0.08,1.16616488898835e-194
"GDE1",3.22053018953193e-199,0.611720540930883,0.454,0.055,1.23101545964669e-194
"LRP5",3.49127775801242e-199,0.904920044965413,0.411,0.038,1.33450601022267e-194
"ACBD3",3.97931498618026e-199,0.291015530064614,0.56,0.103,1.52105336031754e-194
"ZFC3H1",4.28788606726186e-199,0.99478644428366,0.453,0.057,1.63900157035018e-194
"GLUL",4.30109527038466e-199,0.762919058192456,0.606,0.132,1.64405065615183e-194
"AHI1",4.34521207876877e-199,0.676834478628558,0.509,0.081,1.66091386498857e-194
"PON2",4.42703093455985e-199,0.569898824107981,0.474,0.065,1.69218830442616e-194
"VCL",4.50103452699047e-199,1.15497493347303,0.422,0.043,1.72047543759684e-194
"GRB2",5.30902726586497e-199,0.134968039527157,0.54,0.094,2.02932258210423e-194
"HNRNPH1",5.5606789617191e-199,0.499146507814008,0.694,0.171,2.12551392632751e-194
"LUC7L3",5.64122676774608e-199,0.591858082723895,0.65,0.149,2.15630251970326e-194
"GPRC5C",5.81111190749293e-199,0.767701851117738,0.426,0.044,2.2212394155201e-194
"SMC5",5.93296629514106e-199,0.526086028304903,0.497,0.074,2.26781703665472e-194
"SLC12A7",6.485408081544e-199,0.721857470913019,0.445,0.053,2.47898238508938e-194
"FKBP9",6.53650338893792e-199,0.570175315751319,0.426,0.044,2.49851305538763e-194
"INAVA",6.7590346345849e-199,0.871828660631255,0.442,0.052,2.58357339872373e-194
"HELZ",1.05951130632199e-198,0.989845396262486,0.409,0.037,4.04987601728517e-194
"DDIT4",1.21788566559914e-198,0.84394263303321,0.559,0.109,4.65524616818614e-194
"SYNGR2",1.30039778241216e-198,0.566299127803392,0.625,0.141,4.97064048349225e-194
"MAP4K4",1.55926647973213e-198,0.742140215375439,0.404,0.035,5.96014019212811e-194
"JMJD6",1.61881637186341e-198,0.661190451021358,0.435,0.048,6.18776369981071e-194
"DNAJB14",1.69059586305436e-198,0.659911373817939,0.421,0.042,6.46213362693899e-194
"GNAI3",1.76810919148443e-198,0.378656507254209,0.481,0.067,6.75842057353008e-194
"EPS8L2",1.8094148773827e-198,0.568120734303666,0.553,0.102,6.91630742730764e-194
"ATP9A",1.87826682771799e-198,0.850845434593406,0.396,0.032,7.17948712226925e-194
"RTN3",2.08502134635515e-198,0.420681508207103,0.535,0.093,7.96978559430792e-194
"ATP10B",2.39187979365897e-198,0.83297837619138,0.51,0.083,9.14272132328205e-194
"LARP1",2.64379207079416e-198,0.436304753145053,0.55,0.099,1.01056308114036e-193
"TIAL1",2.68662960578274e-198,0.499151698184167,0.472,0.063,1.02693730051439e-193
"YAF2",2.73172475521858e-198,1.01642695496965,0.4,0.034,1.04417447043475e-193
"SMURF2",3.28149916290891e-198,3.10013360790374,0.34,0.011,1.2543202400303e-193
"ERBB2",4.87007835969238e-198,0.914296982893296,0.42,0.042,1.86153875220882e-193
"SLC25A25",5.01808669767898e-198,0.680928496641335,0.405,0.036,1.91811345932081e-193
"PGRMC2",5.19829231814989e-198,0.776565195643319,0.418,0.042,1.98699525568961e-193
"RYK",5.86158127217155e-198,0.959617750658373,0.412,0.039,2.24053082547485e-193
"TM9SF4",6.49997541849113e-198,1.1615548632419,0.391,0.03,2.48455060396405e-193
"PPM1A",7.21353355000998e-198,2.58189124190421,0.349,0.014,2.75730106415582e-193
"BAZ1B",7.22042486206292e-198,0.408409306688681,0.494,0.074,2.75993519927493e-193
"ELOVL1",1.02399885845998e-197,0.458716821464311,0.463,0.06,3.91413323657743e-193
"LASP1",1.07253130214261e-197,0.284830877285544,0.535,0.092,4.0996436493099e-193
"CYB561",1.089326955903e-197,0.95020159366883,0.399,0.034,4.16384335624364e-193
"TLN1",1.46038694714815e-197,0.548640389337126,0.494,0.074,5.58218306677909e-193
"ABCF1",1.57203336194782e-197,0.465920635444837,0.582,0.116,6.00894032270934e-193
"ANKLE2",1.93220285345188e-197,1.06328137707624,0.458,0.061,7.38565218703447e-193
"PTK2",2.03487236008702e-197,0.638614596159065,0.491,0.073,7.77809610919664e-193
"POF1B",2.0580496323019e-197,0.576573244154646,0.498,0.077,7.86668891451077e-193
"PLIN3",3.09148219607272e-197,0.300007363127071,0.515,0.084,1.18168815462684e-192
"PDXDC1",3.77845676572734e-197,0.536495454878247,0.543,0.098,1.44427731413162e-192
"AHCYL1",3.90428195970572e-197,0.570855883833319,0.501,0.077,1.49237273627792e-192
"MUC20-OT1",5.20650814750771e-197,1.46774361989014,0.382,0.027,1.99013567430335e-192
"MYO1C",6.19278168617537e-197,0.81565096364224,0.449,0.055,2.36712887172367e-192
"DNAJB11",7.80185227138653e-197,0.410398073160165,0.427,0.045,2.98218001221479e-192
"CSRNP1",7.97469136907236e-197,1.61002794857407,0.354,0.016,3.04824602891422e-192
"RPN1",9.52285701364865e-197,0.32447817796886,0.514,0.085,3.64001686489706e-192
"OGFR",1.03394176971184e-196,0.609775470511036,0.448,0.055,3.95213902054655e-192
"SLC1A5",1.0384846880527e-196,0.545444318019612,0.522,0.088,3.96950387161265e-192
"WWP1",1.09080821753129e-196,0.524499046832952,0.51,0.082,4.16950533069161e-192
"MISP",1.15694041322903e-196,0.613954624722386,0.575,0.114,4.42228903552665e-192
"PHACTR4",1.22034113548224e-196,0.579719393996315,0.465,0.063,4.66463195626732e-192
"USP47",1.36847030359931e-196,0.5848815262993,0.421,0.042,5.230840888478e-192
"ERGIC1",1.60817773774346e-196,0.421734475239822,0.455,0.057,6.14709858475059e-192
"SSR1",1.68976881821254e-196,0.422722566065647,0.489,0.073,6.4589723307356e-192
"ATG101",1.83053610396944e-196,0.448757819313086,0.478,0.068,6.99704120381277e-192
"NEDD4L",1.86080432034654e-196,0.843329192416424,0.41,0.039,7.11273843409261e-192
"NDFIP1",1.95462467009915e-196,0.377317919159911,0.503,0.078,7.47135733898698e-192
"GOLIM4",2.12284520256923e-196,0.833281553961521,0.507,0.084,8.11436350230062e-192
"STX3",2.30645203390647e-196,0.473024827686454,0.475,0.067,8.81618225440408e-192
"SLC52A2",2.3070073316082e-196,0.561148696536818,0.512,0.084,8.8183048243392e-192
"NT5C3A",2.39826672210415e-196,0.437595287609689,0.515,0.084,9.16713471857092e-192
"GATAD2A",2.46890750929075e-196,0.293751318131729,0.476,0.066,9.43715206351296e-192
"DDX17",2.66240711582295e-196,0.586982862186822,0.708,0.184,1.01767849595217e-191
"ARF6",2.73866699121831e-196,0.27771941931563,0.553,0.101,1.04682807072329e-191
"RAB1A",2.73878629317565e-196,0.305696749136549,0.534,0.093,1.04687367270346e-191
"VPS4B",2.99283163251322e-196,0.355857529503688,0.468,0.063,1.14397996321185e-191
"OSER1",3.06521220601412e-196,0.372598851620413,0.455,0.057,1.17164671362684e-191
"ATF4",4.00002203939186e-196,0.552775678838889,0.719,0.193,1.52896842433715e-191
"SMARCA2",4.98209326039336e-196,0.58428162917111,0.436,0.049,1.90435532785276e-191
"CNOT2",5.7001953207039e-196,0.439207226139333,0.487,0.072,2.17884265938586e-191
"POLR2B",5.86682857428205e-196,0.774985972750341,0.438,0.051,2.24253655423357e-191
"HNRNPA0",6.89316105140695e-196,0.658800449593358,0.56,0.108,2.63484188028979e-191
"JUP",7.09345354609128e-196,0.704181296075532,0.682,0.174,2.71140168345793e-191
"MED29",7.68537434662437e-196,0.768165873171152,0.436,0.051,2.9376574902537e-191
"PAFAH1B2",7.71612535061108e-196,0.215475224523376,0.465,0.061,2.94941175401758e-191
"TTC19",7.94796367511561e-196,0.655797493778139,0.43,0.047,3.03802963517619e-191
"HIP1R",8.17421115649185e-196,1.25007247626479,0.402,0.036,3.12451047245745e-191
"FAM120AOS",9.49494849136016e-196,0.475577076824445,0.521,0.087,3.62934911133751e-191
"GTPBP4",1.03246487221017e-195,0.583356163462551,0.463,0.062,3.94649372753615e-191
"SYNE2",1.28698978827028e-195,0.586760264399449,0.532,0.095,4.91938976668433e-191
"MESD",1.30940059425238e-195,0.460250528636568,0.451,0.056,5.00505283147029e-191
"NCK2",1.40105215075326e-195,0.641692108225155,0.429,0.047,5.35538174103928e-191
"PPP4R3B",1.44080991489249e-195,0.405859524867982,0.473,0.065,5.50735181868507e-191
"PSEN1",1.61019039734109e-195,1.28681948298507,0.381,0.028,6.15479177479659e-191
"ZRANB2",1.87320653821374e-195,0.568024992454023,0.585,0.118,7.16014467166822e-191
"CCDC107",1.94311637160181e-195,0.373583573596371,0.463,0.061,7.42736801881075e-191
"HNF4A",1.99936293401043e-195,0.49617287096512,0.477,0.067,7.64236487896148e-191
"SELENOS",2.0182251285101e-195,0.303674149815027,0.589,0.122,7.71446373121701e-191
"PABPN1",2.05340366533821e-195,0.293202497002116,0.501,0.079,7.84893017038877e-191
"BRD7",2.22180950550691e-195,0.328311473335507,0.55,0.101,8.49264465384962e-191
"NECAP2",2.31340628029361e-195,0.40859466305887,0.434,0.049,8.84276416579429e-191
"NFIA",2.3739884909512e-195,0.749754173227978,0.441,0.052,9.07433360781187e-191
"AVL9",2.41865585827207e-195,0.559284789993287,0.437,0.051,9.24507015265917e-191
"MAP2K7",3.50440719327372e-195,1.32918051495032,0.386,0.03,1.33952460555695e-190
"PBRM1",3.51089751895207e-195,0.747865368910784,0.428,0.046,1.34200546764424e-190
"SLC39A7",3.5836430895946e-195,0.496539229351126,0.449,0.056,1.36981173456664e-190
"MYCBP2",3.59818475728987e-195,0.843847536748409,0.462,0.062,1.37537014162648e-190
"ZDHHC9",4.15181133326684e-195,0.685199641712577,0.401,0.036,1.58698836402792e-190
"SUPT5H",4.33131120273353e-195,0.660202195876105,0.475,0.068,1.65560039413286e-190
"SLC38A1",5.10193484295587e-195,0.491427186965094,0.591,0.123,1.95016357437145e-190
"AKAP17A",5.89162185611438e-195,0.939184350694538,0.411,0.04,2.25201353828116e-190
"ROCK1",5.93834832415839e-195,0.884484368566617,0.451,0.057,2.2698742634263e-190
"TMEM159",6.6664011226073e-195,0.787825933026759,0.402,0.036,2.54816516510542e-190
"PIGT",7.03048038952781e-195,0.476418938874336,0.526,0.091,2.68733082409311e-190
"SLC16A1",7.30467636032577e-195,1.63268279324451,0.386,0.031,2.79213949197092e-190
"GPATCH2",8.02160753832289e-195,0.794549090770973,0.426,0.046,3.06617926544854e-190
"ITGB8",9.17203829592356e-195,1.84495276718965,0.361,0.02,3.50591991823382e-190
"MBP",9.28285776520431e-195,0.713048350897386,0.447,0.055,3.5482795521717e-190
"UBE2B",1.00649914399814e-194,0.45480818944629,0.633,0.143,3.84724232801848e-190
"ING1",1.0232031287266e-194,1.13280024919079,0.412,0.041,3.91109163924456e-190
"ATG2A",1.04532592598866e-194,1.27800691166415,0.383,0.029,3.99565381949905e-190
"MYO10",1.11365543136211e-194,0.393941394667493,0.521,0.089,4.25683652083852e-190
"KIAA0319L",1.15873058235905e-194,0.545786837033533,0.434,0.05,4.42913177800924e-190
"PNRC2",1.19377693546047e-194,0.469806541366056,0.627,0.141,4.56309295810411e-190
"ATP13A3",1.19697636899079e-194,0.435033325065703,0.441,0.053,4.57532247283039e-190
"BSDC1",1.19752801755097e-194,0.881293801015817,0.429,0.048,4.57743109428684e-190
"AK3",1.23292949596772e-194,0.512596126436166,0.463,0.062,4.71274970538702e-190
"CCDC12",1.27589937616808e-194,0.337374813940892,0.527,0.091,4.87699777546487e-190
"PAWR",1.36633300857803e-194,0.496863535713688,0.602,0.127,5.22267129198866e-190
"KIAA2013",1.4054550448539e-194,0.392104802479494,0.444,0.054,5.37221136344953e-190
"ANKRD37",1.46448326149431e-194,0.818296362883601,0.43,0.049,5.59784081873583e-190
"TXNRD1",1.56984648955099e-194,0.327425259846492,0.513,0.083,6.00058122165971e-190
"MAP2K3",1.62852506588623e-194,0.410039303027358,0.495,0.077,6.22487421184352e-190
"TMEM33",1.72811356689124e-194,0.676622923240455,0.416,0.042,6.60554129808509e-190
"PTBP1",1.81405121627611e-194,0.429412837226327,0.607,0.13,6.93402936909379e-190
"PDGFA",1.893820323026e-194,1.18117801833435,0.384,0.029,7.23893880273457e-190
"SNX9",1.90579227705292e-194,0.945939403749156,0.442,0.054,7.28470039980707e-190
"MACO1",2.00233103214001e-194,0.767098172824831,0.377,0.027,7.65371013725196e-190
"POGZ",2.50358788380365e-194,1.5232993545146,0.373,0.025,9.56971432705106e-190
"RPN2",3.70108882807274e-194,0.903843334735002,0.575,0.124,1.41470419364252e-189
"ITSN2",3.76540874400912e-194,1.08603985873941,0.394,0.034,1.43928983831005e-189
"HSD17B12",4.59232762005279e-194,0.636167232952977,0.535,0.097,1.75537130948898e-189
"APH1A",4.78782401092078e-194,0.507196221008136,0.494,0.076,1.83009784993436e-189
"MROH1",6.11899069909225e-194,0.74493155482238,0.446,0.056,2.33892300482102e-189
"KPNA6",6.93089406651572e-194,0.325029201446247,0.436,0.051,2.64926494798497e-189
"FUCA1",7.57939296182454e-194,1.06817094606704,0.38,0.028,2.89714716572781e-189
"ERGIC2",7.89480637761915e-194,0.971775632356562,0.398,0.036,3.01771078978114e-189
"LRPAP1",7.99644644358577e-194,0.44575773639018,0.512,0.086,3.05656168859622e-189
"CREBBP",8.15335953514282e-194,1.25367151312218,0.387,0.031,3.11654014871299e-189
"SETD2",8.8335433608615e-194,0.960312474633834,0.421,0.045,3.3765336142557e-189
"BRD9",9.09984427530013e-194,0.373319892223264,0.528,0.092,3.47832447579072e-189
"HM13",9.34668384767853e-194,0.485511710150738,0.58,0.12,3.57267643393664e-189
"VOPP1",1.00694594462761e-193,0.387930808196608,0.44,0.053,3.84895017874458e-189
"MAPK1IP1L",1.05325174269596e-193,0.372824268051681,0.446,0.055,4.02594946128105e-189
"STK24",1.06930471133473e-193,0.511905454078837,0.557,0.108,4.08731032860586e-189
"VPS36",1.12350245003682e-193,0.425366419541653,0.514,0.085,4.29447576502075e-189
"SH3PXD2A",1.2023285444792e-193,1.11255671664854,0.405,0.039,4.5957806284173e-189
"ANKRD17",1.33547886145768e-193,0.587413334455403,0.468,0.065,5.10473440003583e-189
"AUP1",1.37099548103719e-193,0.370183521327477,0.518,0.088,5.24049312671657e-189
"SRPRA",1.6095382718427e-193,0.538214649845078,0.43,0.048,6.15229909029155e-189
"CEBPD",1.85224411663250e-193,0.994674854982565,0.543,0.105,7.08001791141605e-189
"OCIAD1",1.89823080936541e-193,0.570764882674058,0.502,0.081,7.25579744571834e-189
"DDX42",2.61081554562137e-193,0.35534733340809,0.471,0.066,9.97958134158314e-189
"PPP2R5E",2.8074946885898e-193,0.616250223816353,0.44,0.053,1.07313676976656e-188
"SPTLC1",3.04003228154929e-193,0.512843916017506,0.421,0.045,1.1620219392994e-188
"UPF2",3.88499311625538e-193,0.649046136365662,0.508,0.084,1.48499976875746e-188
"VCP",4.01156943423358e-193,0.29224898260465,0.625,0.14,1.53338230054144e-188
"ENC1",4.49197761776476e-193,0.880811717047583,0.473,0.069,1.7170135246144e-188
"ARHGAP12",4.71724202730726e-193,0.678818159209259,0.417,0.044,1.80311859251793e-188
"RNF145",5.3005431812875e-193,0.824786705385201,0.463,0.064,2.02607962561533e-188
"AFTPH",5.30525212124478e-193,0.645211790368694,0.421,0.045,2.0278795708246e-188
"CTSA",5.81194147207314e-193,0.541590205056637,0.541,0.102,2.22155650828524e-188
"NBR1",6.39719959366044e-193,0.619264105842434,0.455,0.06,2.44526557268077e-188
"ZFR",6.7889821788402e-193,0.373084361901942,0.47,0.066,2.59502054803988e-188
"CXXC5",6.84825517371256e-193,0.472526229826169,0.484,0.072,2.61767705759989e-188
"FZD5",6.88715073422818e-193,0.659290558756008,0.412,0.042,2.63254449665138e-188
"CCDC14",8.53110787004515e-193,0.703558175162904,0.464,0.064,3.26093067224606e-188
"LPIN2",8.97750770375638e-193,1.14824797590192,0.434,0.051,3.43156254468384e-188
"CEBPZ",9.28902177812404e-193,0.333193686386005,0.531,0.094,3.55063568447013e-188
"SPOP",9.5740923087458e-193,0.715357384591513,0.41,0.041,3.65960104409499e-188
"PSME4",9.76093776927708e-193,1.00510860727534,0.403,0.038,3.73102085292847e-188
"RAP2B",1.04774355869943e-192,1.03668101884321,0.431,0.051,4.00489497877271e-188
"CHD8",1.17079732106879e-192,0.77218267115142,0.405,0.038,4.47525568005333e-188
"PSAP",1.27160385323636e-192,0.449421393345805,0.619,0.14,4.86057856861068e-188
"TGFBR2",1.39736393242474e-192,1.11142666539571,0.383,0.03,5.34128389530033e-188
"RALGAPA2",1.67706290129445e-192,0.837585183224099,0.439,0.053,6.4104052339079e-188
"RETREG2",1.68381284082839e-192,0.717357291461794,0.405,0.039,6.43620620278244e-188
"CTTNBP2NL",1.86740288268648e-192,0.612463273524482,0.415,0.043,7.13796077878079e-188
"PTPN3",1.90495919271503e-192,0.964249388407401,0.395,0.035,7.28151601823394e-188
"CD59",2.02879690973087e-192,0.549377396490832,0.563,0.111,7.75487330775529e-188
"PELI1",2.12342738599894e-192,1.30810581013119,0.383,0.03,8.11658884024234e-188
"ISG20L2",2.15771361194041e-192,0.567549383527523,0.422,0.046,8.24764451028102e-188
"UBL3",2.21154606895877e-192,0.528623021018337,0.423,0.046,8.45341369398802e-188
"FBXO32",2.26837839456611e-192,1.02155031153868,0.457,0.063,8.6706495753895e-188
"MGAT1",2.72443742461498e-192,0.796386805165039,0.401,0.038,1.04138896118483e-187
"RALGAPA1",2.75865080535687e-192,1.19934225476088,0.406,0.04,1.05446668383961e-187
"DIAPH1",2.96011144919968e-192,0.536648257339333,0.506,0.084,1.13147300034208e-187
"FBLIM1",3.06232269919911e-192,0.862531127041902,0.439,0.054,1.17054222854187e-187
"TDG",3.22756395088899e-192,0.739639599688786,0.467,0.066,1.23370404458781e-187
"CCAR1",3.26509065287136e-192,0.549628429944251,0.455,0.06,1.24804825115355e-187
"COPB1",3.61150199598688e-192,0.428109386476258,0.472,0.068,1.38046052294602e-187
"ZNF703",3.67372643507833e-192,0.609046151821636,0.494,0.078,1.40424519254434e-187
"MACC1",3.78387464176815e-192,1.14873612825694,0.463,0.067,1.44634824306946e-187
"SPTY2D1",4.52172406640624e-192,0.67921958626517,0.411,0.042,1.72838380714312e-187
"SMURF1",4.65888088985412e-192,4.55234096151412,0.313,0.004,1.78081063133784e-187
"DNAJC5",5.12594210022714e-192,0.650855299713904,0.423,0.047,1.95934010839082e-187
"CHMP4C",5.89435461602554e-192,0.339826613257102,0.446,0.056,2.2530581084296e-187
"MAPKAPK2",6.29218748126402e-192,0.337586950806587,0.452,0.059,2.40512574283836e-187
"TSPAN6",6.87712380812677e-192,1.12637230238809,0.414,0.044,2.62871180441838e-187
"TPP1",7.21970974064015e-192,1.20405454361074,0.379,0.029,2.75966185126229e-187
"GNAI2",1.03541081451942e-191,0.493111830683987,0.49,0.076,3.95775429741904e-187
"MPZL1",1.09928575673543e-191,0.551862099114298,0.452,0.06,4.20190987654551e-187
"AC023157.3",1.29601394850302e-191,1.85052893989198,0.367,0.025,4.95388371675793e-187
"TERF1",1.44633862320793e-191,0.983100408568101,0.405,0.04,5.52848475334998e-187
"FUCA2",1.57623641034839e-191,0.720633584438116,0.405,0.039,6.02500605491568e-187
"CHD6",1.6183650761312e-191,0.580137261993153,0.438,0.053,6.18603866700389e-187
"MAP3K11",1.62194270198079e-191,0.446623216394246,0.443,0.055,6.19971378405136e-187
"MTF2",1.88446049842078e-191,0.834728721396358,0.405,0.04,7.2031618091636e-187
"GPATCH2L",1.97279918096315e-191,0.973799174969711,0.382,0.03,7.54082758931354e-187
"KLHL24",2.03337601955814e-191,0.916842687825084,0.407,0.04,7.77237649715904e-187
"RAB3IP",2.17802300107778e-191,1.31582488099361,0.407,0.042,8.32527511931972e-187
"ESRP1",2.21582774874938e-191,0.446728097574353,0.468,0.067,8.46977998681965e-187
"GTF2B",2.23895083348282e-191,0.589680476286911,0.426,0.048,8.55816566590472e-187
"EIF2AK2",2.27438635385355e-191,0.32878979761733,0.466,0.065,8.69361439896981e-187
"YTHDF3",2.63726721936081e-191,0.617072636764863,0.419,0.045,1.00806902192847e-186
"PRKCSH",2.76655710079321e-191,0.247640189110878,0.547,0.102,1.05748878620719e-186
"ZNF394",3.55901263134833e-191,0.821457710043437,0.389,0.033,1.36039698820659e-186
"TM2D1",3.66388795835803e-191,1.09382866824781,0.39,0.034,1.40048453320277e-186
"ACTN1",4.64328680508422e-191,0.206752035335711,0.529,0.094,1.77484994837539e-186
"SP100",4.67864159183987e-191,0.566778772730726,0.461,0.063,1.78836396206487e-186
"MAFK",5.28095314557989e-191,0.757094551864649,0.376,0.028,2.01859153036646e-186
"UGDH",5.34008273217721e-191,0.909937466942066,0.396,0.036,2.04119322354742e-186
"DDX39B",5.39295824998975e-191,0.735167924429936,0.483,0.075,2.06140436147608e-186
"ATP11A",5.52541576207902e-191,1.06259470270361,0.365,0.024,2.11203492089708e-186
"DIS3",5.83351559116994e-191,0.36745428726134,0.418,0.045,2.2298029995688e-186
"USP12",6.2213962410019e-191,0.734495773973237,0.448,0.058,2.37806649916056e-186
"ARFGEF2",6.90212782713601e-191,0.414386596456308,0.417,0.044,2.63826934064447e-186
"KLF2",6.97239785587607e-191,1.42992015229933,0.467,0.071,2.66512935643007e-186
"NCOA7",7.10657162845957e-191,0.711510224231828,0.541,0.104,2.71641593926239e-186
"SPATS2",7.74841864386876e-191,0.668755584149468,0.393,0.034,2.9617555424324e-186
"RDH10",9.36859294212833e-191,1.30272243322332,0.367,0.025,3.58105096619913e-186
"SMAP1",9.61555427622216e-191,0.223659505839365,0.481,0.072,3.67544946654316e-186
"TFG",1.30558009718482e-190,0.210921621769055,0.539,0.099,4.99044936347927e-186
"VPS35",1.46837861098173e-190,0.431059592411244,0.516,0.088,5.61273040261657e-186
"BFAR",1.57734155863689e-190,0.418683867212877,0.434,0.051,6.02923037373365e-186
"CNOT1",1.60896142646716e-190,0.362227313394372,0.503,0.082,6.15009415652809e-186
"SF3B1",1.96801274504797e-190,0.418086157968688,0.666,0.167,7.52253191667137e-186
"ZNF106",2.36876229843282e-190,0.477723379494041,0.449,0.059,9.0543570095296e-186
"SLC6A8",2.49991434547243e-190,0.765908594371722,0.539,0.102,9.55567259413383e-186
"EML4",2.72541221180293e-190,0.459596199395634,0.539,0.1,1.04176156383955e-185
"ABHD11",2.95038516035734e-190,0.377571742462652,0.595,0.127,1.12775522369499e-185
"PRRC2A",2.97525986934421e-190,0.555707147858922,0.479,0.071,1.13726333245813e-185
"ZNF721",3.40666880758847e-190,0.774144766250265,0.408,0.041,1.30216508501262e-185
"CTNNA1",3.48436327417971e-190,0.324021519563073,0.602,0.131,1.33186301792245e-185
"UBE2Q1",3.69780521529102e-190,0.377845905540906,0.478,0.071,1.41344906549284e-185
"PHF20L1",3.69837007184144e-190,0.62252605726822,0.585,0.126,1.41366497626067e-185
"POM121",3.81456641356965e-190,0.889133261858838,0.388,0.033,1.45807986592286e-185
"MAVS",3.834745475192e-190,0.647305400140929,0.435,0.053,1.46579311043739e-185
"APMAP",4.56697285346389e-190,0.761942314336753,0.414,0.044,1.74567970350804e-185
"KIF3B",5.610454676073e-190,0.395416954859422,0.442,0.056,2.14454019538214e-185
"METRNL",7.02002156222788e-190,0.727322748807677,0.465,0.068,2.68333304194599e-185
"R3HDM2",7.83704290681915e-190,0.290998601362479,0.493,0.077,2.99563128070255e-185
"RPAIN",8.54322433246574e-190,0.567488456070923,0.419,0.046,3.2655620688417e-185
"ADAM10",9.71575494073113e-190,1.08107569839946,0.4,0.039,3.71375016854507e-185
"SEC61A1",1.03416770477579e-189,0.463511513233631,0.525,0.093,3.95300263473496e-185
"FNDC3A",1.23142455846575e-189,0.402954845881747,0.413,0.043,4.70699723227947e-185
"REEP3",1.23204552442228e-189,0.47436535312225,0.409,0.042,4.70937081255172e-185
"PAFAH1B1",1.32045535454841e-189,0.552225835594379,0.436,0.054,5.04730854722583e-185
"DNAJC7",1.32842103242295e-189,0.304311707073387,0.581,0.119,5.07775655433348e-185
"PLEKHA3",1.34827944744091e-189,0.622447727800894,0.404,0.04,5.15366335989812e-185
"CCNK",1.46457786225884e-189,0.643809557293822,0.409,0.042,5.59820242069819e-185
"TNFRSF1A",1.5993151790541e-189,0.770846592602576,0.403,0.04,6.1132223404164e-185
"ASAP1",1.69395262775452e-189,0.967019586698037,0.409,0.042,6.47496452432888e-185
"RNF103",2.03743298350123e-189,1.35577727400986,0.373,0.028,7.7878838361351e-185
"INSR",2.34183157092305e-189,1.37559997941693,0.369,0.027,8.95141699669628e-185
"KBTBD2",2.49075892946916e-189,0.836952831984416,0.4,0.038,9.52067693200293e-185
"SORT1",2.69212931286546e-189,0.949958610922413,0.382,0.031,1.02903950854969e-184
"SIAH2",2.76907879917536e-189,1.12965706186513,0.38,0.031,1.05845268019679e-184
"GORASP2",2.78505676208668e-189,0.573247582375612,0.473,0.071,1.06456009674001e-184
"IP6K2",2.82882663169044e-189,0.514063561007445,0.468,0.067,1.08129069169736e-184
"EIF1B",2.83864642191021e-189,0.571183876919622,0.48,0.072,1.08504420831096e-184
"EGFR",2.83975753155329e-189,1.64441267947328,0.354,0.021,1.08546891886093e-184
"IARS2",3.50389196005706e-189,0.658988029671985,0.445,0.058,1.33932766281221e-184
"ZNF24",3.61620494928753e-189,0.956987653146744,0.388,0.034,1.38225817981567e-184
"GNA11",3.77836869444566e-189,0.376543997171712,0.492,0.078,1.44424364976491e-184
"SLC9A1",4.4575597260152e-189,1.26919434702034,0.351,0.019,1.70385762967205e-184
"SYTL2",4.80087261279228e-189,0.897085782952269,0.463,0.068,1.83508554751372e-184
"ATXN1",5.06313010064046e-189,1.48615919965538,0.37,0.027,1.93533084966881e-184
"GIGYF2",5.31217830148627e-189,0.297030126927774,0.467,0.067,2.03052703396011e-184
"CDK2AP2",5.97394071667064e-189,0.34114281282709,0.521,0.091,2.28347909954018e-184
"VKORC1L1",6.06972858612167e-189,0.915264890080701,0.389,0.034,2.32009305475915e-184
"PRKAR2A",6.35647742957996e-189,0.589515334444571,0.428,0.051,2.42969993268264e-184
"TARS",6.88882769796414e-189,0.357662461247739,0.522,0.093,2.63318549926981e-184
"USP22",7.835629701179e-189,0.320573425076497,0.467,0.067,2.99509109697866e-184
"SIGIRR",8.3303239786071e-189,0.31275573961056,0.549,0.105,3.18418303758278e-184
"KMT5B",8.89841419136114e-189,0.460722982567248,0.41,0.042,3.40132984050588e-184
"UBE2Z",9.08209532784002e-189,0.337729921193599,0.438,0.055,3.47154011811357e-184
"MARVELD3",9.25962842976743e-189,0.973971327590783,0.423,0.05,3.5394003709943e-184
"ACOX1",9.61496746247905e-189,0.294542561016922,0.433,0.052,3.67522516285799e-184
"GSK3A",1.0604344435655e-188,0.392412314473965,0.428,0.05,4.05340461708477e-184
"RBM23",1.08494765193752e-188,1.5888843175658,0.363,0.024,4.14710390476596e-184
"SPPL2A",1.09731908669505e-188,0.773513029374286,0.39,0.035,4.19439247698315e-184
"IER3",1.15419715690865e-188,1.21031852984614,0.778,0.283,4.41180321256762e-184
"NUP153",1.31177862839349e-188,1.04520134143887,0.37,0.027,5.01414262917127e-184
"MBTPS1",1.43074047067869e-188,1.00221071234568,0.405,0.041,5.46886237512222e-184
"FKBP14",1.53830295321292e-188,1.70107095409753,0.339,0.015,5.88000920836107e-184
"AOC1",1.59399290989746e-188,0.832252724252651,0.457,0.064,6.09287849879206e-184
"TMEM50A",1.66461437469289e-188,0.537199891414186,0.561,0.116,6.36282198582611e-184
"TPD52L2",1.79952144370137e-188,0.459389441902725,0.474,0.07,6.87849076640412e-184
"SARAF",1.9194376711473e-188,0.510817762553271,0.541,0.103,7.33685855419343e-184
"INSIG1",1.97359590176779e-188,0.964030660201636,0.429,0.053,7.54387297491722e-184
"GOLGA3",2.12147791504076e-188,0.314532880410255,0.456,0.063,8.10913718245179e-184
"CYTH1",2.13623299624301e-188,0.857681720457603,0.417,0.046,8.1655370048393e-184
"ATP6V1H",2.23433512563771e-188,0.610282297926514,0.415,0.045,8.54052258423758e-184
"CNN2",2.23643850301686e-188,0.212089636187553,0.505,0.084,8.54856253393166e-184
"TSN",2.30548434564315e-188,0.4177526372008,0.421,0.047,8.81248336278637e-184
"ABHD12",2.30823419536616e-188,0.574439359309042,0.411,0.044,8.82299438836762e-184
"TRIOBP",2.47258415881161e-188,0.565972456528199,0.428,0.051,9.45120568864148e-184
"ATP8B1",2.48328629538188e-188,1.02276291220753,0.404,0.041,9.49211353546771e-184
"SMARCA5",2.59767006012691e-188,0.214290311430083,0.54,0.1,9.92933403782909e-184
"PPP2R5C",2.6577641363966e-188,0.502544019751068,0.541,0.103,1.01590376349624e-183
"DNAJC21",3.14804833170962e-188,0.14622373285702,0.545,0.102,1.20330999431269e-183
"DIP2B",3.9392420745488e-188,0.949915535991492,0.373,0.028,1.50573589057553e-183
"DCAF7",4.72302178427656e-188,0.484142665148098,0.456,0.063,1.80532784682187e-183
"SINHCAF",4.86625035206409e-188,0.657858696122156,0.541,0.103,1.86007553457298e-183
"ARCN1",5.02966001363306e-188,0.243366449666906,0.449,0.061,1.9225372436111e-183
"PDZD8",5.85103725242608e-188,0.368801747404566,0.462,0.066,2.23650047936734e-183
"DCP1A",6.11924222444807e-188,1.11621297606071,0.365,0.025,2.33901914787303e-183
"ARHGEF35",6.53080562050135e-188,0.529193576835888,0.409,0.043,2.49633514038044e-183
"EXT1",6.96688962374773e-188,1.22621992422735,0.379,0.031,2.66302388978133e-183
"ATF6B",8.43915269834215e-188,0.956112406647889,0.39,0.036,3.2257817274143e-183
"BTG3",9.06133245887969e-188,0.528937141061963,0.446,0.059,3.46360371908217e-183
"FARP2",9.16026270114959e-188,0.418305373540637,0.417,0.046,3.50141881488742e-183
"AC016831.5",9.44489572184877e-188,1.62346268984531,0.35,0.02,3.61021694071947e-183
"UAP1",1.04315899262443e-187,0.431346849447904,0.459,0.064,3.98737093340763e-183
"ATF6",1.05318492445298e-187,0.613384605782849,0.389,0.035,4.02569405522909e-183
"CLPTM1L",1.08179540028267e-187,0.329865242999088,0.49,0.079,4.13505473804049e-183
"KIF1B",1.11535386506377e-187,0.944727701934139,0.388,0.035,4.26332861381975e-183
"ZC3HAV1",1.22838847616718e-187,0.665526264520361,0.447,0.06,4.69539211130141e-183
"SEL1L3",1.3084824631784e-187,0.640857596956719,0.43,0.052,5.0015433672531e-183
"ANO9",1.75556232984169e-187,1.26661430998532,0.404,0.042,6.71046144958689e-183
"FBXO34",1.77177799230374e-187,0.533756891376512,0.447,0.06,6.77244419778181e-183
"SMIM7",2.00100820728117e-187,0.382139302361999,0.48,0.074,7.64865377151154e-183
"CYB5R3",2.28743592506325e-187,0.404308197109216,0.456,0.063,8.74349507996176e-183
"SNRNP200",2.29756276590467e-187,0.411479419881637,0.518,0.092,8.78220391639402e-183
"KMT2B",2.76990519458471e-187,0.917835036583787,0.411,0.045,1.05876856157806e-182
"SYT7",3.08441720634625e-187,0.946879618914189,0.369,0.027,1.17898763295379e-182
"FDFT1",3.14515443793613e-187,0.609334045396521,0.441,0.057,1.2022038323567e-182
"MARK2",3.37569141604854e-187,0.296793810265143,0.454,0.062,1.29032428687039e-182
"FAM126B",3.65376276593976e-187,1.30765663462565,0.366,0.026,1.39661427965282e-182
"UBE2R2",3.80032583624559e-187,0.421356657917404,0.495,0.08,1.45263654764652e-182
"GMCL1",3.80453989142911e-187,0.994529741378101,0.377,0.03,1.45424732809986e-182
"CLDN12",3.8207116738213e-187,1.15035694439555,0.367,0.027,1.46042883020145e-182
"MAP3K13",4.13116444273495e-187,0.456795774340313,0.512,0.091,1.57909629659101e-182
"SBF2",4.40037236806457e-187,1.06444736085763,0.361,0.024,1.681998333969e-182
"CAMK2D",4.94658198303989e-187,0.614687191861947,0.42,0.048,1.89078149719717e-182
"ADIPOR2",5.01778889061585e-187,0.612961485806705,0.426,0.051,1.917999625549e-182
"NPLOC4",5.50699212966238e-187,0.722003538775895,0.405,0.042,2.10499267164215e-182
"MYO1B",5.98183839555519e-187,0.630014714693578,0.433,0.054,2.28649790831701e-182
"NUP62",6.27376071783588e-187,0.747738748814542,0.425,0.051,2.39808229678559e-182
"RCC2",6.31264553961497e-187,0.3426660931342,0.466,0.068,2.41294563106243e-182
"WDR45B",7.22196345360005e-187,0.392220642312316,0.552,0.108,2.76052331050408e-182
"DIDO1",7.54289422725077e-187,0.685010439503365,0.417,0.047,2.88319588942433e-182
"UBE3A",8.16273504149008e-187,0.244107095100847,0.449,0.06,3.12012384225917e-182
"TM4SF1",8.20143825462708e-187,1.0961800558729,0.564,0.122,3.13491775844866e-182
"SPCS3",8.8508414085448e-187,0.340535918892539,0.53,0.098,3.38314562000216e-182
"TNFSF10",9.19815101072912e-187,0.69051305026032,0.418,0.048,3.5159012423411e-182
"RALGPS2",9.34359626254944e-187,0.808855327782583,0.417,0.047,3.5714962353969e-182
"LRRC58",1.07271831696594e-186,0.561932532327907,0.411,0.044,4.10035849477061e-182
"EPS8L3",1.11042558794088e-186,0.349630498054527,0.483,0.076,4.24449076734521e-182
"PLK2",1.22045421768117e-186,1.74974843298834,0.384,0.035,4.6650642016645e-182
"ZDHHC3",1.24652310463882e-186,0.332621177405307,0.495,0.082,4.76470991517144e-182
"RNF43",1.43666756573012e-186,0.891851363715792,0.574,0.126,5.4915181032468e-182
"MAP1LC3B",1.44081852620872e-186,0.51576064413366,0.665,0.169,5.50738473458019e-182
"CAPZA1",1.7602655249612e-186,0.300148146194417,0.549,0.106,6.7284389426117e-182
"SNHG15",1.77837078328709e-186,0.744596655108227,0.524,0.099,6.79764448203656e-182
"RNF10",1.79763219560655e-186,0.34111216573217,0.465,0.068,6.87126930448649e-182
"FAM49B",2.06009968488849e-186,0.643294887597427,0.566,0.117,7.87452503551776e-182
"CREBRF",2.434721446339e-186,0.973306383561003,0.385,0.034,9.30647925648618e-182
"MORF4L2",2.55703999465576e-186,0.289210116609933,0.61,0.136,9.77402967557216e-182
"EWSR1",2.64055299676795e-186,0.255119327770826,0.542,0.104,1.00932497748458e-181
"GLUD1",2.78815776026721e-186,0.651958571432196,0.413,0.046,1.06574542228454e-181
"ENTPD6",3.10385488110128e-186,0.309555453422216,0.482,0.076,1.18641748975215e-181
"ERBIN",3.46386936234232e-186,0.934633393642213,0.45,0.064,1.32402942506173e-181
"EAPP",3.89828050975063e-186,0.49336303656718,0.423,0.05,1.49007874204708e-181
"EFNB2",4.66885484655661e-186,0.860673847092333,0.463,0.071,1.7846230765478e-181
"SP1",4.79400122834551e-186,0.992197456237041,0.395,0.039,1.83245902952279e-181
"TNFSF15",5.33712042737538e-186,2.15646879154418,0.342,0.018,2.04006091215997e-181
"LAMP1",5.62523761584765e-186,0.392186698504595,0.568,0.119,2.15019082628161e-181
"SNRNP70",5.90493151029714e-186,0.268180495225201,0.603,0.133,2.25710102049598e-181
"TNIP1",5.91754516614952e-186,0.659295454339542,0.468,0.071,2.26192246430899e-181
"CGGBP1",6.28206042338848e-186,0.347777629314533,0.43,0.052,2.40125477623601e-181
"CAMLG",6.82998204614444e-186,0.36373585474391,0.45,0.061,2.61069233731825e-181
"SH3RF1",9.7453371023542e-186,0.391148854906602,0.391,0.036,3.72505765400387e-181
"NAPA",1.01333233229327e-185,0.400983543429138,0.499,0.083,3.87336150695778e-181
"ARID4A",1.02542370271059e-185,1.30395442268444,0.373,0.03,3.91957956124096e-181
"ZNF518A",1.13812431167941e-185,0.616782553328197,0.43,0.054,4.35036636896337e-181
"ITPKC",1.213693386781e-185,1.50949651964098,0.359,0.025,4.63922160163168e-181
"ASL",1.22095308649984e-185,0.426301540270185,0.528,0.097,4.666971077837e-181
"NDUFS1",1.33807214283218e-185,0.280242519849712,0.486,0.078,5.11464695876174e-181
"DENND4C",1.39940172632339e-185,0.518648290596155,0.392,0.037,5.34907315869851e-181
"MAX",1.47412222040755e-185,0.612277033269305,0.414,0.047,5.63468477528582e-181
"SCAMP2",1.54508874814378e-185,0.420871466895185,0.449,0.062,5.90594723090478e-181
"RAB6A",1.796515612169e-185,0.362160885549175,0.434,0.055,6.86700127595479e-181
"EBAG9",1.87416476941101e-185,0.584189676558283,0.417,0.048,7.16380741459665e-181
"HOOK3",1.95363383979065e-185,0.68390499822896,0.408,0.044,7.46756998921579e-181
"NUCB1",2.08531780477171e-185,0.486100255981804,0.479,0.076,7.9709187769594e-181
"PLBD1",2.0906227733825e-185,0.565645836705035,0.464,0.07,7.99119648897727e-181
"HNRNPL",2.09593111061502e-185,0.205821105030481,0.49,0.079,8.01148707721485e-181
"UHMK1",2.21715013277629e-185,0.239431913508146,0.455,0.064,8.47483466752408e-181
"AFF1",2.22925402974531e-185,1.11866637950997,0.385,0.035,8.52110060329847e-181
"C8orf76",2.27270440147488e-185,0.271201809041429,0.402,0.042,8.68718530419758e-181
"TRPC4AP",2.40866673403973e-185,0.378584553796907,0.417,0.048,9.20688772419346e-181
"TNPO3",2.4343339198237e-185,0.65852050404991,0.387,0.035,9.3049979751341e-181
"MAP4",2.48583832914281e-185,0.188448239623793,0.505,0.086,9.50186842931547e-181
"CYHR1",2.64869781167809e-185,0.40228614179829,0.478,0.074,1.01243825153583e-180
"HDAC2",2.68686710623591e-185,0.427052116029622,0.501,0.086,1.02702808268761e-180
"BCAP29",2.72142353958196e-185,0.804967264529504,0.399,0.041,1.04023693376981e-180
"KLF13",3.04869694182191e-185,0.461442761134363,0.453,0.064,1.16533391904201e-180
"CACUL1",3.12936846026426e-185,0.648705955686537,0.381,0.033,1.19616980025141e-180
"ABHD2",3.1769913069513e-185,0.689358453705428,0.474,0.075,1.21437315716907e-180
"ATP6V0A1",3.99735807674315e-185,0.803844057163754,0.376,0.031,1.5279501512543e-180
"MEF2D",4.26888792612509e-185,1.21003630646387,0.366,0.027,1.63173972088205e-180
"CNKSR1",5.11827033292552e-185,1.00683477819347,0.388,0.037,1.95640765205745e-180
"GOSR1",5.35581964444967e-185,0.579929535171739,0.406,0.044,2.04720850089444e-180
"MPRIP",5.39183533369774e-185,1.13542384163355,0.403,0.043,2.06097513795263e-180
"STK38",5.7522668163297e-185,0.488979679347131,0.445,0.06,2.19874646787386e-180
"LGMN",7.65848341717891e-185,0.797757584429472,0.386,0.036,2.92737870138247e-180
"TMEM184A",8.10099813807849e-185,1.01102098331093,0.379,0.033,3.09652552829912e-180
"AZIN1",8.76252146703699e-185,0.115934363198016,0.541,0.102,3.34938620556022e-180
"NCOA3",9.44370134185471e-185,1.01651315805773,0.374,0.031,3.60976040091054e-180
"NRBP1",9.49920161126493e-185,0.527524516430967,0.423,0.051,3.63097482388991e-180
"ARFGAP2",9.53353258009526e-185,0.613465674899218,0.399,0.04,3.64409749341561e-180
"SDF2",1.02057409321255e-184,0.391483884640477,0.412,0.046,3.90104241389565e-180
"MLLT3",1.05164193702498e-184,0.54076125449391,0.434,0.056,4.0197961400843e-180
"HSF1",1.22134845371555e-184,0.489176367284075,0.501,0.086,4.66848232948232e-180
"PNPLA8",1.42201235869747e-184,0.748997700484842,0.39,0.037,5.43550003988522e-180
"CCNT2",1.77670708345376e-184,0.95193534643117,0.365,0.027,6.79128515579366e-180
"AHCTF1",2.32932443615532e-184,0.846787106197936,0.379,0.033,8.90360972476009e-180
"RABGAP1",2.47553476331713e-184,0.926978595929334,0.369,0.029,9.46248407930339e-180
"KHSRP",3.14270351830471e-184,0.222571272006769,0.503,0.086,1.20126699283679e-179
"HEXB",3.18284484176243e-184,0.719162056978617,0.408,0.045,1.21661061231527e-179
"ARIH2",3.42200448038703e-184,0.282070772552541,0.421,0.049,1.30802699258314e-179
"PTP4A1",3.55562743507869e-184,0.950684704697448,0.401,0.042,1.35910303078448e-179
"SMG7",4.00537813320766e-184,0.584222005227865,0.416,0.049,1.5310157376373e-179
"FAM32A",4.24042702435307e-184,0.248424487174588,0.516,0.092,1.62086082578872e-179
"NRDC",5.4976225018177e-184,0.435332035023131,0.489,0.081,2.1014112250948e-179
"AHR",6.12500580760067e-184,1.22741085086164,0.376,0.032,2.34122221989728e-179
"VEZF1",6.42829988919496e-184,0.574822153592654,0.385,0.035,2.45715334964588e-179
"RNF114",6.85721986203407e-184,0.49712541163434,0.571,0.123,2.6211037200639e-179
"RNPS1",7.24833301759897e-184,0.21091368722815,0.602,0.135,2.77060281264703e-179
"PSMD1",7.40610487931744e-184,0.337594060686479,0.516,0.093,2.8309095290703e-179
"EEA1",7.85016039482967e-184,0.629179105803308,0.444,0.061,3.00064530931969e-179
"CDC34",8.0061359995381e-184,0.199819876296695,0.488,0.08,3.06026542446344e-179
"MSMO1",8.74052567794614e-184,0.937350562943929,0.428,0.055,3.34097853513813e-179
"CD99",8.81082048446249e-184,0.324688424277035,0.536,0.103,3.36784802198094e-179
"EHD4",1.13196689477659e-183,0.816462223967256,0.394,0.039,4.32683025859405e-179
"NRIP1",1.14689739702476e-183,0.922951528985343,0.39,0.038,4.38390061038743e-179
"AHSA1",1.18848248281519e-183,0.518207858454056,0.514,0.093,4.54285544231279e-179
"DDX52",1.20233353252035e-183,0.377577125792064,0.475,0.074,4.5957996947058e-179
"BACE2",1.28925555723041e-183,0.518331146454584,0.529,0.101,4.92805044195753e-179
"MARK3",1.32889074332696e-183,1.01742281234089,0.389,0.038,5.07955197729296e-179
"FAM83H",1.34956319216449e-183,0.408281331302341,0.412,0.047,5.15857034572955e-179
"TEAD1",1.38661884112168e-183,0.985356748425811,0.386,0.036,5.30021185830351e-179
"TRIO",1.41705536214121e-183,0.834315352932659,0.412,0.047,5.41655241624857e-179
"KCTD20",1.48712821008879e-183,0.490592521190765,0.386,0.036,5.68439887024338e-179
"TRAPPC3",1.52512304051856e-183,0.349979509324445,0.441,0.058,5.82963031007815e-179
"ELMSAN1",1.55343657194966e-183,1.43813068476259,0.35,0.022,5.93785595262037e-179
"C1orf52",1.6726816472172e-183,0.666827962591616,0.379,0.033,6.39365832832301e-179
"SPRY1",2.1375510878214e-183,0.849467774595493,0.41,0.046,8.17057527808853e-179
"JARID2",2.16424311538386e-183,0.835765448651058,0.365,0.027,8.27260288424325e-179
"CHD9",2.57121404199558e-183,0.724869079536881,0.441,0.061,9.82820855412391e-179
"PRKCI",3.34115754175225e-183,0.799435424292927,0.374,0.031,1.27712405875938e-178
"PPP6R3",3.74906143186821e-183,0.861164654116495,0.393,0.04,1.4330412417173e-178
"RAB22A",4.18748182205979e-183,0.23665087475412,0.478,0.075,1.60062305166413e-178
"FBXW7",4.68477313213985e-183,0.899763732827108,0.38,0.034,1.79070768202914e-178
"SNX5",4.89089956077843e-183,0.477410456935624,0.542,0.107,1.86949744811195e-178
"TMCO1",5.07198744500842e-183,0.304687718750574,0.56,0.116,1.93871648098002e-178
"YAP1",5.16380469794317e-183,0.306408321989243,0.407,0.045,1.9738127077418e-178
"ZNF33A",6.13311847965091e-183,0.988119598719317,0.405,0.045,2.34432320766176e-178
"NEDD9",6.42904514258216e-183,1.07021639174024,0.394,0.041,2.4574382153006e-178
"MAPK14",7.18610809231151e-183,0.868339550523687,0.38,0.034,2.74681795720515e-178
"PLEKHA1",8.75564428061767e-183,0.373069562417487,0.448,0.062,3.3467574698233e-178
"ZFP36L2",1.02467361989982e-182,0.868609679739933,0.805,0.278,3.91671244470506e-178
"AGO3",1.08766777185807e-182,1.47383202983129,0.346,0.021,4.15750129115028e-178
"RAP1B",1.3821975685679e-182,0.391998711336771,0.629,0.149,5.28331198609392e-178
"GALNT1",1.42103990118672e-182,0.766840686834401,0.388,0.038,5.43178291829613e-178
"TMEM181",1.43751859848896e-182,1.2588113988364,0.356,0.025,5.49477109086419e-178
"CLINT1",1.64203908998531e-182,0.44864294082124,0.505,0.089,6.27653021755983e-178
"SYPL1",1.85679485371501e-182,0.424197161364943,0.481,0.078,7.09741264884025e-178
"MIER1",1.86106212264457e-182,0.174873641472299,0.463,0.068,7.11372385759662e-178
"VWA1",1.90436251021235e-182,1.5555717964365,0.36,0.027,7.27923525903569e-178
"LUC7L2",2.45530057232466e-182,0.429033015728068,0.439,0.059,9.38514090765378e-178
"EXOC7",2.60524380917537e-182,0.716563974098277,0.404,0.044,9.95828393619195e-178
"UBE2A",2.67649709598665e-182,0.13069913129589,0.532,0.1,1.02306424996994e-177
"CNPPD1",2.75816959361076e-182,0.644243637747464,0.383,0.036,1.05428274546178e-177
"CTSZ",3.10965107603378e-182,0.446240912058012,0.54,0.109,1.18863302730315e-177
"KIAA1217",3.96094815756465e-182,1.1594037262691,0.357,0.025,1.51403282374751e-177
"PAXBP1",4.58971547162924e-182,0.698059665197577,0.427,0.055,1.75437284187556e-177
"ARFGAP3",4.6117828715926e-182,0.424637355468146,0.431,0.056,1.76280788483756e-177
"EZR",5.43139721042606e-182,0.666227372301963,0.772,0.242,2.07609726971326e-177
"U2AF2",5.59534717346969e-182,0.468612386076302,0.456,0.068,2.13876550358705e-177
"CEBPA",6.39287639000491e-182,0.914670160866687,0.379,0.034,2.44361307131548e-177
"WTAP",7.10814685539521e-182,0.330733256644164,0.484,0.079,2.71701805400627e-177
"B3GNT3",7.72444740482437e-182,0.357531681943977,0.405,0.045,2.95259277602007e-177
"EIF4G1",7.76176518337221e-182,0.195660758848328,0.591,0.13,2.9668571236922e-177
"ZNF3",7.9363947118901e-182,1.31444139836618,0.348,0.022,3.03360751467287e-177
"MGLL",8.56106670660511e-182,0.416254621688393,0.595,0.134,3.27238213793274e-177
"CAPN5",9.22540244045606e-182,0.587376928513072,0.413,0.049,3.52631782883993e-177
"OSBPL8",9.57729344958503e-182,0.344915289987534,0.46,0.069,3.66082464816938e-177
"UBAP2L",1.14530059389817e-181,0.425818343292645,0.413,0.048,4.37779699011635e-177
"PLAGL2",1.15547594060418e-181,0.742491170404203,0.365,0.029,4.41669123536543e-177
"PCDH1",1.22582745348522e-181,0.888572673624595,0.362,0.027,4.68560285820191e-177
"REEP5",1.23818959932071e-181,0.238556161189236,0.515,0.093,4.73285592444348e-177
"ARID3A",1.24136760921842e-181,0.94533831059726,0.369,0.03,4.74500354947648e-177
"GNS",1.57852301116887e-181,0.712603847396765,0.354,0.024,6.0337463578919e-177
"SEL1L",1.6209293077294e-181,1.41135614775219,0.346,0.022,6.19584018586488e-177
"SQSTM1",1.62481773876599e-181,0.879644094158449,0.838,0.317,6.21070332465911e-177
"SLC35C2",1.92339238058486e-181,0.704599511369811,0.376,0.033,7.35197503554758e-177
"RBPJ",2.0059274785176e-181,0.362348549292896,0.515,0.095,7.66745719388568e-177
"TSPAN13",2.06795071805159e-181,0.655777648611537,0.446,0.064,7.90453482468041e-177
"ATP6V0D1",2.23197117819532e-181,0.171792707611551,0.464,0.07,8.53148663153379e-177
"MTDH",2.29410078574105e-181,1.13846199476064,0.664,0.205,8.76897084341660e-177
"DNM2",2.51995177248395e-181,0.417620196718033,0.576,0.126,9.63226365514265e-177
"RNF115",2.60446280223391e-181,0.295475210499722,0.421,0.052,9.95529861525891e-177
"IBTK",2.87243288511324e-181,0.660448505284336,0.395,0.041,1.09795874600568e-176
"CASP8",2.91495504979417e-181,0.523951306040528,0.408,0.047,1.11421241823332e-176
"SNW1",3.02831552225266e-181,0.385409022442026,0.474,0.076,1.15754332522586e-176
"UBN2",3.23776100921837e-181,1.01107971726019,0.366,0.03,1.23760176816363e-176
"ARL8A",3.80770525705309e-181,0.504157742148903,0.398,0.043,1.45545725745597e-176
"CCNT1",3.84851860812472e-181,0.831117734138615,0.374,0.033,1.47105775276959e-176
"SMARCC1",4.76485746128251e-181,0.414160606877368,0.541,0.108,1.82131911600063e-176
"RDH11",4.99289646865469e-181,1.17876036794232,0.362,0.028,1.90848474617857e-176
"CLPTM1",5.04544860284589e-181,0.330276831033635,0.394,0.04,1.92857227395181e-176
"BHLHE40",6.23058413506471e-181,0.918651159188447,0.403,0.046,2.38157847978714e-176
"AHNAK",6.68577094770585e-181,1.01154661588442,0.666,0.19,2.55556908705108e-176
"RBBP4",7.2806077849144e-181,0.286848688434704,0.524,0.098,2.78293951970568e-176
"ARFIP2",7.92951104061164e-181,0.780596693521992,0.402,0.045,3.03097630016339e-176
"ADIPOR1",8.77094607839793e-181,0.337187952416598,0.423,0.053,3.35260642900683e-176
"SRRM2",9.0255769430072e-181,0.631932573852578,0.813,0.264,3.44993653069507e-176
"TC2N",9.86875094146868e-181,0.676439323358264,0.38,0.035,3.77223135986699e-176
"CEACAM1",9.88229400585268e-181,0.881164752856702,0.448,0.066,3.77740806079713e-176
"EHD1",9.9823001036831e-181,0.93051748496022,0.368,0.03,3.81563439163183e-176
"SRSF1",1.06927511016119e-180,0.236911097989923,0.488,0.082,4.08719718108011e-176
"CHMP2B",1.07341326767089e-180,0.158699138521267,0.499,0.085,4.10301487434523e-176
"ZFAND6",1.1673721766061e-180,0.128599415968204,0.48,0.078,4.46216340785916e-176
"RBM12",1.17279676110152e-180,0.315183931906256,0.39,0.039,4.48289833963446e-176
"MBD4",1.34132207544947e-180,0.716151755745241,0.4,0.044,5.12706950119805e-176
"JPX",1.46562366276086e-180,0.493880480660107,0.426,0.055,5.6021998885371e-176
"TGS1",1.60070035229171e-180,0.467601101724719,0.465,0.072,6.11851702659984e-176
"GOLM1",1.71451321039042e-180,0.669656412178458,0.44,0.063,6.55355529539633e-176
"B4GALT4",1.83124364906012e-180,1.97221260902633,0.338,0.019,6.99974572416741e-176
"GIPC1",2.02587790413438e-180,0.325558032148298,0.577,0.124,7.74371570076327e-176
"ILK",2.08781663529744e-180,0.0948389763318744,0.447,0.063,7.98047030676092e-176
"OTUB1",2.23232729651025e-180,0.39711370169679,0.467,0.072,8.5328478581808e-176
"MAP7",2.65732326347013e-180,0.292158629176589,0.503,0.089,1.01573524422882e-175
"PAK2",2.90761611169726e-180,0.4357153748836,0.576,0.124,1.11140718253516e-175
"TTC3",2.99405773883575e-180,0.333854676454787,0.644,0.161,1.14444863009258e-175
"SELENOT",3.0513823663604e-180,0.212277156728431,0.431,0.057,1.1663603957176e-175
"TRIM24",3.05161423202884e-180,0.95100748648554,0.37,0.032,1.1664490240507e-175
"ZBTB11",3.13557111561385e-180,0.703825490570528,0.363,0.028,1.19854070323224e-175
"USP48",3.62454121182797e-180,0.373569384035183,0.429,0.056,1.38544463280912e-175
"VPS13C",3.62795495640851e-180,0.623705023262305,0.461,0.072,1.38674950253759e-175
"TCAF1",3.77284256280403e-180,0.418968334242813,0.401,0.044,1.44213134120621e-175
"SLC39A1",3.84785502071509e-180,0.141002973256244,0.423,0.053,1.47080410311814e-175
"FTX",4.17307808661785e-180,0.968421281269346,0.433,0.06,1.59511736782881e-175
"CDC5L",4.70610227216649e-180,0.429834347858537,0.479,0.078,1.79886053251292e-175
"HERC4",4.72127866994215e-180,0.946554512747268,0.387,0.04,1.80466155879869e-175
"MOB1A",4.93652608077042e-180,0.0743519946465282,0.512,0.093,1.88693772911368e-175
"RBM38",4.95027344389993e-180,0.586295565780356,0.412,0.049,1.89219252119631e-175
"AKAP8",5.30578726812627e-180,0.858285246568643,0.361,0.028,2.02808412536859e-175
"PCM1",6.27345167382841e-180,0.439032337971486,0.446,0.064,2.39796416780417e-175
"CORO2A",6.31707545331318e-180,0.955302929227099,0.372,0.033,2.41463892127443e-175
"RICTOR",6.57407485893991e-180,1.20582570115045,0.379,0.036,2.51287437408119e-175
"ORMDL1",6.73583900024738e-180,0.603508859005546,0.455,0.068,2.57470709945456e-175
"ZCCHC7",7.14938012900263e-180,0.501531037436211,0.384,0.037,2.73277906050997e-175
"SUMF2",7.15227812145832e-180,0.555298289261266,0.457,0.07,2.73388678914623e-175
"HECA",7.55865127104299e-180,0.99763434071837,0.365,0.03,2.88921886184347e-175
"CTR9",7.5889653535998e-180,0.786720983319021,0.392,0.041,2.90080611675999e-175
"YPEL2",7.98978507981643e-180,1.32555593458646,0.356,0.026,3.05401544890903e-175
"USO1",8.36286283467756e-180,0.468920362493483,0.407,0.047,3.19662068992715e-175
"HUWE1",8.43170457854461e-180,0.38841567683889,0.47,0.075,3.22293475810289e-175
"GANAB",8.67070364125322e-180,0.589808273876177,0.409,0.048,3.31428975983263e-175
"TARDBP",9.0415290780401e-180,0.366814633838856,0.458,0.07,3.45603407479005e-175
"ICE1",9.67129448295936e-180,0.39894330167535,0.404,0.046,3.69675560316638e-175
"ARF3",1.11793786016432e-179,0.133877395932346,0.481,0.078,4.27320567669211e-175
"UPF3A",1.11836122470564e-179,0.343951456611417,0.491,0.084,4.27482394531483e-175
"TNRC6A",1.18352871827041e-179,0.931526136763885,0.388,0.04,4.5239201727168e-175
"SLAIN2",1.22390550780685e-179,0.830256317009809,0.39,0.04,4.67825641304089e-175
"DNMBP",1.27176932355409e-179,0.944881824769418,0.377,0.035,4.86121106235314e-175
"PLEKHF2",1.31223469429596e-179,0.687526724664468,0.368,0.031,5.01588589547688e-175
"EIF4E",1.4510874256241e-179,0.324856695658603,0.502,0.089,5.54663657570555e-175
"LSG1",1.62407668186079e-179,0.66860051418357,0.373,0.033,6.20787070874467e-175
"CDC42SE2",1.68155261871654e-179,0.305195409354057,0.472,0.076,6.4275667297821e-175
"TMEM9B",1.7057215474089e-179,0.132623989364243,0.402,0.045,6.51995004281578e-175
"ATP11B",1.74415400901399e-179,0.68790931848842,0.37,0.032,6.66685428405507e-175
"MEPCE",1.74890552583368e-179,1.1123268572038,0.387,0.04,6.68501648194667e-175
"ARHGEF5",1.82229910975704e-179,0.951117570893634,0.376,0.035,6.9655561171353e-175
"HMGXB4",1.84801569565398e-179,0.4468409237392,0.411,0.049,7.06385519506777e-175
"MOB4",1.85403221570392e-179,0.360980083381612,0.409,0.048,7.08685274130668e-175
"HEPH",1.89509831490827e-179,0.847181089992425,0.387,0.04,7.24382379890538e-175
"LARP4B",1.9171134782703e-179,0.600278574138679,0.392,0.041,7.32797455934041e-175
"EIF2AK1",2.07244470691721e-179,0.180946706264437,0.546,0.11,7.92171264772032e-175
"PILRB",2.12730824003718e-179,1.02135385572509,0.418,0.053,8.13142301671811e-175
"TTF1",2.39290538859755e-179,0.654914881701859,0.381,0.036,9.14664155737527e-175
"THUMPD1",2.58032792094083e-179,0.447518863391336,0.409,0.048,9.86304544500422e-175
"GOPC",2.62050781403956e-179,0.570087907517027,0.416,0.051,1.00166290683848e-174
"PDS5B",2.72109108120504e-179,0.697397663193476,0.388,0.04,1.04010985487982e-174
"POM121C",2.73306159590896e-179,0.926904583110932,0.359,0.027,1.04468546442024e-174
"DNAJA1",2.81428523798065e-179,0.939468213980244,0.788,0.283,1.07573238936573e-174
"KCMF1",2.82440285088466e-179,0.230233598408354,0.461,0.07,1.07959974572215e-174
"PPP2CB",2.8257355540203e-179,0.991062865143638,0.365,0.03,1.08010915816872e-174
"RAB8A",2.99925092975265e-179,0.205805614216446,0.468,0.073,1.14643367538865e-174
"USP3",3.02618186482358e-179,0.325353564411166,0.418,0.052,1.15672775601017e-174
"CORO1C",3.11251930605373e-179,0.400196708264318,0.4,0.044,1.18972937954598e-174
"SLC9A3R1",3.26814437590374e-179,0.52482325114242,0.4,0.044,1.24921550624544e-174
"STARD7",3.39361637455762e-179,0.132871613073979,0.468,0.073,1.2971759230109e-174
"CPD",3.62590309958533e-179,0.739144365675999,0.362,0.029,1.3859652007855e-174
"MAPK6",4.13078652144466e-179,0.972280906222798,0.379,0.036,1.57895183995701e-174
"BACH1",4.18284662013512e-179,0.869598676395209,0.392,0.042,1.59885129208045e-174
"UBR4",4.38023610025914e-179,0.292802376320332,0.428,0.056,1.67430144696305e-174
"NBEAL1",4.71727204252908e-179,0.426504251445974,0.463,0.072,1.80313006553632e-174
"CRIM1",4.76634648750996e-179,1.20033736667598,0.354,0.026,1.82188828138581e-174
"DDX23",4.97435638373031e-179,0.472172026631698,0.422,0.054,1.90139798411707e-174
"NRBF2",5.01648346889174e-179,0.624297024364445,0.38,0.036,1.91750064114918e-174
"STRN",5.56154653822733e-179,0.516578479809719,0.379,0.036,2.12584554877202e-174
"VPS51",5.57219495438794e-179,0.283793711670728,0.486,0.082,2.12991579936525e-174
"PGRMC1",5.91047275428413e-179,0.251219897320229,0.529,0.104,2.25921910559757e-174
"SMAD5",6.02653439091694e-179,0.408101066018344,0.432,0.058,2.30358250558409e-174
"SLC37A3",6.4863996042912e-179,1.20748930980902,0.342,0.021,2.47936138474427e-174
"CDR2",8.03585254795786e-179,0.961736942571127,0.353,0.025,3.07162427793141e-174
"BECN1",8.056583710211e-179,0.318730669584395,0.452,0.068,3.07954855739105e-174
"PAQR8",8.13944675998917e-179,1.38909812843793,0.342,0.021,3.11122212953826e-174
"UBR2",9.58162793099331e-179,0.804517324432058,0.38,0.037,3.66248146034288e-174
"BRD3",9.74478646271015e-179,0.656271754968251,0.395,0.043,3.72484717750633e-174
"CCDC6",9.98799976216625e-179,0.188573911193318,0.458,0.069,3.81781302909043e-174
"ANXA11",1.00769295047818e-178,0.423170275881635,0.655,0.168,3.85180553390778e-174
"PPP2R5A",1.04198522083239e-178,0.602227077490488,0.402,0.046,3.98288430810973e-174
"CAMK2N1",1.06824538734573e-178,0.90017570184737,0.673,0.195,4.08326116859031e-174
"PPP3CA",1.17390617651739e-178,0.70270089853023,0.388,0.04,4.48713896912008e-174
"PERP",1.23470466617266e-178,0.682472965472444,0.744,0.231,4.71953511597839e-174
"TXNDC12",1.24250637796689e-178,0.504294547504493,0.434,0.059,4.74935637914065e-174
"H1FX",1.30209057991411e-178,0.569956648656736,0.6,0.141,4.97711103266368e-174
"ILF3-DT",1.35886392303159e-178,1.49419238450062,0.358,0.028,5.19412145939596e-174
"CMIP",1.40771503614676e-178,0.555380213072166,0.425,0.056,5.38084995416737e-174
"GARS",1.41269361711355e-178,0.2778393476746,0.519,0.097,5.39988008205485e-174
"ABHD17B",1.42486989385601e-178,2.07693433614686,0.321,0.013,5.44642268227522e-174
"DNAJC10",1.44210770909504e-178,0.388841647149782,0.45,0.067,5.51231250724486e-174
"ACLY",1.58189084541244e-178,0.539455249396408,0.421,0.054,6.04661956750449e-174
"FOXP4",1.75898979180316e-178,0.397140687460676,0.402,0.046,6.72356258018842e-174
"LARP7",1.78915034996829e-178,0.287147519148447,0.454,0.068,6.83884829771881e-174
"SPIRE2",1.97274378357969e-178,1.22059603262502,0.354,0.026,7.54061583835499e-174
"WASHC4",2.0876344401108e-178,0.694705011381157,0.364,0.03,7.97977388387951e-174
"OXR1",2.29715560543322e-178,0.837290953218075,0.4,0.045,8.78064758620795e-174
"IFNAR1",2.38509047476287e-178,0.195723460667646,0.438,0.061,9.11676983073361e-174
"TMEM179B",2.42049292162132e-178,0.320595281241264,0.443,0.064,9.25209214360532e-174
"DAXX",2.52949152828526e-178,0.529414582359744,0.382,0.037,9.66872841771759e-174
"KPNB1",2.88442093391421e-178,0.492748476008966,0.6,0.14,1.10254105777937e-173
"CALCOCO2",3.17186834651284e-178,0.329544807830819,0.483,0.081,1.21241495677107e-173
"TMED2",3.27777518620187e-178,0.247082857953358,0.527,0.102,1.2528967871738e-173
"USF2",3.27801518512072e-178,0.405593034850316,0.46,0.071,1.25298852436055e-173
"MUC13",3.44823781184857e-178,0.825987090503126,0.698,0.202,1.318054421201e-173
"SAR1B",3.61054693255594e-178,0.48554769786508,0.393,0.042,1.38009545950018e-173
"CHRAC1",4.16593058292324e-178,0.103812154144724,0.428,0.057,1.59238530601658e-173
"ARID5B",4.56813381157169e-178,0.907628632735086,0.409,0.05,1.74612346813516e-173
"AAK1",5.50929599227895e-178,0.609859254059769,0.449,0.068,2.1058733000887e-173
"TNPO1",6.14132806605012e-178,0.415316096897504,0.422,0.055,2.347461239967e-173
"EPB41",7.2548199021855e-178,0.26075053327989,0.459,0.07,2.77308235941138e-173
"BTBD7",7.50287507965566e-178,0.880624326852258,0.363,0.03,2.86789897044758e-173
"SPATS2L",7.87558525283631e-178,0.429099237275281,0.562,0.12,3.01036370704415e-173
"OGDH",8.23199904361425e-178,0.449594559436254,0.428,0.057,3.14659931443111e-173
"DUSP2",1.01854017979037e-177,1.02562507542162,0.433,0.061,3.89326798323071e-173
"PRKAA1",1.04306482922592e-177,0.78860926386736,0.382,0.038,3.98701100323316e-173
"SYNJ2",1.08424639537232e-177,0.695467612989719,0.393,0.043,4.14442342167115e-173
"HGS",1.11615310255396e-177,0.422775705989344,0.434,0.06,4.26638361920227e-173
"TSC22D3",1.12750890220667e-177,0.806601684062503,0.522,0.102,4.30979002779476e-173
"TMED4",1.32507128743779e-177,0.465703026759836,0.565,0.126,5.06495248910223e-173
"KPNA3",1.38169679432175e-177,0.33772387924461,0.404,0.046,5.28139782661544e-173
"ORMDL2",1.45389723571088e-177,0.185596429169918,0.465,0.073,5.55737679378127e-173
"PLSCR1",1.55523896465164e-177,0.223732480891832,0.522,0.1,5.94474541848443e-173
"BCL3",1.56981790554275e-177,0.911839686131605,0.375,0.035,6.00047196214661e-173
"CYP2S1",1.59775579757169e-177,0.967163311069117,0.356,0.027,6.10726176063804e-173
"STIP1",1.70211408165392e-177,0.174464097513583,0.539,0.108,6.50616086571393e-173
"SLC7A5",1.92017284800007e-177,0.991579521146925,0.399,0.046,7.33966869419546e-173
"SNTB2",1.94163075461485e-177,0.792085301716068,0.362,0.03,7.42168939643981e-173
"SSBP3",1.97338183620959e-177,0.330374472304728,0.417,0.052,7.54305473072755e-173
"TWF1",2.00176116486508e-177,0.100886717919133,0.514,0.095,7.65153187658026e-173
"PER2",2.0868155997667e-177,1.07544801973064,0.356,0.027,7.97664394854825e-173
"TRNAU1AP",2.21570510701057e-177,1.09010949280087,0.35,0.025,8.46931120103719e-173
"AUTS2",2.26269611064606e-177,1.06585669875556,0.377,0.036,8.6489296133335e-173
"NFIX",2.37003310557912e-177,0.418819559717368,0.431,0.059,9.05921454276562e-173
"TMED5",2.37912746211233e-177,0.679857268803297,0.368,0.032,9.09397681117818e-173
"PRRG4",2.66466087189114e-177,1.14764821544667,0.351,0.026,1.01853997167167e-172
"ITGB5",2.84781501806083e-177,1.24597292479809,0.344,0.023,1.08854881250357e-172
"RNPEPL1",2.87684579448125e-177,0.154106045387435,0.501,0.09,1.09964553648251e-172
"CIR1",3.44315600213594e-177,0.15422391712371,0.504,0.091,1.31611195025644e-172
"SCML1",3.70678886174122e-177,1.13524666486497,0.37,0.034,1.41688297451196e-172
"BAG6",3.87127854073444e-177,0.178336057873479,0.463,0.072,1.47975750941033e-172
"PTPN11",4.64566657314317e-177,-0.0501692984414008,0.472,0.076,1.77575959091824e-172
"RLF",5.45155424662385e-177,1.18234385511997,0.339,0.021,2.0838020952295e-172
"GRINA",5.63136256472788e-177,0.653422436056094,0.481,0.084,2.15253202674159e-172
"FIP1L1",5.82418827879536e-177,0.321512313239287,0.395,0.044,2.22623772768674e-172
"DARS",6.02579489649365e-177,0.28913641138168,0.499,0.09,2.30329984123573e-172
"TMEM30A",6.03688860689511e-177,0.904088370804726,0.39,0.042,2.30754030109959e-172
"TCP1",6.88911885437853e-177,0.353327235889915,0.577,0.127,2.63329679089765e-172
"UBE2K",7.17527783514033e-177,0.251234964066495,0.525,0.102,2.74267819970404e-172
"TLK1",7.32469904005921e-177,0.229171341744975,0.465,0.074,2.79979296107223e-172
"AKAP8L",8.30675749729834e-177,0.461455132446958,0.422,0.055,3.17517498576732e-172
"GNL1",8.87244593376421e-177,0.486643330499924,0.393,0.042,3.39140373372203e-172
"FAM168B",9.18972490838224e-177,0.639685017168715,0.386,0.04,3.51268044898003e-172
"LSR",9.37619725598813e-177,0.608315247293216,0.629,0.16,3.5839576391289e-172
"ACVR1B",1.03757102143962e-176,0.835968460859812,0.333,0.019,3.96601147235081e-172
"FAM120A",1.081413204393e-176,0.358275824194567,0.633,0.159,4.1335938324718e-172
"SPAG1",1.10465730322696e-176,0.783953481301546,0.394,0.044,4.22244207585472e-172
"PHKB",1.13366746882919e-176,0.91506386807706,0.396,0.044,4.33333053285271e-172
"RUNX1",1.20582530350694e-176,0.657402932366986,0.403,0.048,4.60914664012492e-172
"UFL1",1.32920912616355e-176,0.962814509361363,0.383,0.039,5.08076896384757e-172
"PINK1",1.45591965071004e-176,0.671205814340989,0.377,0.036,5.56510727287406e-172
"CTSS",1.74327573232406e-176,0.323376808645697,0.564,0.124,6.66349715923547e-172
"LUC7L",2.04518697937175e-176,0.553781340386246,0.398,0.046,7.81752270995059e-172
"HACD3",2.05233277810668e-176,0.716451044717778,0.394,0.044,7.84483681103498e-172
"TMEM245",2.14499794770601e-176,0.943658273247304,0.351,0.026,8.19904015531144e-172
"ESYT2",2.16310246689519e-176,0.514198526129839,0.404,0.048,8.26824286946016e-172
"UBE2G2",2.31443585484344e-176,0.359397644874078,0.47,0.076,8.84669961155358e-172
"RAB11B",2.35969493858977e-176,0.306022226606888,0.46,0.072,9.01969793326555e-172
"PCYOX1",2.61064539835998e-176,1.17927992276705,0.341,0.022,9.9789309706912e-172
"CARMIL1",2.62697748202395e-176,0.829969677391425,0.375,0.036,1.00413587272883e-171
"DHX9",3.13570527482045e-176,0.2217816496774,0.496,0.089,1.19859198424737e-171
"SSFA2",3.29766630029804e-176,0.907952144695399,0.354,0.027,1.26049996662592e-171
"CWC22",3.50889817549655e-176,0.765685611553213,0.367,0.033,1.3412412386018e-171
"SRPK2",3.79601254326352e-176,0.172247077901132,0.418,0.054,1.45098783453705e-171
"ZNF503",3.91684460937575e-176,1.61695681504915,0.325,0.016,1.49717468348779e-171
"FRAT2",4.14042152694976e-176,0.807459924773051,0.373,0.035,1.58263472446128e-171
"LRBA",4.42272625577271e-176,0.952348878710019,0.421,0.056,1.69054288400656e-171
"SLC30A7",4.45989376894052e-176,0.695519568822989,0.333,0.019,1.70474979423982e-171
"ODR4",4.74926865291523e-176,0.951323219319301,0.345,0.024,1.81536044989032e-171
"FGD4",5.42522059319958e-176,1.35584036516464,0.351,0.027,2.07373631954461e-171
"UPF1",6.49555717930856e-176,0.263671860349345,0.43,0.059,2.4828617762189e-171
"RGS16",6.94862248875913e-176,1.43733252078785,0.348,0.025,2.65604146010329e-171
"EHMT1",7.2604388633024e-176,0.593375096573284,0.417,0.054,2.77523015110871e-171
"GGA1",7.72522149566121e-176,0.583284365977658,0.414,0.053,2.95288866450154e-171
"EIF5",1.21639709056323e-175,0.593460539761132,0.683,0.19,4.6495562389689e-171
"SNX6",1.22684800858242e-175,0.287414432316305,0.491,0.087,4.68950382800546e-171
"EFR3A",1.23795102938268e-175,0.452615335977206,0.422,0.056,4.73194401471236e-171
"HDHD3",1.24976920434e-175,0.255339191962251,0.462,0.073,4.7771178066692e-171
"TMC4",1.28959138472831e-175,0.938126036774393,0.403,0.049,4.92933410898549e-171
"SH3GLB1",1.51126858271369e-175,0.270747458890092,0.566,0.122,5.77667303056483e-171
"SUZ12",1.56925157420333e-175,0.348096470990945,0.466,0.075,5.99830721723482e-171
"C12orf49",1.63607653670678e-175,0.241534089159619,0.4,0.046,6.253738953908e-171
"CLMN",1.69064025075896e-175,1.10789084308729,0.363,0.032,6.46230329450105e-171
"LMAN1",1.71365684731133e-175,0.470348525991018,0.427,0.059,6.55028193316283e-171
"TRMT10C",1.75731038840142e-175,0.466861142000647,0.469,0.078,6.71714322862559e-171
"TAF11",1.88700855180784e-175,0.502157058627802,0.393,0.043,7.21290148843029e-171
"CTDNEP1",1.89499273113328e-175,0.302122526962223,0.425,0.057,7.24342021548386e-171
"ZMIZ2",1.92185747458131e-175,0.453320554730832,0.44,0.064,7.3461080108396e-171
"NFATC2IP",2.07433663910962e-175,0.594429331916548,0.416,0.054,7.92894436933262e-171
"ACAA1",2.35141571664906e-175,0.344745564465204,0.436,0.062,8.98805143531936e-171
"ASAH1",2.68103219926151e-175,0.357116133157942,0.428,0.059,1.02479774784572e-170
"FEZ2",2.79424171610708e-175,0.858427517260697,0.354,0.028,1.06807095356477e-170
"SLC35B1",3.12298087048989e-175,0.356708287952535,0.383,0.039,1.19372820793606e-170
"EIF4EBP2",3.39395027394331e-175,0.308319539139246,0.424,0.057,1.29730355271209e-170
"PTPN1",3.50912380586569e-175,0.298585039886277,0.419,0.054,1.3413274835541e-170
"LINC00511",3.76272713345931e-175,1.23302529730681,0.356,0.029,1.43826481949349e-170
"MTCH1",3.91353652378942e-175,0.490035821290834,0.579,0.133,1.49591020085327e-170
"GID8",4.01457079721483e-175,0.208373444185622,0.499,0.09,1.53452954152739e-170
"DNAJC2",4.08244653707168e-175,0.263390496527198,0.516,0.1,1.56047436433028e-170
"SH3D19",4.09976526351658e-175,0.219357130390322,0.485,0.084,1.56709427432658e-170
"STAG2",4.11179046584981e-175,0.213258565122203,0.546,0.112,1.57169078766643e-170
"FAF2",4.89572593276534e-175,1.3171048109421,0.34,0.023,1.87134228054022e-170
"SAR1A",5.03824264621887e-175,0.148870115396494,0.448,0.067,1.9258178690907e-170
"NCBP2",5.05551396993229e-175,0.208524813889065,0.492,0.087,1.93241965986692e-170
"CMTM8",5.24492590299447e-175,0.752780608093552,0.351,0.027,2.00482047716061e-170
"TNIP2",5.28979233667003e-175,0.249486444406856,0.438,0.063,2.02197022276875e-170
"TANK",5.61911299567711e-175,0.497543225270068,0.419,0.055,2.14784975146762e-170
"USP7",6.20758049818224e-175,-0.0251500998409254,0.498,0.089,2.37278556962518e-170
"TRIM28",6.80541277215553e-175,0.218716950288373,0.566,0.122,2.60130097802873e-170
"TIA1",7.01635966567118e-175,1.192802446357,0.367,0.034,2.68193331860615e-170
"TMX2",7.20807950765107e-175,0.386550195594344,0.409,0.051,2.75521631100454e-170
"SLC25A37",8.08997895901911e-175,0.837982720449957,0.388,0.042,3.09231355729546e-170
"SZRD1",8.37641055921892e-175,0.140598509435248,0.444,0.065,3.20179917215584e-170
"ARPP19",9.55690111480149e-175,0.146848531062985,0.468,0.076,3.65302988212172e-170
"SERINC2",9.7188507851123e-175,0.358361993687452,0.557,0.12,3.71493352410133e-170
"DDX27",9.74613450698096e-175,0.177268749710261,0.553,0.117,3.7253624539484e-170
"SLC17A9",1.00337080666929e-174,0.982610997526683,0.351,0.027,3.83528457141269e-170
"SOD2",1.0103986750018e-174,0.274564603757231,0.618,0.155,3.86214789532689e-170
"SFSWAP",1.06820661228702e-174,0.588656225735982,0.392,0.044,4.08311295480592e-170
"RALGAPB",1.12284299016374e-174,0.923053239685805,0.348,0.026,4.29195504560189e-170
"TSPAN31",1.19033437466917e-174,0.509303449646197,0.361,0.031,4.54993411373545e-170
"CHDH",1.20585036409774e-174,0.612844002552672,0.404,0.049,4.60924243172719e-170
"TBRG1",1.22885203004749e-174,0.611059223981907,0.392,0.044,4.69716399965353e-170
"EMC4",1.24146333376989e-174,0.39757076688067,0.419,0.055,4.74536944700204e-170
"SLC35B2",1.30957421002742e-174,0.508516960465001,0.358,0.03,5.0057164604088e-170
"CNDP2",1.36198217895639e-174,0.0342400755920624,0.478,0.081,5.20604068084289e-170
"HSBP1L1",1.40794147525799e-174,0.385992055639172,0.432,0.061,5.38171549502613e-170
"RTCB",1.41794868550591e-174,0.144416078976694,0.441,0.064,5.41996705547777e-170
"RC3H1",1.42669372676059e-174,1.16122176626267,0.371,0.036,5.45339410116969e-170
"CAB39",1.46289965158845e-174,0.290913378978677,0.448,0.068,5.59178762823168e-170
"CNPY2",1.48999377890634e-174,0.38072982977541,0.535,0.11,5.69535222049159e-170
"YTHDF1",1.50982813017606e-174,0.160752962533794,0.426,0.057,5.77116704478498e-170
"ATXN2L",1.76329504061373e-174,0.876168731996818,0.373,0.037,6.74001896324191e-170
"IL6ST",1.7633960074458e-174,0.746581880762813,0.37,0.035,6.74040489886083e-170
"HSD17B11",1.83228126701308e-174,0.458042462166605,0.43,0.061,7.00371191503081e-170
"AKIRIN2",1.93569135968303e-174,0.303101890195521,0.381,0.039,7.3989866532524e-170
"EXOSC6",2.09543342074732e-174,0.534012981128445,0.403,0.049,8.00958470746455e-170
"RASSF7",2.18902603713764e-174,0.221606503764794,0.472,0.079,8.36733312435493e-170
"MAP7D1",2.26304052956787e-174,0.487912520682099,0.368,0.034,8.65024612022024e-170
"NOC2L",2.27678817538606e-174,0.292779586185276,0.452,0.07,8.70279512159568e-170
"KIAA1109",2.28651137762489e-174,1.11848150712003,0.398,0.048,8.73996108983338e-170
"FBXO7",2.39046079792586e-174,0.155146597643174,0.395,0.045,9.13729735399182e-170
"TFRC",2.40927693338847e-174,0.126052320719289,0.569,0.124,9.2092201501841e-170
"CHCHD7",2.45039307380197e-174,0.226388143547776,0.511,0.097,9.36638248530067e-170
"NELFE",2.47205363749558e-174,0.290471826793617,0.488,0.086,9.44917782396311e-170
"CASK",2.62673931255533e-174,0.438748202756863,0.434,0.062,1.00404483483115e-169
"PPP1R11",2.77795450579708e-174,0.296570833060682,0.459,0.074,1.06184533029587e-169
"MMP15",2.81696640037775e-174,1.48775378788016,0.322,0.016,1.07675723688039e-169
"SSH2",2.84397262737887e-174,0.884848078797924,0.369,0.034,1.0870800970893e-169
"NSMCE2",3.3135233752494e-174,0.338541249965913,0.395,0.045,1.26656117495533e-169
"CHERP",3.34520401718113e-174,0.850985842070478,0.353,0.028,1.27867078352731e-169
"DYNLL2",4.01009929409163e-174,0.216981155750897,0.425,0.057,1.53282035417358e-169
"SF3B4",4.13044483601001e-174,0.32041179394954,0.405,0.05,1.57882123411647e-169
"CRK",4.88168320070661e-174,0.457249475433527,0.402,0.048,1.86597458663809e-169
"ZNF791",5.12712692116972e-174,1.0657119527047,0.356,0.03,1.95979299434792e-169
"SCYL1",5.13166318861303e-174,0.349367185739241,0.384,0.041,1.96152693721544e-169
"KRIT1",6.07365573426668e-174,0.573093412885524,0.381,0.039,2.32159416786609e-169
"UGGT1",7.14753597486429e-174,0.938555914177227,0.363,0.032,2.73207415103213e-169
"ANKRD9",7.1518208243228e-174,0.757299823103591,0.401,0.048,2.73371199188915e-169
"RHOT2",8.68963415599255e-174,0.500834217823164,0.392,0.044,3.32152575978659e-169
"TNFRSF14",9.23883703995544e-174,0.275012977736278,0.464,0.076,3.53145307015257e-169
"RDH13",1.17843566598984e-173,0.508212488346587,0.393,0.044,4.50445248967958e-169
"SC5D",1.29581814552825e-173,1.09010523655468,0.346,0.026,4.9531352794672e-169
"MAP1LC3A",1.36136176723887e-173,0.501718001117965,0.501,0.094,5.20366921909386e-169
"FNBP1L",1.36241509540529e-173,0.334666073158721,0.463,0.075,5.20769546067719e-169
"WLS",1.42999593376165e-173,1.51188289975372,0.325,0.018,5.46601645721052e-169
"PDPK1",1.54513981453659e-173,0.4564785404232,0.388,0.043,5.90614242708465e-169
"CAPZA2",1.64227548231632e-173,0.157961913842064,0.556,0.118,6.2774338036059e-169
"SHISA5",1.64918678687458e-173,0.36253374834503,0.426,0.059,6.3038515741494e-169
"UCKL1",1.71910595817386e-173,0.636814022050985,0.38,0.04,6.57111061452375e-169
"SRC",1.72838406292268e-173,0.887742674024775,0.351,0.028,6.60657524211565e-169
"GNL2",1.84692331683624e-173,0.378829821776904,0.397,0.047,7.05967968627486e-169
"NFKB1",2.00138942127362e-173,0.641021657326618,0.415,0.055,7.65011092387627e-169
"RAB10",2.21595290221111e-173,0.0227292527706395,0.558,0.119,8.47025837341173e-169
"TRIM27",2.22172277296346e-173,0.397831496948958,0.397,0.047,8.49231312737552e-169
"EXOC1",2.58193593133948e-173,0.488412881759094,0.407,0.051,9.86919190395204e-169
"CSNK2A1",3.02987307860179e-173,0.350422758285207,0.572,0.128,1.15813868556475e-168
"OGT",3.3032268892737e-173,0.674313750889366,0.408,0.053,1.26262544615598e-168
"STK17B",3.40240430083694e-173,0.753470815498079,0.407,0.051,1.30053501995191e-168
"PRSS23",3.57405815109213e-173,1.32465825912841,0.382,0.042,1.36614798767346e-168
"PBDC1",3.6681574776033e-173,0.34715327643243,0.445,0.067,1.40211651423908e-168
"TRIP10",3.97058016017058e-173,0.693646412866145,0.384,0.042,1.5177145604236e-168
"MMADHC",4.86655937297367e-173,0.360128267405338,0.463,0.076,1.86019365472546e-168
"EIF4A3",4.94489234339463e-173,0.314799344497881,0.525,0.105,1.89013564933916e-168
"NBL1",4.96343796412577e-173,0.216565382564691,0.553,0.119,1.89722452740744e-168
"TRIM2",5.63256217165145e-173,0.174805104221868,0.499,0.092,2.15299056449205e-168
"OTUD6B-AS1",5.6648409116579e-173,0.478010381091888,0.503,0.097,2.16532879007212e-168
"PTOV1",6.18043795737027e-173,0.280897372113978,0.43,0.061,2.36241060482521e-168
"EFNB1",6.30699834377213e-173,1.05946766827685,0.394,0.047,2.41078704692346e-168
"MRPS6",6.78156925789105e-173,0.194127819721263,0.49,0.087,2.59218703313627e-168
"SRSF2",6.80995490149762e-173,0.485075109219282,0.714,0.209,2.60303716154845e-168
"TAF2",7.20588864536371e-173,0.851150128727802,0.336,0.022,2.75437887580383e-168
"MYO1D",7.47762526758281e-173,0.333801618620522,0.437,0.064,2.85824748228085e-168
"MUC3A",8.27413928417549e-173,0.287574069643519,0.507,0.096,3.16270699998324e-168
"C19orf25",8.33516067557262e-173,0.311596254864036,0.411,0.053,3.18603181663088e-168
"BAG5",8.41607317402492e-173,0.451249969334304,0.421,0.057,3.21695981003929e-168
"RCN2",9.65027462104544e-173,0.600302685925203,0.409,0.053,3.68872097114841e-168
"URI1",1.02033260081553e-172,0.211294979472446,0.539,0.112,3.90011933335727e-168
"IGSF8",1.06984462148481e-172,1.18880536428608,0.324,0.018,4.08937408116355e-168
"FOXK1",1.20534240663512e-172,0.580701552107973,0.363,0.033,4.60730081512207e-168
"UACA",1.2508987316387e-172,0.863509117265947,0.358,0.031,4.78143531181578e-168
"MICAL3",1.30252271851983e-172,1.16046222359577,0.357,0.031,4.97876283927019e-168
"PHF20",1.350670092258e-172,0.28219231650984,0.465,0.077,5.16280136064699e-168
"CRNKL1",1.44345729427083e-172,0.19716027579195,0.403,0.049,5.51747116162081e-168
"ABHD5",1.54529816437844e-172,1.34898681468272,0.341,0.024,5.90674770352015e-168
"ARMCX3",1.61149527678664e-172,0.23410772770451,0.405,0.05,6.15977954598925e-168
"PAK1",1.9454388055073e-172,0.0264429133460966,0.429,0.06,7.43624529017112e-168
"FYTTD1",2.18387814540557e-172,0.529984425598406,0.375,0.038,8.34765582299824e-168
"NELFCD",2.21851909569729e-172,0.244277753105299,0.48,0.084,8.48006739139333e-168
"SEC16A",2.24700623729228e-172,0.387824376181787,0.387,0.043,8.58895664142602e-168
"PNKP",2.27567353256633e-172,0.281073297096727,0.465,0.077,8.69853451088154e-168
"ITCH",2.32553031201709e-172,0.433874270361183,0.381,0.04,8.88910706465412e-168
"SH3GLB2",2.41588567409848e-172,0.297484153648504,0.48,0.084,9.23448140067403e-168
"RAD23B",2.44854726567988e-172,0.115675267749161,0.52,0.101,9.35932706833476e-168
"SRP19",2.47666658530049e-172,0.106746922111595,0.48,0.083,9.46681035565261e-168
"DNAJB12",2.49189097186248e-172,0.626472768857168,0.357,0.031,9.52500405084714e-168
"SEC23B",2.56670670055837e-172,0.393378634463887,0.378,0.039,9.81097969221431e-168
"CTDSP1",2.66420087107353e-172,0.230900772358767,0.42,0.057,1.01836414095915e-167
"PIP5K1A",3.46109354858172e-172,1.87243092111823,0.315,0.015,1.32296839800987e-167
"C3orf52",3.52806353867641e-172,0.854225050586939,0.363,0.034,1.34856700702367e-167
"COPB2",3.70651183005832e-172,0.0638497964166719,0.488,0.088,1.41677708192149e-167
"AGPAT3",3.89462633406164e-172,0.602239092679116,0.365,0.034,1.48868196993172e-167
"HADHA",3.9817552644357e-172,0.0207819974801842,0.575,0.127,1.5219861322779e-167
"CARM1",4.16796095987298e-172,0.511229531179873,0.401,0.049,1.59316139730185e-167
"RALBP1",4.24834459647965e-172,0.188821136615857,0.536,0.111,1.62388723855838e-167
"TUT4",4.62464459780631e-172,0.86088332324112,0.392,0.046,1.76772415106548e-167
"SRP68",4.73146186356651e-172,0.621116378808174,0.396,0.047,1.80855398272966e-167
"NUMB",5.22146438442552e-172,0.855217433777662,0.368,0.035,1.99585254630281e-167
"BAMBI",5.41149227774859e-172,1.41568957178501,0.328,0.02,2.06848880824662e-167
"RHBDD2",6.17355434910748e-172,0.874643287064425,0.37,0.036,2.35977941440284e-167
"TRABD2A",6.32261340753973e-172,1.22219356871188,0.41,0.056,2.41675574889799e-167
"U2SURP",7.0530200537544e-172,0.382117972337279,0.612,0.151,2.69594638534708e-167
"NOL8",7.58568264872321e-172,0.480219819486747,0.435,0.064,2.89955133564796e-167
"VAPB",7.6301091459191e-172,0.270581249738733,0.406,0.051,2.91653291993612e-167
"PABPC4",7.75737315809973e-172,0.497936338011248,0.681,0.188,2.96517831595204e-167
"SERTAD3",7.93468792983046e-172,0.816730115083919,0.342,0.025,3.03295511429839e-167
"PKP2",8.04879904613416e-172,0.526529676290998,0.379,0.04,3.07657294739432e-167
"SLU7",8.15382515732152e-172,0.46252206357471,0.39,0.045,3.11671812813458e-167
"SPCS2",8.65253188193908e-172,0.466426256278803,0.579,0.138,3.30734378655239e-167
"PAPOLA",9.35282486674662e-172,0.333384348818844,0.621,0.155,3.57502377706523e-167
"SPTSSA",9.82136733240767e-172,0.162178338193025,0.44,0.066,3.75411944913951e-167
"MYSM1",9.97742077487533e-172,0.549157880156171,0.38,0.04,3.81376931698835e-167
"MED15",1.03181373822052e-171,0.624457426240485,0.369,0.036,3.94400483297412e-167
"ATP6V1C1",1.07683828818918e-171,0.408102462483388,0.382,0.041,4.11610667277431e-167
"NSD3",1.09603323373027e-171,0.304115004125628,0.579,0.134,4.18947743261059e-167
"MBOAT7",1.22091137958358e-171,0.524784207287807,0.381,0.041,4.66681165732027e-167
"FGFR1OP2",1.27389200339755e-171,0.442582799924778,0.381,0.041,4.86932479378678e-167
"MANBAL",1.27971583764585e-171,0.628288899999643,0.359,0.032,4.89158581781749e-167
"CCDC50",1.28891957520312e-171,0.587659017555219,0.374,0.038,4.9267661842564e-167
"EMC3",1.29391501328367e-171,0.413939038334836,0.386,0.043,4.9458607467755e-167
"SLC8B1",1.40489980334344e-171,1.3258587027069,0.346,0.028,5.37008900829998e-167
"CRCP",1.5050493928521e-171,0.191181685580055,0.412,0.054,5.75290079923789e-167
"NAP1L4",1.51212221986597e-171,-0.0426575697426951,0.574,0.127,5.77993597321568e-167
"AP3D1",1.6030877835463e-171,0.0471943032421369,0.514,0.099,6.12764274382739e-167
"CREB1",1.73096346245672e-171,0.757120526814471,0.37,0.036,6.61643473889457e-167
"TCF3",1.83118903980627e-171,0.147423062557299,0.403,0.05,6.99953698575548e-167
"TMEM59",1.91409758209005e-171,0.764719296343068,0.593,0.152,7.31644659778103e-167
"SMC3",1.97728625417718e-171,0.100151661734019,0.455,0.073,7.55797897796685e-167
"PMM2",1.98845872132594e-171,0.351072171674334,0.434,0.064,7.60068461639628e-167
"ETF1",2.26242918611597e-171,0.0653684912321293,0.476,0.082,8.64790932100969e-167
"DDRGK1",2.32836406589973e-171,0.73715303050391,0.483,0.091,8.89993880549513e-167
"LONP2",2.59549643974064e-171,0.458028476632086,0.413,0.055,9.92102559126462e-167
"LITAF",2.65164131713453e-171,0.281355846534178,0.468,0.079,1.0135633770615e-166
"CHMP4B",2.74123335467619e-171,0.294684314950638,0.572,0.128,1.04780903749143e-166
"GAPVD1",2.81706873208601e-171,0.739951535490397,0.362,0.034,1.07679635215256e-166
"ZFP91",2.90756708619919e-171,0.664420188415784,0.419,0.058,1.11138844302878e-166
"LTN1",3.37664033582436e-171,0.410272260134423,0.376,0.039,1.2906870019655e-166
"TMEM68",3.44125734196566e-171,1.2739789728242,0.33,0.021,1.31538620639295e-166
"TSC22D4",4.01557813707848e-171,0.597914554350621,0.383,0.042,1.53491458711688e-166
"STXBP2",4.11207746930935e-171,0.261027574444596,0.44,0.067,1.5718004918688e-166
"VIRMA",4.55660711332131e-171,0.428340547641919,0.396,0.047,1.74171750299594e-166
"SLC12A9",5.03390192915832e-171,0.597006114165541,0.34,0.025,1.92415867340148e-166
"RRP7A",5.25443498345474e-171,0.243970306935988,0.518,0.102,2.00845522807574e-166
"NXF1",5.66562477231329e-171,1.28887004317698,0.352,0.03,2.16562841296903e-166
"PDIA4",5.80997338693551e-171,0.280041254827767,0.556,0.123,2.22080422742223e-166
"ZNRF2",5.81201649124623e-171,0.68864722674607,0.365,0.035,2.22158518361396e-166
"NSRP1",6.78884033366153e-171,-0.197660100386934,0.478,0.082,2.59496632913878e-166
"ARFGAP1",6.89279125740085e-171,0.303320775625188,0.396,0.048,2.6347005302289e-166
"AGTRAP",6.89897901556661e-171,0.61095722662129,0.384,0.043,2.63706573891018e-166
"OTULINL",6.96092123184151e-171,0.965902336798923,0.361,0.034,2.6607425316591e-166
"MAGI3",7.24985597463673e-171,0.838685046848641,0.348,0.028,2.77118494774514e-166
"EPRS",7.77588613279501e-171,0.205207599482276,0.508,0.098,2.97225471539957e-166
"NCBP3",8.48774269412584e-171,0.919222292119253,0.361,0.034,3.24435476740266e-166
"PAIP2",8.90618567008126e-171,-0.0449816826241746,0.517,0.101,3.40430041053186e-166
"KHDRBS1",8.92800715790157e-171,0.361284163294468,0.612,0.15,3.4126414560363e-166
"PTPN2",9.2131911373256e-171,0.548334676481675,0.392,0.046,3.52165018033134e-166
"PPP1R9A",9.80160667592367e-171,1.25281851526382,0.356,0.032,3.74656613580506e-166
"MALL",1.05628217916574e-170,0.615972949517993,0.388,0.044,4.03753300164313e-166
"SAFB",1.25539209858491e-170,0.0893120241658358,0.472,0.08,4.79861075763098e-166
"AP1AR",1.27982561921739e-170,0.325645619952755,0.399,0.049,4.89200544689657e-166
"DNAJB2",1.29007065986015e-170,0.500706888030983,0.399,0.049,4.93116609024943e-166
"DDA1",1.30469445981371e-170,0.168303679378984,0.418,0.057,4.98706410319194e-166
"BRD1",1.35445757141085e-170,1.06863693850953,0.369,0.037,5.17727862096085e-166
"DUSP3",1.6545818375064e-170,0.546604134592679,0.365,0.035,6.32447361568445e-166
"CDC42BPB",1.83126497195648e-170,0.789058403201832,0.377,0.04,6.99982722880644e-166
"HNRNPH3",1.88904836415004e-170,0.106619546869658,0.553,0.119,7.22069846712711e-166
"ITGAV",1.90414324547659e-170,1.36212777260573,0.322,0.018,7.27839714150971e-166
"PIEZO1",1.97793469460659e-170,1.05992030107973,0.373,0.039,7.56045757666424e-166
"CDKN1C",1.98119857388518e-170,3.79669161005972,0.296,0.009,7.5729334288187e-166
"RAB7A",2.00339427010362e-170,0.175866389670715,0.587,0.135,7.65777425804406e-166
"SRRM1",2.02862519458612e-170,0.3407415250275,0.702,0.2,7.75421694378598e-166
"PTEN",2.10806593936297e-170,0.506206262820058,0.413,0.056,8.05787124662101e-166
"PPME1",2.16227376494874e-170,0.678842908012078,0.373,0.038,8.26507523914006e-166
"NPTN",2.39907396266498e-170,0.482550281011079,0.412,0.055,9.17022031489062e-166
"CDS2",2.46688632760178e-170,1.6081059874086,0.304,0.011,9.42942629862504e-166
"TOP2B",2.60511076979494e-170,0.284009325512381,0.411,0.053,9.95777540646417e-166
"PDIA6",2.68297368562278e-170,0.475371365132336,0.579,0.139,1.02553986159245e-165
"IGFBP4",2.84229216718263e-170,0.54846761683658,0.42,0.06,1.08643775798389e-165
"DAZAP1",2.91847217888165e-170,0.133628139569902,0.503,0.095,1.11555680565572e-165
"JAGN1",3.23562518881205e-170,0.263140755476974,0.376,0.039,1.23678537217152e-165
"VPS13A",3.36793168868059e-170,0.543602881539241,0.435,0.066,1.28735820868127e-165
"SCD",3.48783999896293e-170,0.607961821669702,0.473,0.084,1.33319196120359e-165
"NCOA6",3.61934206898277e-170,0.555807156700748,0.38,0.042,1.38345731244798e-165
"TXLNG",3.83567834178274e-170,0.670548957649953,0.362,0.034,1.46614968936304e-165
"PRRC1",4.17212734061496e-170,0.752539388116363,0.361,0.034,1.59475395467666e-165
"VAPA",4.56640679790841e-170,0.253977960474724,0.554,0.121,1.74546333443251e-165
"TMX4",4.68424354712886e-170,0.741193627798373,0.365,0.036,1.79050525345453e-165
"ATG4B",5.04271393513986e-170,0.568932470634158,0.389,0.045,1.92752697456786e-165
"RBFOX2",5.05227796142219e-170,0.515558723718774,0.344,0.026,1.93118272797402e-165
"SDHA",5.49925548038224e-170,0.142482540828647,0.496,0.092,2.10203541482131e-165
"NFATC3",6.29924803802517e-170,0.847542869885934,0.344,0.027,2.40782457005474e-165
"IRF6",6.605508146097e-170,0.541127725234781,0.378,0.041,2.52488943376412e-165
"APPL1",6.71410809674157e-170,0.255046231538278,0.415,0.056,2.5664006788985e-165
"SUDS3",6.97309213626022e-170,0.130482947840294,0.473,0.082,2.6653947381641e-165
"ISCA1",7.28320428773119e-170,0.387456062986626,0.419,0.058,2.78393200694237e-165
"LPCAT3",7.53331391300224e-170,0.714742392742799,0.335,0.023,2.87953391010598e-165
"TMEM189",7.57981241596411e-170,0.851427361349364,0.342,0.026,2.89730749787812e-165
"SLC25A13",7.80591142136841e-170,0.714457320197107,0.371,0.038,2.98373158170386e-165
"MCFD2",8.71583451725161e-170,0.0534304913115258,0.42,0.058,3.33154058587426e-165
"VPS26A",8.84794226990324e-170,0.26570621799535,0.433,0.064,3.38203745324781e-165
"SLC4A2",9.96160126867893e-170,0.436413637578666,0.367,0.036,3.80772246893983e-165
"USP10",1.05761307835244e-169,0.342354445695594,0.399,0.049,4.04262023069438e-165
"CRB3",1.18974165794419e-169,0.322989898181574,0.418,0.057,4.54766851332587e-165
"ADGRG1",1.20924288864956e-169,0.313241357633439,0.407,0.053,4.62221001757408e-165
"BUD23",1.23758947782455e-169,0.282823107381869,0.582,0.136,4.73056202003657e-165
"WASF2",1.26184238906373e-169,0.174911005906822,0.619,0.152,4.8232663479572e-165
"ICA1",1.34186263008349e-169,0.126456821485429,0.514,0.101,5.12913571723112e-165
"MEAF6",1.43181266589044e-169,0.130846794655583,0.452,0.072,5.47296073409962e-165
"COL17A1",1.53740863096873e-169,0.861448111034246,0.4,0.052,5.87659075101487e-165
"TAP1",1.81936525505378e-169,0.448885237863755,0.426,0.062,6.95434175091757e-165
"SYNJ2BP",1.83501830084012e-169,0.656165089678343,0.351,0.03,7.01417395313129e-165
"NCOA4",2.05563930188968e-169,0.269246338511115,0.426,0.061,7.8574756675431e-165
"PFKL",2.22820780779344e-169,0.10891507017551,0.53,0.109,8.51710152450966e-165
"GRN",2.37602482063127e-169,0.462057351797517,0.616,0.16,9.08211727438097e-165
"SNAI1",2.51526728536838e-169,2.14045496754075,0.299,0.01,9.61435767159211e-165
"SVIL",2.72225511663921e-169,0.674780864307773,0.371,0.038,1.04055479578417e-164
"CFDP1",2.7809686528879e-169,0.271731523054489,0.561,0.126,1.06299745787987e-164
"CSPP1",2.79492462342317e-169,0.653757729232289,0.367,0.036,1.06833198805727e-164
"LYPLA2",2.84654854791718e-169,0.168557306082584,0.497,0.095,1.08806471695586e-164
"TMUB1",2.86727973209548e-169,0.134543411212155,0.46,0.076,1.09598900479617e-164
"PPP1CB",2.9190545741231e-169,0.207464397650244,0.602,0.144,1.11577942041281e-164
"SNX13",3.07523207543992e-169,0.694638992301499,0.332,0.023,1.17547670851616e-164
"CUL4A",3.08981904045413e-169,0.109714654010274,0.434,0.065,1.18105243002319e-164
"MARVELD2",3.24623906287898e-169,0.790538615662856,0.33,0.022,1.24084241939486e-164
"DHX29",3.34669935699207e-169,0.557590695150522,0.386,0.044,1.27924236221665e-164
"CNIH4",3.35929203774832e-169,0.305648872832065,0.473,0.083,1.28405578850892e-164
"ZFYVE16",3.39587317790384e-169,0.873268475958471,0.35,0.03,1.29803856352196e-164
"NASP",3.4132100752097e-169,0.271129174325617,0.591,0.14,1.30466541914816e-164
"FAM84B",3.58433326822305e-169,0.514170629456032,0.347,0.028,1.37007554844558e-164
"RBM4",3.61085326409664e-169,0.44858996459073,0.406,0.054,1.3802125516683e-164
"CUL5",3.9992013905363e-169,0.273384321484006,0.375,0.04,1.52865473951859e-164
"MANF",4.11694684688179e-169,0.421165017232614,0.464,0.08,1.57366176275209e-164
"EMC7",4.23443372327836e-169,0.456563465043455,0.379,0.042,1.61856994638592e-164
"DGKZ",4.30543561054508e-169,0.180941459656055,0.431,0.063,1.64570970777475e-164
"PVT1",4.77805068189189e-169,0.83870554446161,0.359,0.034,1.82636209264636e-164
"SLC35F5",4.79281451278243e-169,1.27545726294068,0.356,0.034,1.83200541936596e-164
"DBNL",5.06256638864761e-169,0.331738958759379,0.494,0.093,1.93511537639666e-164
"GPAA1",5.82898755543724e-169,0.484991444536592,0.453,0.075,2.22807220319033e-164
"MRPS5",6.13841671415106e-169,0.0190937277662553,0.49,0.09,2.3463484048171e-164
"EIF4A2",6.17301145764404e-169,0.57294127624474,0.764,0.247,2.35957189956986e-164
"UBE3C",7.40530603801957e-169,0.400441308593839,0.385,0.044,2.8306041799726e-164
"PMPCA",7.48730840434625e-169,0.100216254593534,0.432,0.064,2.86194876447731e-164
"YIPF5",7.54287837360157e-169,0.929847567345792,0.354,0.032,2.88318982952547e-164
"SYMPK",7.8985856394854e-169,0.385174498871646,0.383,0.043,3.0191553748369e-164
"UBA1",8.93107451282521e-169,0.277299829733015,0.458,0.076,3.41381392178231e-164
"TBC1D15",9.26336078051343e-169,0.968699413322669,0.358,0.034,3.54082702474345e-164
"ITGB4",9.67228143430169e-169,0.448276529913039,0.515,0.106,3.69713285544748e-164
"CHPT1",9.92944559055048e-169,0.601556240529124,0.385,0.044,3.79543128253202e-164
"CDC42BPA",1.00848730608049e-168,0.622833755139119,0.373,0.04,3.85484187876208e-164
"NAA15",1.00866616882434e-168,0.367308920292647,0.41,0.055,3.85552556371415e-164
"NCEH1",1.12379547738193e-168,1.39866707299659,0.315,0.017,4.29559583274469e-164
"SERTAD2",1.17847378584408e-168,1.10745168397921,0.331,0.023,4.50459819901041e-164
"ZYX",1.22629855948915e-168,0.43739672671406,0.426,0.062,4.68740361379134e-164
"GSDMD",1.26199570328162e-168,0.186229126994245,0.493,0.093,4.82385237622366e-164
"ATG3",1.36283323785184e-168,0.0689034162834758,0.46,0.076,5.20929376836486e-164
"CLTC",1.39116192514863e-168,0.165677991381318,0.559,0.124,5.31757734268813e-164
"CAPN2",1.41480887336745e-168,0.256716091911894,0.52,0.105,5.40796543755973e-164
"PPARG",1.44057002785615e-168,0.716985861097324,0.372,0.039,5.50643487447736e-164
"DICER1",1.45829949020156e-168,0.615689089117777,0.367,0.037,5.57420397134643e-164
"KATNBL1",1.47281631980638e-168,0.655639062489506,0.404,0.053,5.62969310082789e-164
"FAM118A",1.51491557420237e-168,1.19011365666502,0.369,0.039,5.79061329083113e-164
"CAP1",1.56971973674142e-168,0.373778775069828,0.642,0.169,6.0000967217204e-164
"PPFIBP1",1.65565721603331e-168,0.901038397123908,0.374,0.04,6.32858414256571e-164
"ANKIB1",1.85740959298986e-168,0.509320752531422,0.37,0.038,7.09976242824443e-164
"TRPM4",1.86878920098954e-168,0.452382533232465,0.46,0.079,7.14325984186242e-164
"BCL7B",1.87296633458702e-168,0.196331771524315,0.395,0.049,7.15922651732543e-164
"DDAH2",1.9056295503343e-168,0.293543763648166,0.558,0.124,7.28407839319784e-164
"UPF3B",1.92254468462622e-168,0.296372150698199,0.405,0.053,7.34873480251527e-164
"FMR1",1.95765757514628e-168,0.369747436667569,0.419,0.06,7.48295031523913e-164
"ILF3",2.18351624574733e-168,0.167924005925227,0.605,0.145,8.34627249774459e-164
"UBA2",2.3592494312555e-168,0.14047961323649,0.444,0.07,9.017995026031e-164
"LAMC2",2.59733151121472e-168,1.61339043302171,0.363,0.037,9.92803996846715e-164
"MBD2",2.63615715848997e-168,0.12433477165794,0.44,0.068,1.00764471226121e-163
"IPO7",3.0431924921537e-168,0.0634779707219864,0.514,0.102,1.16322989820083e-163
"ASCC3",3.24144102048252e-168,0.292005869566293,0.39,0.047,1.23900841566924e-163
"ZMPSTE24",3.3471770977656e-168,0.457144060983584,0.359,0.034,1.27942497384992e-163
"IRF3",3.80336119497467e-168,0.352499468987746,0.546,0.121,1.45379678316712e-163
"ZNF587",4.00764109912001e-168,1.04830214820601,0.356,0.034,1.53188073372763e-163
"ERG28",4.07283007660435e-168,0.664114703233877,0.351,0.031,1.55679856848125e-163
"GTF2F1",4.11737835597063e-168,0.385199732436267,0.465,0.081,1.57382670278621e-163
"FEM1C",4.30964351378167e-168,0.993813015671691,0.346,0.029,1.6473181367079e-163
"GTF2F2",4.59714548619942e-168,0.179382488560882,0.45,0.073,1.75721289064487e-163
"TMEM170A",4.68002377176895e-168,0.305647811503675,0.361,0.035,1.78889228652096e-163
"RMND5A",4.7419326617862e-168,0.54126233905415,0.399,0.052,1.81255634064116e-163
"FBXO11",5.19187151311146e-168,1.31797912361416,0.325,0.021,1.98454096717172e-163
"TFDP2",6.29598429151551e-168,0.529182771455621,0.372,0.039,2.40657703558889e-163
"ZNF22",6.42959464493865e-168,0.282223047591552,0.373,0.04,2.45764825708135e-163
"SAP30BP",6.53255985099763e-168,0.263212617105276,0.417,0.059,2.49700567744533e-163
"RSRC1",6.87127351659112e-168,0.323398592282108,0.483,0.089,2.62647558898179e-163
"TMED3",7.33443083763401e-168,0.141752855920613,0.484,0.089,2.80351284337722e-163
"SMNDC1",7.4846225012117e-168,0.622602980310711,0.395,0.049,2.86092210486316e-163
"SEMA6A",7.51285616605693e-168,1.75673545509399,0.31,0.015,2.8717141409136e-163
"TMEM9",7.62167449413338e-168,0.654950461339374,0.356,0.033,2.91330885863754e-163
"MMP24OS",7.81453008203607e-168,0.188133509920856,0.54,0.116,2.98702597855747e-163
"UBE4A",8.40624894509307e-168,0.775995407629494,0.342,0.027,3.21320459677238e-163
"SLC25A26",8.56206983219777e-168,0.492710036861946,0.339,0.026,3.27276557265928e-163
"OSBP",8.97045480572297e-168,0.0896476565399575,0.416,0.058,3.42886664493955e-163
"MORF4L1",9.61525270185983e-168,0.248311379981907,0.62,0.156,3.6753341927589e-163
"TRIM15",1.01056289421929e-167,0.742656528652914,0.361,0.035,3.86277560686381e-163
"ACADVL",1.06209199398442e-167,0.260190233696243,0.547,0.121,4.05974043780606e-163
"CTBP1",1.1095561743948e-167,0.305454979336879,0.413,0.057,4.24116752100668e-163
"ABI2",1.12767257028317e-167,0.742429266345175,0.345,0.029,4.31041563265039e-163
"HMGCR",1.13586528550854e-167,0.622792802900223,0.35,0.031,4.34173146732785e-163
"SMAGP",1.2299918279638e-167,0.14741046651289,0.466,0.081,4.70152076320881e-163
"SIAH1",1.26869957284069e-167,0.898168369639835,0.324,0.02,4.84947724722627e-163
"CASP4",1.27757024896208e-167,0.0950656683471605,0.415,0.057,4.88338451963265e-163
"TSPAN14",1.28539445876771e-167,0.751752286485458,0.356,0.033,4.91329177919368e-163
"STK17A",1.3100484935956e-167,0.748563213088884,0.392,0.049,5.00752936191984e-163
"PHC2",1.33802308702522e-167,0.120465612718622,0.405,0.053,5.1144594478452e-163
"TACC2",1.4150683196901e-167,0.651553526759211,0.373,0.041,5.40895714518343e-163
"PPP1R16A",1.45568358128427e-167,0.224429346652101,0.498,0.096,5.564204921101e-163
"NUDCD3",1.47673035509901e-167,0.238907521082128,0.449,0.074,5.64465410933046e-163
"LYRM2",1.57161057208268e-167,0.105845672167964,0.411,0.056,6.00732425072884e-163
"STXBP3",1.74414145046132e-167,0.143101531638517,0.39,0.046,6.66680628024335e-163
"RNF11",1.76186553483388e-167,0.530507303226461,0.348,0.03,6.73455482034902e-163
"ATP2C1",1.86468818773768e-167,0.657944362941168,0.352,0.032,7.12758412880852e-163
"ARL8B",1.90522852651614e-167,0.54649397085869,0.354,0.032,7.28254551975528e-163
"ARRDC3",1.97931528757246e-167,0.937249668419113,0.351,0.032,7.56573475521695e-163
"STK39",2.00638033816081e-167,0.172856715293124,0.417,0.058,7.66918820458587e-163
"SRSF8",2.07133201995634e-167,0.397552634834805,0.377,0.042,7.91745951308113e-163
"NQO2",2.10971117218091e-167,0.274439433180983,0.412,0.057,8.06415998454431e-163
"PCBP1",2.41351567483687e-167,0.381304426378473,0.656,0.179,9.22542231549643e-163
"CDK11B",2.53141830730169e-167,0.485485844083582,0.39,0.047,9.67609333782996e-163
"UBAP1",2.62779810947101e-167,0.687207337007776,0.336,0.025,1.0044495493642e-162
"LRRC41",2.63926060533172e-167,0.429477180538402,0.372,0.04,1.008830973782e-162
"WDR43",2.6610267965203e-167,0.0821156243368243,0.486,0.091,1.01715088270192e-162
"BMS1",2.71791951794757e-167,0.400377783305094,0.4,0.052,1.03889755654028e-162
"TAF15",2.76711974630945e-167,0.191633489363434,0.487,0.091,1.05770385182932e-162
"MED19",2.79097932863653e-167,0.199788328010552,0.363,0.036,1.06682393857803e-162
"TMEM208",2.81720004654773e-167,0.162421269422964,0.492,0.093,1.07684654579241e-162
"KLF16",2.83936424845261e-167,0.473038377436173,0.386,0.045,1.08531859032852e-162
"STK40",3.38351502925013e-167,0.577236341821585,0.372,0.04,1.29331478478057e-162
"LNPEP",3.43666855419637e-167,1.09408087917236,0.35,0.031,1.31363218815602e-162
"VSIG10",3.50725143606968e-167,0.816353517380567,0.351,0.032,1.34061178892328e-162
"MPHOSPH10",3.57832346649775e-167,0.163652391992839,0.417,0.059,1.3677783618341e-162
"SLC4A7",3.64437141096789e-167,1.07543015525644,0.353,0.032,1.39302452812837e-162
"SMPDL3B",3.70986163417012e-167,0.61930363085465,0.327,0.021,1.41805751104519e-162
"PHAX",3.97941566228868e-167,0.356639578750105,0.388,0.046,1.52109184275322e-162
"ZNF121",4.06820547144561e-167,0.737610245076078,0.369,0.039,1.55503085940537e-162
"ZDHHC20",4.2743873301509e-167,0.657818875912627,0.39,0.048,1.63384181307688e-162
"CLOCK",4.47651046281466e-167,1.03864843039523,0.332,0.024,1.71110135930628e-162
"GLCE",4.61161125342413e-167,0.695469099128076,0.34,0.027,1.76274228550884e-162
"UBE2D1",4.75316716600942e-167,0.752429300303126,0.373,0.041,1.81685061753544e-162
"NAA35",4.88310012043715e-167,0.739422734859279,0.343,0.028,1.8665161900359e-162
"CTSH",5.09043116458843e-167,0.329493139676059,0.472,0.085,1.94576640835228e-162
"SH2D3A",5.12701700533522e-167,0.791112272253082,0.374,0.042,1.95975098011933e-162
"BNIP3L",5.40101612489367e-167,0.551951049310969,0.374,0.041,2.06448440357936e-162
"HYOU1",5.6490290922946e-167,0.250238882051838,0.385,0.045,2.15928488023869e-162
"KIAA1522",6.1089277945583e-167,0.40635020224783,0.389,0.047,2.33507656019197e-162
"MECP2",6.84846960335075e-167,0.424545564374319,0.431,0.066,2.61775902118479e-162
"PPP4C",7.1082354158356e-167,0.0976850753150296,0.578,0.133,2.717051905349e-162
"TLE3",7.23376696572779e-167,0.803145808715868,0.337,0.026,2.76503508497979e-162
"VCPIP1",7.24616949928208e-167,0.719385491163874,0.351,0.032,2.76977582940558e-162
"TJP3",7.57199642380659e-167,0.283542094215623,0.394,0.05,2.89431991303583e-162
"ADAP1",8.33691457930612e-167,0.0293166617603614,0.504,0.099,3.18670222879397e-162
"IL13RA1",8.37780729952433e-167,0.65094475302307,0.424,0.063,3.20233306217018e-162
"RCN1",8.7174724425514e-167,0.484965582346173,0.439,0.07,3.33216666644085e-162
"RNPEP",9.02707881690524e-167,0.124793317231432,0.434,0.067,3.45051060697386e-162
"NUP58",9.76391869862575e-167,0.375840576392471,0.392,0.049,3.73216028336271e-162
"GTF3C5",9.84609044714466e-167,0.835371296503743,0.339,0.027,3.76356961251658e-162
"VDR",9.86782335282528e-167,0.762565888853261,0.385,0.046,3.77187679838394e-162
"DDX46",9.97746883177696e-167,0.248955211035776,0.593,0.144,3.81378768625842e-162
"PPIL4",1.04990281954531e-166,0.237685179796023,0.373,0.04,4.01314853743e-162
"ILVBL",1.0591599027815e-166,0.409448417036241,0.369,0.039,4.04853281239201e-162
"NFIC",1.12905871536462e-166,0.352279474914101,0.383,0.044,4.31571403360971e-162
"PRPF6",1.13864754584299e-166,0.202836686397261,0.537,0.113,4.35236637923023e-162
"PANK2",1.21833265689157e-166,0.589046100681359,0.338,0.026,4.65695474770234e-162
"RPS6KA1",1.47715821606369e-166,0.514729809013235,0.396,0.051,5.64628956508186e-162
"MTFR1",1.67583640552532e-166,0.409674558145376,0.359,0.035,6.40571707647997e-162
"UNC93B1",1.68169328549861e-166,0.155897027409266,0.409,0.056,6.42810441448988e-162
"MAPK1",1.77437477986837e-166,0.172104201033222,0.398,0.051,6.78237015856885e-162
"ILKAP",1.796255287877e-166,0.0579260922824303,0.384,0.045,6.86600621238103e-162
"USH1C",1.8527309187375e-166,0.24103634614495,0.463,0.08,7.08187866378224e-162
"TNKS1BP1",1.9603981282941e-166,0.9293296046471,0.349,0.031,7.49342580559136e-162
"RAB40B",2.01770825727504e-166,0.549886785696357,0.382,0.044,7.7124880426081e-162
"RBM7",2.16759153269261e-166,0.487544130018274,0.366,0.038,8.28540187456424e-162
"FXR1",2.17065263917704e-166,0.150236432846512,0.515,0.104,8.29710264799032e-162
"WDFY1",2.17356198526285e-166,0.740115079912618,0.352,0.032,8.30822333246871e-162
"HSPA1A",2.26028574081537e-166,1.55551795135313,0.695,0.296,8.63971621569268e-162
"RCOR1",2.28150628935862e-166,0.620278724055994,0.347,0.03,8.72082964044438e-162
"TBK1",2.46104659107522e-166,0.681550243882406,0.33,0.023,9.40710448972591e-162
"SLC35D2",2.7126304685921e-166,0.141172945376544,0.385,0.046,1.03687587031464e-161
"STIM2",2.72310490664136e-166,0.817348145473599,0.349,0.032,1.04087961951459e-161
"WBP11",3.14807131565029e-166,0.294673620668401,0.443,0.072,1.20331877969417e-161
"TIMM10B",3.15799938458334e-166,0.493075594977731,0.398,0.051,1.20711368476313e-161
"PPP1CC",3.34966017250523e-166,0.162745096624915,0.516,0.104,1.2803741043384e-161
"YES1",3.45467557522322e-166,0.34101601696365,0.435,0.068,1.32051519187332e-161
"USP36",3.5073212533213e-166,0.693723592062649,0.371,0.041,1.34063847586954e-161
"ABLIM1",3.73935127849311e-166,0.312548645529671,0.489,0.093,1.42932963269121e-161
"UBXN4",3.90772042190121e-166,0.546432493024742,0.656,0.183,1.49368705406752e-161
"FAM89B",4.06073295744733e-166,0.536587506032034,0.402,0.053,1.55217456565467e-161
"POLR1C",4.42713516078638e-166,0.459989975833947,0.36,0.035,1.69222814385899e-161
"PLEKHJ1",4.62145392747583e-166,0.162705473656601,0.543,0.118,1.76650454923836e-161
"TMEM168",4.91535075308182e-166,0.933460676399977,0.326,0.022,1.878843671858e-161
"APOL6",5.10209773523746e-166,0.809552975827239,0.366,0.039,1.95022583831716e-161
"UBTF",5.26713450015221e-166,0.0459309541048765,0.428,0.065,2.01330949133818e-161
"CDC42EP1",5.78287426738638e-166,0.222221807347706,0.43,0.066,2.21044585996577e-161
"TMEM43",5.85563611209864e-166,1.11828163789824,0.335,0.025,2.23825834748858e-161
"MAPKAP1",7.02453981918212e-166,0.141134474822918,0.427,0.064,2.68506010048417e-161
"SEPT9",7.70554730297543e-166,0.460724974269184,0.381,0.044,2.94536840108933e-161
"TSSC4",8.7587737299365e-166,0.0603516756658149,0.42,0.061,3.34795367053093e-161
"ZHX1",9.04844816548742e-166,0.367349674322148,0.357,0.034,3.45867882677591e-161
"CAPRIN1",9.29972722395999e-166,0.0958743496566463,0.522,0.108,3.55472773408647e-161
"CDC73",9.65510277349149e-166,0.381946332347521,0.38,0.044,3.69056648413939e-161
"NCOA2",1.05412007555992e-165,0.857276302744978,0.337,0.026,4.02926857682022e-161
"PTDSS1",1.13883298177211e-165,0.620785823559399,0.328,0.023,4.35307518952573e-161
"ZBTB44",1.15750394540529e-165,0.257273677704491,0.367,0.038,4.42444308091717e-161
"SDCBP",1.25080885648782e-165,0.198752760782381,0.623,0.159,4.78109177303905e-161
"PTCD3",1.25097766491637e-165,0.53780162981307,0.388,0.048,4.78173702637634e-161
"OXSR1",1.36883434245274e-165,0.578050818867163,0.355,0.034,5.23223239059135e-161
"ECHDC2",1.41803369193819e-165,0.454090260444648,0.375,0.042,5.42029198406455e-161
"ARRDC1",1.46454079591513e-165,0.0492134967295071,0.52,0.107,5.59806073830601e-161
"FAM84A",1.56429577390846e-165,1.25523378021577,0.377,0.043,5.97936416618771e-161
"CASP6",1.59797596008878e-165,0.503565417835642,0.428,0.066,6.10810330984335e-161
"TLE1",1.61103047262235e-165,0.596475719924245,0.395,0.051,6.15800287855168e-161
"RRAGA",1.64320986126635e-165,0.194615462575373,0.378,0.043,6.28100537370448e-161
"MRPL18",1.85774636967827e-165,0.356563641597982,0.511,0.105,7.10104972345821e-161
"PAN3",1.99292355644325e-165,1.05035042372576,0.336,0.027,7.61775100214867e-161
"RXRA",2.04185307935179e-165,0.393882531999434,0.35,0.032,7.80477921051427e-161
"FBXW2",2.06099350478271e-165,0.605571826753135,0.351,0.032,7.87794157268143e-161
"RAPGEF5",2.16885834466131e-165,0.786316640889421,0.35,0.032,8.2902441366334e-161
"RNF24",2.26075456234473e-165,0.867301428804075,0.314,0.017,8.64150823910651e-161
"SNHG7",2.3977159492512e-165,0.284172536576259,0.574,0.136,9.16502944441778e-161
"LACTB2",2.51628832485501e-165,0.432361122599996,0.421,0.062,9.61826049292581e-161
"MARCKS",2.55435622673268e-165,0.810062124944942,0.62,0.172,9.76377124106301e-161
"SELENOF",2.56114459095574e-165,0.317374095869783,0.519,0.11,9.7897190844692e-161
"DDX3Y",2.7537517753317e-165,1.01484332344726,0.354,0.034,1.05259407860279e-160
"GNG12",2.81889396140212e-165,0.0621423534925852,0.459,0.078,1.07749402780635e-160
"ITPRIPL2",2.85113810104055e-165,0.681619074702676,0.379,0.044,1.08981902774174e-160
"TCF20",2.96765095329677e-165,1.21310060341999,0.347,0.031,1.13435490038816e-160
"MRPL32",3.12645040867412e-165,0.349352157358387,0.47,0.084,1.1950544042116e-160
"RPRD1B",3.24996731226604e-165,0.534632885271036,0.328,0.023,1.24226750544057e-160
"RNF220",3.39315511348761e-165,0.526130736026478,0.362,0.037,1.2969996105795e-160
"DDX10",3.47701742434709e-165,0.62546912432566,0.371,0.041,1.32905514028243e-160
"EMD",3.84836910076279e-165,0.270155648391967,0.417,0.06,1.47100060507557e-160
"IHH",3.88189701466602e-165,1.25217016557532,0.317,0.019,1.48381631488594e-160
"GADD45G",4.15826668732412e-165,0.572042433926099,0.429,0.067,1.58945585856277e-160
"GTF2A2",4.39502511331102e-165,0.0398262271974994,0.497,0.096,1.679954399312e-160
"F2RL1",5.07658084616569e-165,1.19560383639034,0.307,0.015,1.94047226263837e-160
"OTUD5",5.14991850978989e-165,0.568951352188467,0.348,0.032,1.96850485118209e-160
"GALNT2",5.38147502385627e-165,1.22131163562152,0.32,0.02,2.05701501311882e-160
"NOP58",5.7658852184053e-165,0.336275696846022,0.57,0.134,2.20395196588324e-160
"NDUFS2",6.53971769551343e-165,0.155374609617975,0.516,0.105,2.49974169193305e-160
"UBE2F",6.65911620758396e-165,0.282130244767638,0.4,0.053,2.54538057918689e-160
"DYNC1LI1",6.74097643623205e-165,0.174653739301729,0.365,0.038,2.57667083298534e-160
"MRPS30",6.81613348013672e-165,0.245061274726895,0.411,0.057,2.60539886144746e-160
"MED28",7.00764491987234e-165,0.252795202293271,0.419,0.061,2.678602194172e-160
"SFT2D1",7.08007836047115e-165,0.134014557779167,0.428,0.065,2.70628915250649e-160
"CLDN1",7.60383731367819e-165,0.467251167234098,0.369,0.04,2.90649077478035e-160
"NKIRAS2",7.95082120427543e-165,0.430280272318259,0.35,0.032,3.03912189712224e-160
"VASP",8.71033151415357e-165,0.305051696288634,0.584,0.141,3.32943711797006e-160
"ADSS",9.02218365624259e-165,-0.102287169273405,0.477,0.086,3.44863948076217e-160
"PKP4",9.11442517941348e-165,0.292111045455802,0.374,0.042,3.48389788057901e-160
"FAM213A",1.0522182104154e-164,0.795236026489534,0.353,0.034,4.02199888749181e-160
"GALE",1.22256997445588e-164,0.257633879294509,0.579,0.138,4.67315147036014e-160
"GFPT1",1.25923888377946e-164,0.145039246424955,0.587,0.141,4.81331470935859e-160
"CASP10",1.34757018531945e-164,0.911218625539723,0.324,0.022,5.15095227636507e-160
"CDIPT",1.35446369806968e-164,0.367766024821944,0.37,0.041,5.17730203950154e-160
"ELOA",1.45921042877986e-164,0.32562245372311,0.371,0.041,5.57768594296812e-160
"MTAP",1.6237762311615e-164,0.265658005220635,0.415,0.059,6.20672226599173e-160
"FRMD4B",1.64634887146394e-164,1.54234473539411,0.319,0.02,6.29300392628375e-160
"TNKS2",1.68081801678298e-164,0.711877607576774,0.347,0.032,6.42475878735125e-160
"MGAT5",1.70396560674286e-164,0.334945074696862,0.44,0.072,6.51323813521391e-160
"IK",1.91453870547441e-164,0.0135286179547852,0.521,0.108,7.31813274780538e-160
"TPRN",1.96176807008468e-164,0.298148928740186,0.421,0.063,7.49866227109169e-160
"WASL",2.0221439824796e-164,0.193431362872512,0.492,0.095,7.72944315863002e-160
"RGL2",2.10539485997632e-164,0.712314232471126,0.342,0.03,8.0476613127735e-160
"PLEKHM1",2.14462026910693e-164,1.02637893461995,0.369,0.041,8.19759651663433e-160
"DAG1",2.23737003405798e-164,0.932653884721785,0.325,0.023,8.55212321818324e-160
"COA1",2.45139448053499e-164,0.164989511012692,0.397,0.052,9.37021026239695e-160
"BAG1",2.50268937407565e-164,0.291875434522534,0.613,0.156,9.56627986346676e-160
"UTP23",2.59948809154882e-164,0.294792926502007,0.413,0.059,9.93628328113621e-160
"NR2F6",2.63164871321032e-164,0.0461472910906557,0.516,0.106,1.00592140413751e-159
"SHOC2",2.71686845910705e-164,0.468910628476495,0.382,0.046,1.03849579980908e-159
"GPA33",2.75494156323473e-164,0.389113725521877,0.434,0.069,1.05304886313084e-159
"UBN1",2.89524421749772e-164,0.492775211983271,0.386,0.048,1.10667814969633e-159
"PARP4",3.17600720101904e-164,0.245717614222151,0.469,0.085,1.21399699251752e-159
"SPSB3",3.29840270793716e-164,0.386482400683227,0.411,0.059,1.2607814510819e-159
"PEA15",3.53890715554117e-164,0.303228473128621,0.352,0.034,1.35271187113406e-159
"CIRBP",3.56403667268958e-164,0.209320236495558,0.611,0.154,1.36231737776887e-159
"HSPA4",3.64130993213359e-164,0.0559201425163746,0.474,0.086,1.39185430845874e-159
"SMAD2",3.67363318014061e-164,0.91725690750192,0.341,0.029,1.40420954677695e-159
"TRIM25",3.75520751110348e-164,1.23325472101949,0.337,0.027,1.4353905190442e-159
"CD55",3.83769382890917e-164,0.835662583461593,0.558,0.137,1.46692008916224e-159
"TMEM123",4.02255057987231e-164,0.28781396713144,0.62,0.164,1.53757973365039e-159
"USP33",4.22912160308091e-164,0.941777921714669,0.346,0.031,1.61653944156165e-159
"SPPL2B",5.18235200318112e-164,0.433566129238619,0.408,0.058,1.98090222969595e-159
"PPM1B",5.55639977071083e-164,0.709716742849385,0.354,0.034,2.12387824835651e-159
"CEP95",6.15707247367572e-164,0.670895534616185,0.352,0.034,2.35347938233781e-159
"SLC11A2",6.20915909101707e-164,0.73656783151453,0.331,0.025,2.37338897095036e-159
"ACO2",6.41522836275169e-164,0.18465461413393,0.417,0.061,2.45215688937821e-159
"SELENOK",7.5181101887941e-164,0.313448652374675,0.59,0.145,2.87372243856466e-159
"RAB3GAP2",7.69401674865878e-164,0.728055789341756,0.324,0.023,2.94096096200733e-159
"ARL4C",8.08911335102338e-164,0.984148449728632,0.414,0.062,3.09198268729518e-159
"ARHGEF16",9.01980398785074e-164,0.653143238020782,0.374,0.043,3.44772987631607e-159
"C1orf35",9.20869816217495e-164,0.26409681608734,0.42,0.063,3.51993278550975e-159
"ARHGEF1",9.80844839174148e-164,0.541464107190606,0.386,0.049,3.74918131325926e-159
"RNF19B",1.00985153515213e-163,0.805329834674125,0.333,0.026,3.86005650796551e-159
"TMEM125",1.05424028829118e-163,0.269044605086056,0.354,0.034,4.0297280779642e-159
"CDC42SE1",1.17063579613787e-163,0.210461511970492,0.426,0.066,4.47463826715739e-159
"MAN1B1",1.19142116666076e-163,0.642095955469816,0.348,0.032,4.55408826744408e-159
"DNAJA2",1.22204116461766e-163,0.105202950217213,0.514,0.105,4.67113014763455e-159
"CRIPT",1.39768466415184e-163,0.0940596659303525,0.409,0.057,5.34250986025399e-159
"PHACTR2",1.42093417234101e-163,0.728531662655271,0.365,0.039,5.43137878035626e-159
"PUM2",1.4419062851424e-163,0.373866760359158,0.405,0.056,5.51154258432831e-159
"AC016831.1",1.62283454784937e-163,1.65942802976333,0.318,0.021,6.20312277569943e-159
"FOXA3",1.90582623744416e-163,0.529804959280083,0.373,0.042,7.28483021000657e-159
"MVP",1.96891658764952e-163,0.168242969107966,0.566,0.132,7.52598676463151e-159
"WASHC5",2.102640574233e-163,0.704941834253687,0.335,0.027,8.0371333309482e-159
"R3HDM4",2.28071386435285e-163,0.279043455744589,0.405,0.056,8.71780067510235e-159
"PITPNB",2.48577269785734e-163,0.0996232317142441,0.466,0.083,9.50161756028989e-159
"LSM14A",2.79326104709815e-163,-0.0350164901379733,0.45,0.075,1.0676961026428e-158
"NFX1",2.95885864613652e-163,0.654588165404644,0.36,0.038,1.13099412889922e-158
"CSNK2A2",3.23111619717238e-163,0.196357812380138,0.415,0.06,1.23506185520717e-158
"MLX",3.36215218671545e-163,0.289765081960035,0.419,0.063,1.28514905185011e-158
"NSUN5",3.43773774352046e-163,0.366138022142511,0.4,0.054,1.31404087508326e-158
"NMD3",3.53616882198345e-163,0.40585092728782,0.367,0.04,1.35166517051495e-158
"TWISTNB",3.72105467658973e-163,0.146759085623119,0.417,0.061,1.42233593957966e-158
"MBD6",3.88122643066959e-163,0.747754822739852,0.334,0.027,1.48355999085915e-158
"PTK6",3.88875094252619e-163,0.72484305322673,0.396,0.054,1.48643616027121e-158
"FUBP1",3.92522828876114e-163,0.178428452789722,0.438,0.071,1.50037926109606e-158
"SRSF7",4.13875183941603e-163,0.740334710362832,0.734,0.234,1.58199650309838e-158
"AIG1",4.19361540410493e-163,0.746029507506369,0.359,0.037,1.60296755206507e-158
"SCAF4",4.52490151945409e-163,1.92630494490372,0.308,0.017,1.72959835679613e-158
"WRNIP1",4.9944627658008e-163,0.375938895585255,0.363,0.038,1.9090834475997e-158
"RIOK1",5.08633231900925e-163,0.195178540998977,0.378,0.044,1.94419966561809e-158
"MXI1",5.17082908759321e-163,0.384548058977725,0.392,0.051,1.97649771044163e-158
"RAB11FIP4",5.25316565514307e-163,0.632296054166214,0.323,0.022,2.00797004002189e-158
"AC118549.1",5.51679789926422e-163,0.80467664496755,0.323,0.022,2.10874082901475e-158
"HYAL2",5.84391757392603e-163,0.600522800098617,0.323,0.022,2.23377905345749e-158
"IL2RG",6.01430806946673e-163,0.885415211596028,0.359,0.037,2.29890911647296e-158
"PPARA",6.04870326753859e-163,0.722420597669813,0.371,0.043,2.31205633698395e-158
"GRSF1",6.30817417670821e-163,0.105648606605657,0.461,0.081,2.41123649730494e-158
"SREBF2",6.91611353217261e-163,0.415401537478032,0.362,0.038,2.64361523653766e-158
"ZNF830",6.9843133504102e-163,0.949632852213485,0.348,0.033,2.66968393506079e-158
"SEPHS2",7.00968512228791e-163,-0.0169606279908481,0.468,0.084,2.67938204114333e-158
"SNAP23",7.81001204314758e-163,0.750981281643267,0.365,0.04,2.98529900337273e-158
"CYBC1",7.96694808120998e-163,0.312084508433156,0.368,0.041,3.0452862345617e-158
"TPCN1",8.70843647490543e-163,1.47761835306063,0.32,0.022,3.32871275816785e-158
"DTX2",8.92536492851282e-163,0.725544865967314,0.376,0.045,3.41163149027474e-158
"TNFRSF10B",8.96314714206831e-163,0.866968979207316,0.319,0.021,3.42607336358419e-158
"EMP2",9.26297680713503e-163,0.170422114623082,0.556,0.129,3.5406802547593e-158
"EIF2B5",9.45660472277942e-163,0.634852572909348,0.37,0.042,3.6146925892352e-158
"RASA2",9.54054505573436e-163,0.614274992404111,0.374,0.044,3.6467779421039e-158
"CASC4",9.8592703136778e-163,0.214840933162246,0.38,0.046,3.7686074847002e-158
"JUND",1.06334503567661e-162,1.01015069208098,0.9,0.49,4.06453006437026e-158
"RP9",1.07229643905019e-162,0.268463399148156,0.368,0.041,4.09874590862543e-158
"SCAMP1",1.07970386787569e-162,1.26293208263942,0.311,0.018,4.12706006456803e-158
"PPT1",1.18941814484567e-162,0.376121128440589,0.338,0.028,4.5464319168581e-158
"TMED7",1.23990067135574e-162,0.169315255286316,0.362,0.038,4.73939632619018e-158
"IDS",1.2543965723467e-162,0.584786163870266,0.471,0.089,4.79480545813805e-158
"KLHDC2",1.30701637519034e-162,0.0631449731019291,0.394,0.051,4.99593939252757e-158
"PITHD1",1.30883637783485e-162,-0.0735136779751016,0.431,0.067,5.00289617063593e-158
"EVI5",1.41175520785612e-162,0.504426866256224,0.352,0.034,5.39629310650923e-158
"TSPAN3",1.41664933346018e-162,0.485518461419635,0.552,0.131,5.41500041221818e-158
"LEMD3",1.48038010891705e-162,1.08572162246307,0.321,0.022,5.65860492832454e-158
"RNF5",1.54428701291837e-162,0.0934239781485187,0.412,0.059,5.90288267817919e-158
"LENG8",1.69789909455332e-162,0.91623084555993,0.396,0.055,6.49004949902061e-158
"HERC2",1.81879322509751e-162,0.528085428538534,0.417,0.063,6.95215522361274e-158
"CERS2",1.88905444575239e-162,0.19173767203615,0.367,0.041,7.22072171344395e-158
"PAG1",1.921354850371e-162,1.38969813953765,0.318,0.021,7.34418678005813e-158
"RABL6",1.96547814887476e-162,0.301536238700177,0.639,0.172,7.5128436762589e-158
"SMCHD1",1.97064906499884e-162,0.719106097281919,0.426,0.068,7.53260898605155e-158
"AC005261.1",1.99814682675753e-162,1.14629453418676,0.312,0.019,7.637716430598e-158
"OTULIN",2.02884535774236e-162,0.445666974471464,0.404,0.057,7.7550584954344e-158
"CASZ1",2.09891189498375e-162,0.998077912853244,0.332,0.027,8.02288082738588e-158
"DCTN2",2.12205744750012e-162,0.233567062807127,0.463,0.083,8.11135238732446e-158
"AMOTL2",2.23959625013144e-162,1.22364980500996,0.298,0.013,8.5606327065024e-158
"SF3B3",2.25343598177426e-162,0.339049467421289,0.381,0.046,8.61353369673392e-158
"LSM12",2.62724993199739e-162,0.0871010384582067,0.508,0.104,1.00424001400668e-157
"RAB3GAP1",2.65383902819914e-162,0.733932740587219,0.352,0.035,1.01440343013884e-157
"TANC1",2.80360563157695e-162,0.965417522071532,0.334,0.028,1.07165021661397e-157
"TULP4",2.82111027313709e-162,0.8862900214434,0.357,0.038,1.07834119080392e-157
"NAA50",3.031544993539e-162,-0.107019538841191,0.486,0.092,1.15877775833035e-157
"RNF44",3.03835259240556e-162,0.794665420225248,0.343,0.031,1.1613798949211e-157
"CCZ1",3.14494671950882e-162,0.728279557224521,0.329,0.025,1.20212443406505e-157
"EVPL",3.41804741468261e-162,0.94525424659058,0.346,0.033,1.30651444378828e-157
"BRI3BP",3.57674312650137e-162,0.269197968433858,0.396,0.053,1.36717429267388e-157
"TMEM173",3.72118197551194e-162,0.300373790627349,0.367,0.041,1.42238459831968e-157
"SAT2",3.91832373027291e-162,0.420074252338592,0.401,0.055,1.49774006265952e-157
"ARL1",4.0050075831251e-162,0.0830808868510347,0.431,0.068,1.53087409857374e-157
"LRPPRC",4.47050407850981e-162,0.133471695520523,0.495,0.097,1.70880547896959e-157
"FBXL3",4.54531007235271e-162,0.882631093234347,0.334,0.028,1.7373993220561e-157
"CS",4.63967434477829e-162,-0.163294323534575,0.421,0.063,1.77346912154805e-157
"AATF",4.6996209632479e-162,0.213641353131904,0.416,0.062,1.79638311699188e-157
"DNAJC22",4.77853209161239e-162,0.262860451560361,0.345,0.032,1.82654610669792e-157
"EIF4H",4.83601661701359e-162,0.168342372125133,0.568,0.132,1.84851899168728e-157
"DIAPH2",5.0358930126025e-162,0.365172016809294,0.453,0.079,1.92491974513718e-157
"ABCD3",5.35361440847286e-162,0.671043009382798,0.328,0.025,2.04636557149467e-157
"RLIM",5.80694857134041e-162,0.699777574166613,0.354,0.036,2.21964802190916e-157
"GINM1",6.51347268794833e-162,1.11825044843965,0.315,0.02,2.48970980024137e-157
"CPSF6",6.5603002219414e-162,0.172393752201946,0.407,0.057,2.50760915683488e-157
"PCNP",7.7129437343632e-162,0.237824274533816,0.502,0.101,2.94819561302299e-157
"KMT2E-AS1",7.9777654919917e-162,1.27036770975124,0.383,0.05,3.04942108165891e-157
"TDP2",8.67204476292332e-162,0.393563662716594,0.363,0.039,3.31480239017981e-157
"FBRSL1",9.3843824250159e-162,0.265786649872991,0.369,0.042,3.58708633813808e-157
"EPB41L5",9.662887185681e-162,0.617682227085933,0.318,0.021,3.69354199785471e-157
"SLC38A10",9.68982632392156e-162,0.403846417325919,0.36,0.038,3.70383921405578e-157
"SOCS3",1.01038572069133e-161,0.777482016041816,0.333,0.027,3.86209837877053e-157
"HSD11B2",1.08413265511728e-161,0.746716209286864,0.36,0.039,4.1439886609203e-157
"PLPP2",1.11572859893643e-161,0.429920742557772,0.556,0.136,4.2647609965746e-157
"HNRNPH2",1.14356624197662e-161,0.141946248268906,0.395,0.053,4.37116760333143e-157
"LARP1B",1.171815018268e-161,0.391159852855086,0.383,0.048,4.47914572582762e-157
"MRPL43",1.17785357594536e-161,0.235424085446942,0.444,0.074,4.50222750869353e-157
"TMEM131",1.1955650825442e-161,0.58718614655231,0.342,0.031,4.56992797151696e-157
"CNOT6L",1.21894763572855e-161,0.779297950964785,0.376,0.046,4.6593054428088e-157
"GUSB",1.27306569920558e-161,0.313352787656175,0.367,0.041,4.8661663286434e-157
"TBRG4",1.33908922735566e-161,0.0803619288117488,0.463,0.084,5.11853466264428e-157
"ZNF195",1.34908726825062e-161,0.698918783110267,0.345,0.032,5.15675117416119e-157
"KIAA1551",1.43655948472787e-161,1.67444441348697,0.317,0.021,5.49110497442381e-157
"TMEM65",1.53056043011239e-161,1.07557235535518,0.323,0.023,5.85041418806161e-157
"TOR1A",1.61597999338325e-161,0.349381459410121,0.331,0.026,6.17692192670815e-157
"ELAVL1",1.66700549739801e-161,0.172921368543824,0.442,0.073,6.37196181325415e-157
"MAGI1",1.7832501851834e-161,1.22774279767907,0.334,0.028,6.81629550784502e-157
"ESYT1",1.80639961153888e-161,0.770215792808863,0.329,0.026,6.9047818751462e-157
"TM7SF2",1.90959633514354e-161,1.37446563164823,0.319,0.022,7.29924103145268e-157
"UBE2W",2.01952553550887e-161,0.208281472862745,0.351,0.034,7.71943440692912e-157
"RSPRY1",2.18459910788411e-161,1.15964016813382,0.319,0.022,8.35041162997623e-157
"MORC3",2.20840644173629e-161,0.80359103959304,0.347,0.033,8.4414127828928e-157
"ATP6V1D",2.24766715458808e-161,0.0616914615379465,0.42,0.063,8.59148293169748e-157
"TFCP2L1",2.28480225742861e-161,0.935053231201859,0.363,0.04,8.73342814879513e-157
"PPP1R13B",2.5788062108506e-161,1.61253575264573,0.3,0.015,9.85722886035533e-157
"PIK3R3",2.98815836892612e-161,1.70060179183902,0.314,0.021,1.14219365493832e-156
"SESTD1",3.00664855241036e-161,1.29007786959987,0.323,0.024,1.14926134267334e-156
"TLK2",3.02108530669792e-161,0.414047667736342,0.371,0.043,1.15477964763221e-156
"PSMD11",3.06025256776861e-161,0.134448841732071,0.506,0.103,1.16975094150387e-156
"DPP7",3.06322026482686e-161,0.354606682329415,0.484,0.096,1.17088531402742e-156
"RABGGTB",3.11864784543058e-161,0.312487540078791,0.406,0.058,1.19207195243739e-156
"BRAF",3.12376726982051e-161,1.45605344687908,0.34,0.031,1.19402880121619e-156
"TAF9",3.5670175226389e-161,0.140540314088668,0.444,0.074,1.36345677785349e-156
"MRPS18B",3.58882341113565e-161,0.290789835218225,0.437,0.072,1.37179186067249e-156
"SLC25A1",4.19754483177452e-161,0.0895046125967223,0.454,0.079,1.60446953649749e-156
"SCRIB",4.32504542710095e-161,0.135505645209713,0.399,0.055,1.65320536405507e-156
"ZNF146",4.57554253726522e-161,0.53739601936444,0.344,0.032,1.74895537944426e-156
"GLYR1",4.59520246083584e-161,0.218646451141285,0.406,0.058,1.75647018862989e-156
"CANX",4.7527694862111e-161,0.27647718603102,0.633,0.172,1.81669860840933e-156
"FAM114A1",4.76023300122671e-161,0.317266644742195,0.357,0.037,1.8195514623889e-156
"EFNA4",4.86079820457194e-161,0.925937270680085,0.309,0.018,1.85799150571558e-156
"TP53BP2",5.47874634992391e-161,0.80812618032141,0.332,0.027,2.09419600479492e-156
"ELF2",5.68182739778848e-161,0.419336505785392,0.371,0.044,2.17182170453067e-156
"UBE2J1",5.93373721343915e-161,0.233375264761289,0.396,0.053,2.26811171246498e-156
"FKBP1A",6.11397238277574e-161,0.726349581589371,0.583,0.148,2.3370048035922e-156
"FUBP3",6.21422397690322e-161,0.517080273239285,0.334,0.028,2.37532497293149e-156
"PRPSAP1",6.30804947290644e-161,0.202808931839645,0.382,0.048,2.41118883052376e-156
"HNRNPU",6.55238239551755e-161,0.778165489292488,0.809,0.313,2.50458264686263e-156
"WDR60",6.65170560163058e-161,0.670078504797059,0.398,0.056,2.54254794916727e-156
"ARMC1",6.79506350770973e-161,0.388404235204078,0.374,0.044,2.59734507518697e-156
"SAMD12",7.43702517865852e-161,0.812859662264248,0.344,0.032,2.84272850429043e-156
"PGPEP1",7.55563324441113e-161,0.672798485157755,0.376,0.046,2.88806525134371e-156
"ATP2C2",8.9507596581453e-161,0.653081741802836,0.375,0.046,3.42133837172946e-156
"STK3",9.37865914882455e-161,0.326927438039192,0.369,0.042,3.5848986730467e-156
"SCFD1",9.68558075137499e-161,0.648147937798345,0.357,0.038,3.70221638640558e-156
"CDK16",9.74479904674933e-161,0.322938955020025,0.384,0.049,3.72485198762946e-156
"RRP15",9.88451100621583e-161,0.123957524397481,0.398,0.055,3.77825548701594e-156
"CDC40",9.91583645046922e-161,0.320077826289976,0.373,0.044,3.79022932482735e-156
"ZC3H18",1.03722014584194e-160,0.319466375165079,0.388,0.051,3.96467028546623e-156
"DYRK1A",1.07978031287632e-160,1.04479641763277,0.339,0.031,4.12735226793846e-156
"DPP9",1.18951598228322e-160,0.562950002441632,0.376,0.046,4.54680589067938e-156
"YPEL3",1.23403969969388e-160,0.480356861915163,0.424,0.068,4.71699334810989e-156
"DESI2",1.28724401580136e-160,0.0471047257949007,0.385,0.049,4.92036152599914e-156
"KPNA1",1.34634262026093e-160,0.774703147965266,0.337,0.03,5.14626003168539e-156
"NOL4L",1.36801241836805e-160,0.955247152482321,0.331,0.027,5.22909066797004e-156
"OPA1",1.45846777660409e-160,0.270915416769092,0.395,0.054,5.57484722929146e-156
"TXLNA",1.63778368603758e-160,0.485324316283258,0.352,0.036,6.26026436151005e-156
"LEPROTL1",1.64379145334951e-160,0.977637729892141,0.367,0.043,6.28322845128315e-156
"P4HA2",1.71252514527528e-160,1.01011029795868,0.312,0.02,6.54595611530025e-156
"CCSER2",1.71938658794713e-160,0.686025135817182,0.367,0.042,6.57218329376912e-156
"THEM6",1.80206692120503e-160,0.533457553612881,0.36,0.039,6.88822059961412e-156
"PXN",1.86310514301989e-160,0.583164393043788,0.369,0.043,7.12153309867921e-156
"N4BP1",2.0645638951163e-160,0.699133445704105,0.379,0.048,7.89158903269255e-156
"TSPYL1",2.11038005051442e-160,0.458488743219955,0.355,0.037,8.06671670508632e-156
"NFKB2",2.27878118131474e-160,0.833493393902271,0.335,0.03,8.71041318745745e-156
"AFMID",2.29283460131067e-160,0.762361242040895,0.349,0.035,8.7641309800499e-156
"REPIN1",2.29810868904399e-160,0.248402312568251,0.471,0.089,8.78429065300174e-156
"CPSF1",2.92764715556517e-160,0.372016347352945,0.377,0.046,1.11906384874323e-155
"TBL2",3.28760318861661e-160,0.83734381560992,0.312,0.02,1.25665344281681e-155
"GK5",3.30426297925227e-160,0.552273621492116,0.358,0.039,1.26302148118939e-155
"PSMD12",3.34556490277385e-160,0.113961687383012,0.495,0.099,1.27880872843628e-155
"SMARCD1",3.51176350782178e-160,0.41099074769738,0.374,0.045,1.3423364832298e-155
"CBWD5",3.73149402860995e-160,0.958117330718147,0.346,0.034,1.42632627749587e-155
"TPP2",3.77030066790754e-160,0.385322644439166,0.378,0.047,1.44115972730098e-155
"PGM3",3.80138008882349e-160,0.51533815034831,0.34,0.031,1.45303952515189e-155
"ARFIP1",3.86343138217375e-160,-0.0640295069535499,0.384,0.049,1.47675801152209e-155
"EPHB2",3.97814174437108e-160,0.528576728615585,0.39,0.052,1.5206049003684e-155
"IFRD2",3.9854796362451e-160,0.222691130036852,0.402,0.057,1.52340973615833e-155
"METTL9",4.09288360239901e-160,-0.0777847204545359,0.48,0.091,1.564463828181e-155
"TRIM16",4.1837577842813e-160,0.885372029384057,0.332,0.028,1.59919957546369e-155
"PRR14L",4.28908077136291e-160,0.806157899720244,0.348,0.034,1.63945823404576e-155
"LRG1",4.33695140179128e-160,0.665398008245101,0.337,0.03,1.6577563038207e-155
"MRPL9",4.45232352663917e-160,0.169466361456393,0.399,0.056,1.70185614482256e-155
"RNF41",4.52640228965269e-160,0.797504152698446,0.326,0.025,1.73017201119685e-155
"BRMS1",4.72439632871707e-160,-0.182992835587889,0.43,0.069,1.80585325268881e-155
"NAA25",5.04155061129209e-160,1.00136254622313,0.304,0.017,1.92708230566029e-155
"NEBL",5.16494461540712e-160,0.743840677210973,0.333,0.028,1.97424842979322e-155
"C1D",5.27209264936816e-160,0.3281329615884,0.379,0.047,2.01520469429449e-155
"XRN1",6.78722106208075e-160,0.43398393295712,0.373,0.045,2.59434737876975e-155
"CASP3",6.84740961458823e-160,0.322523066835293,0.358,0.038,2.6173538510802e-155
"MUM1",7.4411203473415e-160,1.47631010852614,0.294,0.013,2.84429384156782e-155
"NONO",7.48333425630014e-160,0.20991157557332,0.538,0.121,2.86042968612816e-155
"SIRT1",8.6927032152594e-160,1.18906033687697,0.309,0.019,3.32269887700075e-155
"GNB1",9.02523667229493e-160,0.0134763909534321,0.569,0.134,3.44980646561802e-155
"BLOC1S6",9.46201152096547e-160,0.0828107424457254,0.385,0.05,3.61675928377384e-155
"DHRSX",9.68219093344247e-160,0.660587365237707,0.324,0.025,3.70092066239905e-155
"CYTOR",9.93300097607434e-160,0.580940958606261,0.387,0.051,3.79679029309466e-155
"ABT1",1.01760605787106e-159,0.21342266510976,0.356,0.038,3.88969739560634e-155
"DPM2",1.02917579996636e-159,0.0213884315855353,0.451,0.078,3.93392157779141e-155
"ACBD5",1.03727215536178e-159,0.313716771422866,0.352,0.036,3.96486908665486e-155
"SLBP",1.2222604184905e-159,0.176052133450153,0.422,0.065,4.6719682236381e-155
"NEK3",1.25631908046419e-159,0.784556361415063,0.342,0.033,4.80215405316632e-155
"KIAA1191",1.25992602894694e-159,0.134394074633548,0.355,0.037,4.81594125304678e-155
"GLTP",1.30369787996006e-159,0.211991386248212,0.344,0.032,4.98325477635932e-155
"TIMM44",1.31312674850989e-159,0.16531780093428,0.394,0.054,5.0192956835042e-155
"FGD5-AS1",1.44552807037938e-159,0.519407683317884,0.381,0.049,5.52538649621813e-155
"SUPT20H",1.65776918134473e-159,0.477811367414489,0.368,0.043,6.3366569187721e-155
"SF3A2",1.70232101734997e-159,0.398637694767588,0.375,0.046,6.50695185671852e-155
"ZCCHC8",1.73948760145703e-159,1.28692967595405,0.323,0.025,6.64901740780936e-155
"SAT1",1.84226579432033e-159,0.971129349694852,0.896,0.449,7.04187677221004e-155
"TENT4B",1.95305642795538e-159,0.718839495839265,0.322,0.024,7.46536289021665e-155
"MFSD14C",2.01896017494761e-159,0.968120601072139,0.329,0.027,7.71727337271973e-155
"STRN3",2.16777555797164e-159,1.11977914614421,0.312,0.021,8.2861052927908e-155
"KIF21A",2.31764328204701e-159,0.318321423802013,0.367,0.042,8.85895968129649e-155
"SMIM14",2.43241218833161e-159,0.116854666181575,0.416,0.063,9.29765234867876e-155
"RAB1B",2.52717876069166e-159,0.085120671798725,0.453,0.08,9.65988809486779e-155
"GABRE",2.62806162240994e-159,1.3733853697799,0.338,0.032,1.00455027454998e-154
"DPM1",2.69633597922475e-159,-0.0229749851736238,0.421,0.065,1.03064746469887e-154
"PRELID2",2.71116387910978e-159,0.677835861249549,0.35,0.036,1.03631528115092e-154
"PSPC1",2.76537920854913e-159,0.0867387204658607,0.373,0.045,1.05703854867582e-154
"EID1",3.10130443226463e-159,0.195873187122389,0.483,0.096,1.18544260618883e-154
"FOXN3",3.45018237701527e-159,1.40183520665313,0.321,0.024,1.31879771179032e-154
"AP1G1",3.78130410667445e-159,0.546745360927637,0.361,0.04,1.44536568173524e-154
"SNX4",4.02818809133272e-159,0.263418326326658,0.342,0.032,1.53973461603102e-154
"TMEM98",4.36920482116685e-159,0.584651955600581,0.369,0.044,1.67008485084282e-154
"PRKRIP1",4.37028447761582e-159,0.44044569075642,0.35,0.036,1.67049753872387e-154
"UTP3",4.87676662185721e-159,0.693547804832627,0.352,0.037,1.8640952735387e-154
"ARF4",5.08210297157248e-159,0.265076903163736,0.577,0.142,1.94258303985387e-154
"BCL2L11",5.20999878882268e-159,0.811910215643009,0.323,0.025,1.99146993703958e-154
"EPS15",6.67075523148081e-159,0.327082529905093,0.36,0.04,2.54982947968123e-154
"ZNF664",7.12824619765677e-159,0.245202088446095,0.394,0.054,2.72470082659232e-154
"TNS3",7.57179529757701e-159,1.33436434557753,0.315,0.022,2.89424303454584e-154
"SLC50A1",7.59458081912206e-159,-0.151351367119977,0.426,0.068,2.90295257230122e-154
"KIAA0100",8.07771274125087e-159,0.484266283460189,0.37,0.044,3.08762491821573e-154
"ALG5",8.34120333294491e-159,-0.145210772283588,0.426,0.068,3.18834156198486e-154
"TRIM26",8.48651947575517e-159,0.416602781864767,0.34,0.032,3.24388720441266e-154
"SGTA",9.09024000451043e-159,0.126152518689355,0.401,0.057,3.47465333932407e-154
"E2F3",9.46567451396927e-159,0.549828624337282,0.349,0.036,3.61815942621961e-154
"WBP4",9.73123333248455e-159,-0.0105706306022204,0.391,0.053,3.7196666290089e-154
"INTS11",1.03480856522832e-158,0.229428134979193,0.41,0.061,3.95545225972872e-154
"FAM234A",1.08674053550056e-158,0.518031414989097,0.364,0.042,4.15395702289736e-154
"MAN2A1",1.13078729286287e-158,1.03406996990782,0.321,0.025,4.32232134823904e-154
"DHRS3",1.16783671960269e-158,0.223857961616298,0.365,0.042,4.46393907700933e-154
"ZMYND11",1.27441311103304e-158,0.605053525775325,0.326,0.026,4.8713166756127e-154
"ZMYM5",1.27537277665663e-158,1.69103333683495,0.31,0.02,4.87498490149229e-154
"PPP2R1A",1.38442798815402e-158,0.199000182872771,0.532,0.121,5.29183754191993e-154
"HDAC7",1.43453671901195e-158,1.11913633628318,0.325,0.026,5.48337315475128e-154
"RNASET2",1.4559417621342e-158,0.396486469645176,0.636,0.177,5.56519179158175e-154
"PEX2",1.48784717027178e-158,0.238668005793189,0.403,0.058,5.68714702364684e-154
"RAB17",1.50877854582816e-158,0.3719028827583,0.358,0.039,5.76715511357357e-154
"TGIF2",1.55119871002575e-158,0.639163889168053,0.324,0.025,5.92930194920243e-154
"COMMD7",1.62426111406942e-158,0.595021309304107,0.407,0.06,6.20857568241895e-154
"GRTP1",1.67066954602144e-158,0.211929467727273,0.362,0.041,6.38596727271234e-154
"NIP7",1.67615764430172e-158,0.509448091246822,0.364,0.042,6.40694497957889e-154
"TP53INP2",1.71949975222124e-158,1.44472470910239,0.304,0.018,6.57261585289047e-154
"RTF1",1.9440094463569e-158,-0.0724793298806082,0.563,0.131,7.4307817077546e-154
"PPP1R35",2.02128989484059e-158,-0.11058685379533,0.482,0.093,7.72617849403866e-154
"DR1",2.05971424699749e-158,0.286467422734477,0.368,0.044,7.87305173772322e-154
"ZBTB7B",2.22928648915776e-158,0.946240705290061,0.327,0.027,8.5212246761566e-154
"SLC22A18",2.24529271797614e-158,0.081526396291994,0.48,0.094,8.58240688519198e-154
"ARID2",2.96789847077342e-158,0.79482198198517,0.338,0.032,1.13444951146843e-153
"MED16",3.36602313709749e-158,0.33039261494112,0.362,0.041,1.28662868392415e-153
"SRP54",3.74254866352184e-158,0.130849293516153,0.392,0.054,1.43055180114459e-153
"DGKD",3.81268779049107e-158,0.59482517118438,0.351,0.037,1.45736178103731e-153
"TMEM223",3.82254478843455e-158,0.320553647385603,0.373,0.046,1.46112951993122e-153
"INF2",3.93173626001006e-158,0.254545734179032,0.467,0.09,1.50286686802625e-153
"AP4M1",3.95332424224025e-158,0.958579537765787,0.319,0.024,1.51111865835391e-153
"NKAP",4.15990820848764e-158,0.0597334552846347,0.397,0.056,1.59008331361232e-153
"ESRRA",4.30694859303988e-158,0.0601199270334271,0.493,0.1,1.64628803020357e-153
"YIF1A",4.36046795272214e-158,0.13766286925798,0.463,0.085,1.66674527024851e-153
"TXNL1",4.43201590673333e-158,0.0864113403201521,0.431,0.071,1.69409376018975e-153
"BSPRY",4.69119163414407e-158,0.143849964845009,0.379,0.048,1.79316109023523e-153
"PRDX4",5.35859442409066e-158,0.584390671215831,0.487,0.102,2.04826913266441e-153
"WAPL",6.40403352628729e-158,0.161541573712296,0.399,0.057,2.44787777508806e-153
"RFK",6.70645080055205e-158,-0.119567694408543,0.422,0.067,2.56347375400301e-153
"SRRT",6.90582061308891e-158,0.0897094967114325,0.423,0.068,2.6396808711471e-153
"PSMD3",6.93073284829523e-158,0.113076426215671,0.483,0.095,2.64920332393237e-153
"DDX54",7.15417246601725e-158,0.290843136406251,0.42,0.066,2.73461088341043e-153
"HDAC3",7.39760947810177e-158,0.499403330775938,0.332,0.029,2.82766224690962e-153
"OTUD7B",7.51743326963289e-158,1.81426675789604,0.296,0.015,2.87346369298447e-153
"LMBR1L",8.55080268461737e-158,1.41444240940765,0.299,0.016,3.26845881816814e-153
"LAP3",9.44065142114075e-158,0.202420680123879,0.449,0.08,3.60859459921684e-153
"ATL3",9.76992541354178e-158,0.694443042485339,0.36,0.041,3.73445629007221e-153
"ODC1",1.05237885340015e-157,0.425962737330744,0.605,0.16,4.02261292923673e-153
"CTTN",1.10254959383573e-157,0.0713054521220037,0.563,0.134,4.2143855674777e-153
"BAD",1.12953772497119e-157,0.147460610050438,0.465,0.086,4.31754499992988e-153
"WDR13",1.1623322590546e-157,0.558994371977074,0.372,0.046,4.44289882701029e-153
"PDCD4",1.17235983184588e-157,0.286665453870403,0.498,0.103,4.48122822124771e-153
"FUT4",1.19642394189148e-157,0.70482128379397,0.321,0.025,4.573210875486e-153
"NOSIP",1.21779819151505e-157,-0.019138999303563,0.526,0.115,4.65491180724712e-153
"HNRNPUL2",1.26357501489072e-157,0.530228588139415,0.393,0.055,4.82988913691829e-153
"TRABD",1.28944879573079e-157,0.139412114574697,0.471,0.09,4.92878907680139e-153
"DCAF10",1.42748043176948e-157,0.738084821880449,0.323,0.026,5.45640120239567e-153
"PJA2",1.45699900119152e-157,0.371187507215423,0.375,0.047,5.56923298215445e-153
"MOB2",1.46091826454944e-157,0.172864352722087,0.348,0.036,5.58421397441378e-153
"AREG",1.50361864027575e-157,1.84634459352997,0.722,0.312,5.74743189059003e-153
"HTATSF1",1.51394408737612e-157,-0.0335528436272865,0.452,0.08,5.78689987958647e-153
"SYNCRIP",1.54540589984036e-157,0.105489779864923,0.594,0.151,5.9071595115498e-153
"SIPA1L1",1.57145352092914e-157,0.615277892633317,0.356,0.039,6.00672393839954e-153
"ARHGAP45",1.5873810669038e-157,0.744155620388772,0.36,0.041,6.06760539013309e-153
"C5orf24",1.58840600232294e-157,0.296532254767225,0.373,0.046,6.0715231032792e-153
"ZRANB1",1.59159778997094e-157,0.903804917515385,0.305,0.019,6.0837233923849e-153
"WDR1",1.6350179149206e-157,0.149729270312883,0.565,0.135,6.24969247799249e-153
"SF3B2",1.68212345617902e-157,-0.0245079495397451,0.601,0.152,6.4297486988987e-153
"STAU1",1.96382647151411e-157,0.183136625472182,0.604,0.156,7.50653030471553e-153
"TTC39B",2.05687751528089e-157,0.823797623943467,0.346,0.035,7.86220861440968e-153
"REV1",2.07892089563791e-157,0.743368289383976,0.348,0.036,7.94646723148636e-153
"RHOG",2.35473237704027e-157,0.283242655782601,0.372,0.046,9.00072903799874e-153
"ACTR10",2.41568957714738e-157,0.181722569359507,0.356,0.039,9.23373183968814e-153
"ORC4",2.43804248905351e-157,0.846191803402805,0.324,0.026,9.31917361015812e-153
"SMARCB1",2.50564609198122e-157,-0.0471827827273195,0.409,0.061,9.57758162198901e-153
"THAP12",2.5258234034045e-157,0.023035498142711,0.386,0.052,9.65470737717337e-153
"AGAP1",2.55389439114707e-157,0.719871939006749,0.331,0.029,9.76200592072056e-153
"SUN2",2.58475266860505e-157,0.989319523661332,0.34,0.033,9.87995860047592e-153
"VTI1B",2.58535970770747e-157,0.0524593910683204,0.459,0.084,9.88227894674103e-153
"TSG101",2.79541442554026e-157,-0.138136104295096,0.46,0.083,1.06851921001851e-152
"CNIH1",2.81398405314102e-157,0.104192066874843,0.391,0.054,1.07561726447262e-152
"SMC1A",2.95125903058375e-157,0.34610149133016,0.412,0.064,1.12808925185033e-152
"PDRG1",3.10780446025514e-157,0.296826872167987,0.341,0.033,1.18792717688793e-152
"MYO9B",3.12671562562915e-157,0.631360147653343,0.361,0.042,1.19515578074049e-152
"ERF",3.13231380081965e-157,0.698547229116775,0.331,0.029,1.1972956272253e-152
"ARHGEF38",3.18311905846199e-157,1.01699812860301,0.347,0.036,1.21671542890651e-152
"UPP1",3.28695948044822e-157,0.201722741787671,0.474,0.093,1.25640739180653e-152
"TRIM14",3.29822731784277e-157,0.124173967446248,0.364,0.042,1.26071440997222e-152
"ATP6V0E1",3.38014984306858e-157,0.25877130387189,0.619,0.168,1.29202847601453e-152
"CHKA",3.40526757729759e-157,0.487535499142415,0.333,0.03,1.30162947874623e-152
"FBXW5",3.49573366518183e-157,0.112524185715192,0.588,0.146,1.3362092361791e-152
"EI24",3.66913810762239e-157,0.0913680870278593,0.496,0.103,1.40249135025758e-152
"KXD1",3.67532928021902e-157,0.184565532705328,0.396,0.056,1.40485786407092e-152
"NSFL1C",3.91934750272287e-157,0.230724703073712,0.444,0.078,1.49813138944079e-152
"EHF",3.95834690198614e-157,0.16018143816207,0.61,0.158,1.51303851981518e-152
"AL450998.2",3.97002322426767e-157,1.13529744276526,0.312,0.022,1.51750167724408e-152
"MLEC",4.09326238447902e-157,0.639639978827494,0.615,0.177,1.56460861384326e-152
"RAD9A",4.20563974103886e-157,0.572201170914338,0.35,0.037,1.60756373461469e-152
"KIAA0355",4.25889180651807e-157,0.668553108483745,0.336,0.032,1.62791880412347e-152
"EBP",4.3014553084353e-157,0.0837071225015962,0.473,0.091,1.64418827709631e-152
"ATRAID",4.35105397356937e-157,0.135286200395694,0.468,0.089,1.66314687085716e-152
"CCM2",4.38617882691945e-157,0.178592890137792,0.356,0.039,1.67657299480169e-152
"MGAT4B",5.00686866413848e-157,0.150630904102806,0.531,0.12,1.91382547818029e-152
"IFNGR1",5.70238846797595e-157,0.513985297486471,0.36,0.041,2.17968096799913e-152
"NUDT16",6.20949515503641e-157,0.235067057906562,0.35,0.037,2.37351742806112e-152
"GPATCH4",6.24586001199533e-157,0.0192270802112995,0.429,0.07,2.3874175309851e-152
"KLHL18",6.37518628209472e-157,0.982201576692671,0.296,0.015,2.43685120446789e-152
"USP6NL",6.8834014986473e-157,0.894664480910766,0.321,0.025,2.63111138884294e-152
"RELA",7.48927116070605e-157,0.0281899893020092,0.384,0.051,2.86269900846828e-152
"RFC1",7.74126495176638e-157,0.15682333586674,0.437,0.074,2.95902111516318e-152
"NDUFA9",7.77600319725482e-157,0.0179076915309799,0.443,0.077,2.97229946211868e-152
"FBXW11",7.94119085157982e-157,0.639698199897379,0.361,0.042,3.03544079110787e-152
"KIF13B",8.07061069711067e-157,0.678332248014503,0.346,0.036,3.08491023286358e-152
"TP53I13",8.85011835684138e-157,0.204484298073951,0.37,0.045,3.38286924071905e-152
"DPH3",9.30560775866538e-157,0.253117683182281,0.346,0.035,3.55697550967225e-152
"LRRFIP2",9.43595242903559e-157,0.224530208809536,0.407,0.061,3.60679845647456e-152
"GABPB1-AS1",9.99764585123776e-157,1.04086702576404,0.364,0.044,3.82150015017712e-152
"MAP3K20",1.03199517811119e-156,0.431805236860975,0.404,0.06,3.9446983688122e-152
"HERPUD2",1.04353645191091e-156,0.925245657307229,0.346,0.036,3.98881373378425e-152
"TMBIM6",1.10598385863038e-156,0.736174650207212,0.758,0.276,4.22751270122875e-152
"MICAL2",1.12328733290202e-156,0.44722965006382,0.39,0.055,4.29365350128467e-152
"ARFRP1",1.24260334875001e-156,0.119383060660225,0.394,0.055,4.74972704026204e-152
"SORBS2",1.24689090226135e-156,0.984285391321074,0.306,0.019,4.7661157848038e-152
"SEMA3C",1.33698709116606e-156,0.765636529908856,0.323,0.026,5.11049945727314e-152
"MGRN1",1.36016711708023e-156,0.936798489048952,0.317,0.024,5.19910278832747e-152
"LPCAT2",1.4934117011703e-156,1.14709583341103,0.301,0.018,5.70841688655336e-152
"RBM15B",1.49406928278506e-156,0.48704293348655,0.331,0.029,5.71093042651762e-152
"TMEM134",1.61047250223741e-156,0.0841105534312627,0.426,0.069,6.15587009255229e-152
"UBE2J2",2.04404458594421e-156,-0.0902503545771498,0.388,0.053,7.81315602531313e-152
"DNAJC1",2.13087300572885e-156,-0.0717132950802699,0.383,0.051,8.14504897709795e-152
"DDOST",2.14198179324657e-156,0.360690762363353,0.487,0.1,8.18751120650567e-152
"TSPAN15",2.15634858909329e-156,0.344496882500316,0.338,0.032,8.2424268469502e-152
"NIPAL1",2.19126938675164e-156,1.4107537237566,0.287,0.013,8.37590810391949e-152
"RBM12B",2.23523114107855e-156,0.759569827881363,0.335,0.032,8.54394751365867e-152
"PUS7L",2.28727593335954e-156,0.341582944989591,0.4,0.059,8.7428835276735e-152
"SDAD1",2.29748079399402e-156,0.212165533680859,0.364,0.043,8.78189058696276e-152
"PRELID3B",2.32204839111227e-156,0.135459048567112,0.555,0.131,8.87579777018754e-152
"UFD1",2.4778350718491e-156,0.0122671488264776,0.461,0.085,9.47127677863599e-152
"OXA1L",2.55008526686564e-156,0.112568346198397,0.395,0.057,9.74744592406722e-152
"NELFB",2.65108795365709e-156,0.0389505171984348,0.424,0.069,1.01335185940589e-151
"MYO5B",2.74687502199876e-156,0.176790648877731,0.398,0.058,1.04996550840881e-151
"TCF7",2.99592708951157e-156,0.814222274613627,0.329,0.029,1.1451631706949e-151
"STARD3NL",3.00499047040404e-156,0.589003553577982,0.318,0.024,1.14862755740724e-151
"KNOP1",3.21593371882965e-156,0.0472678020920013,0.464,0.088,1.22925850468544e-151
"ANKRD13D",3.28595667595353e-156,0.70832191092524,0.335,0.032,1.25602407981648e-151
"TMEM50B",3.73042596780799e-156,0.648758161429437,0.33,0.029,1.42591802193492e-151
"TRAF5",3.91572426281142e-156,0.368128879414356,0.38,0.051,1.49674644221704e-151
"PPP6R1",3.92261982088781e-156,0.397812144815943,0.4,0.059,1.49938220033616e-151
"UBXN2A",4.10619029391448e-156,0.68570679874765,0.338,0.032,1.56955017794587e-151
"PEX26",4.61400288547287e-156,0.263814536203296,0.336,0.032,1.76365646294315e-151
"TIMM17A",4.70959498006656e-156,-0.110390445971326,0.426,0.069,1.80019558518064e-151
"RBMX2",4.90621716810847e-156,-0.0212615748067209,0.386,0.052,1.87535245033778e-151
"CCPG1",5.43183873979487e-156,1.01331903371175,0.334,0.032,2.07626603989919e-151
"STX7",5.4735278998839e-156,0.246847494191113,0.381,0.051,2.09220130445162e-151
"ASB8",5.55963806517032e-156,0.497142366581603,0.326,0.027,2.1251160540307e-151
"CC2D1A",5.56412616817446e-156,0.641376477612947,0.384,0.053,2.126831586523e-151
"EPAS1",5.61355615872448e-156,0.610661292048384,0.341,0.034,2.14572570611085e-151
"BMP2",5.78538667528347e-156,5.9959460341029,0.258,0.002,2.21140620276035e-151
"CYP20A1",6.74348337826571e-156,0.935992983572197,0.318,0.025,2.57762908650828e-151
"TTC14",7.18389655765335e-156,1.18461653154902,0.333,0.031,2.74597262019742e-151
"PCMT1",7.44429558405272e-156,0.186620607699084,0.432,0.073,2.84550754404831e-151
"P4HTM",7.79575834177206e-156,0.558774023195808,0.336,0.032,2.97985066855895e-151
"SLC38A5",8.17046900974577e-156,0.681438464370281,0.346,0.036,3.12308007428522e-151
"ESF1",8.4670598211494e-156,0.254103130228431,0.513,0.114,3.23644894603615e-151
"ZNF281",9.76597284253109e-156,1.15531460882253,0.309,0.021,3.73294545932908e-151
"MYO15B",1.03874423712068e-155,0.631383670680898,0.368,0.046,3.97049597197009e-151
"LAD1",1.10714051938902e-155,0.0671736614798852,0.545,0.127,4.2319339213126e-151
"MICU2",1.13722302958909e-155,-0.0380481841606886,0.4,0.059,4.34692130830133e-151
"TIPRL",1.23916221906779e-155,0.0474139581348982,0.417,0.066,4.73657366616472e-151
"ANAPC1",1.25885490293426e-155,0.414036947953069,0.354,0.039,4.81184698097593e-151
"HRAS",1.25994792835377e-155,0.319504433137408,0.41,0.063,4.81602496133946e-151
"CPSF7",1.45944711568871e-155,0.917016563613939,0.31,0.022,5.57859065500851e-151
"HSPA9",1.50556866598451e-155,0.128291736630368,0.614,0.163,5.75488566885919e-151
"STAT1",1.55797869051293e-155,0.256504222217504,0.41,0.063,5.95521774661661e-151
"RBBP7",1.71840116739709e-155,0.218812328946318,0.466,0.089,6.56841662225863e-151
"INTS1",1.74362406335602e-155,-0.0106988368143874,0.419,0.068,6.66482861977205e-151
"HCFC1",1.76522713667366e-155,0.49263154622377,0.34,0.034,6.74740420722141e-151
"FBXL6",1.85342076341287e-155,0.327431078479411,0.379,0.05,7.08451552606934e-151
"ZNF37A",1.86978608089439e-155,1.50687297800438,0.298,0.017,7.14707031561073e-151
"PTPN4",2.02207986761666e-155,1.5443445528335,0.306,0.02,7.72919808597792e-151
"DNASE2",2.03756072144947e-155,0.307217291036781,0.338,0.033,7.78837210166844e-151
"RAB18",2.042049003472e-155,0.0770224898318914,0.384,0.052,7.80552811087136e-151
"CDC25B",2.05370272886523e-155,0.398112716443876,0.425,0.071,7.85007331081447e-151
"SLC25A24",2.07297011876692e-155,-0.0688519327756874,0.406,0.061,7.92372098197469e-151
"ZDHHC12",2.08863142261855e-155,-0.0366474366462028,0.433,0.074,7.98358474981716e-151
"LAPTM4B",2.10410190761486e-155,1.42336241930306,0.423,0.077,8.04271913166704e-151
"SURF1",2.22469807206563e-155,-0.0586719245675318,0.447,0.08,8.50368591066365e-151
"FKBP11",2.33720053117623e-155,0.191600519690631,0.392,0.055,8.93371531036804e-151
"RIPK2",2.35028575230731e-155,0.489309055277298,0.33,0.03,8.98373225961945e-151
"AL118516.1",2.67078552890833e-155,1.2236371211548,0.33,0.03,1.02088106056992e-150
"ERP29",2.721847552153e-155,0.335292940424835,0.595,0.158,1.04039900833496e-150
"ORAI1",2.77477231674975e-155,0.157587912221312,0.364,0.044,1.06062897035443e-150
"PLXNB1",2.79111715427602e-155,0.803019159775703,0.337,0.033,1.06687662105047e-150
"CHPF",3.41311732697972e-155,0.0719896084465572,0.377,0.049,1.30462996706473e-150
"SND1",3.72825035658958e-155,-0.087323258222782,0.461,0.086,1.4250864163028e-150
"POGK",3.80849710042562e-155,0.753834253188439,0.327,0.029,1.45575993166669e-150
"TBCC",4.09358889597854e-155,0.414646503525613,0.361,0.043,1.56473341959884e-150
"TLE4",4.56505130020506e-155,1.51445577195672,0.402,0.066,1.74494520899038e-150
"ICMT",4.71084428987037e-155,0.469441329026053,0.329,0.03,1.80067312136005e-150
"GPR107",4.94277162993531e-155,0.828860305441046,0.317,0.025,1.88932502782647e-150
"IFT20",4.99111645630379e-155,0.18865546825648,0.399,0.059,1.90780435425756e-150
"SUGP2",5.52909731763122e-155,0.838793029328462,0.371,0.048,2.11344215869136e-150
"SFN",5.56304235130402e-155,0.664543330368257,0.687,0.216,2.12641730836245e-150
"STT3A",5.69939931316407e-155,0.387570633676126,0.338,0.033,2.17853839346383e-150
"IMPA1",6.10161035778296e-155,0.561439222430344,0.338,0.033,2.33227954315896e-150
"NUB1",6.20832384817384e-155,-0.0731711423818056,0.456,0.084,2.37306970772597e-150
"ARFGEF3",6.53230993445467e-155,0.804292957824227,0.349,0.038,2.49691014934595e-150
"CARS2",7.2993526319135e-155,-0.0189751527706212,0.423,0.069,2.79010455002262e-150
"ADAM17",7.31879306644049e-155,0.749728460294254,0.322,0.027,2.79753546171621e-150
"GPSM2",7.37292729109582e-155,0.30228086005993,0.392,0.056,2.81822772774847e-150
"AMN",8.02945060871401e-155,0.0909911156202128,0.448,0.082,3.06917720067484e-150
"KLHDC10",8.09426756421588e-155,1.1918163393533,0.291,0.015,3.09395283374588e-150
"UTP6",8.53049798315044e-155,0.148435342168064,0.357,0.041,3.26069754907942e-150
"RAF1",8.55642750691509e-155,1.2454262273836,0.316,0.025,3.27060885024322e-150
"AIMP1",8.5988751859173e-155,0.12805964669306,0.56,0.136,3.28683405106503e-150
"MED1",8.62054359747588e-155,0.406606208398871,0.333,0.032,3.29511658469918e-150
"LRCH4",8.83189026326558e-155,0.879163822597715,0.323,0.028,3.37590173423064e-150
"CMC2",8.8493506051064e-155,0.158918210629241,0.417,0.067,3.38257577529587e-150
"HADHB",8.88823722474663e-155,0.0766795348372749,0.415,0.066,3.39743979678715e-150
"FKBP8",9.29387417556661e-155,0.0727823581461262,0.573,0.14,3.55249046486858e-150
"LFNG",9.37796903520154e-155,0.601635875774575,0.369,0.047,3.58463488401544e-150
"LMBRD1",9.92449452684931e-155,0.976140777391227,0.323,0.027,3.79353878794288e-150
"ZBED1",1.01665382515002e-154,0.481460706667136,0.333,0.031,3.88605758125343e-150
"TMEM167A",1.04891460480896e-154,-0.120270752992067,0.482,0.095,4.00937118542176e-150
"DYNC1I2",1.07445008081144e-154,0.0710588233686046,0.604,0.157,4.10697798889364e-150
"MGST2",1.11090186966314e-154,0.0569893035120212,0.481,0.096,4.24631130660037e-150
"KIF13A",1.27618930662071e-154,0.642173707844983,0.314,0.023,4.87810600562702e-150
"GSS",1.32952835238723e-154,0.0246597260240009,0.459,0.086,5.08198917416496e-150
"TRIM11",1.43041921813921e-154,0.585528810253403,0.327,0.029,5.46763441941531e-150
"EIF5B",1.43506481577902e-154,0.292967340665421,0.699,0.212,5.48539175183372e-150
"CHP1",1.50831885619586e-154,0.0765197002784934,0.466,0.09,5.76539799592306e-150
"TSC2",1.53318308717679e-154,0.61661076803511,0.374,0.05,5.86043903242457e-150
"CCDC59",1.57053340089667e-154,-0.125686958653807,0.501,0.105,6.00320687158744e-150
"SCYL2",1.61452472096034e-154,0.969119836836828,0.334,0.032,6.17135929339881e-150
"DNAAF5",1.65287996299456e-154,0.521102948724792,0.329,0.03,6.31796837055042e-150
"AP3B1",1.82328712336971e-154,0.384028279163414,0.358,0.042,6.9693327003684e-150
"LETM1",1.84333451197652e-154,0.108170848320261,0.356,0.041,7.04596183857904e-150
"MGAT4A",2.10739445201255e-154,0.825959130068366,0.325,0.028,8.05530455337275e-150
"PPFIA1",2.20457489208481e-154,0.134970462234208,0.392,0.056,8.42676706750498e-150
"GSPT1",2.27081499827844e-154,0.184966972774823,0.598,0.154,8.67996324941952e-150
"GOSR2",2.47990604373743e-154,0.307043112336022,0.338,0.034,9.47919286158197e-150
"AGPAT2",2.61061421638331e-154,0.197406828427269,0.627,0.173,9.97881178070355e-150
"RPRD2",2.62150601012087e-154,0.463831604674442,0.329,0.03,1.0020444573086e-149
"DFFA",2.62865335699819e-154,0.149191929800266,0.38,0.052,1.00477645917899e-149
"B4GALT3",2.80739674264699e-154,0.306887103635017,0.33,0.03,1.07309933090938e-149
"CMAS",2.86877893796671e-154,0.0277872259739657,0.478,0.095,1.09656206124839e-149
"MYH14",2.86932258974297e-154,0.440629882389805,0.585,0.154,1.09676986670335e-149
"CHURC1",2.87211945039459e-154,0.0739708671086474,0.467,0.089,1.09783893871883e-149
"USP1",2.93588108164503e-154,0.162098977606204,0.37,0.046,1.122211184648e-149
"FLOT1",2.96400446507574e-154,0.130958120177388,0.48,0.097,1.13296106673055e-149
"MED4",3.00792570516096e-154,-0.0679157850797385,0.493,0.102,1.14974952154073e-149
"AP3S1",3.07074658449102e-154,0.177091378719341,0.444,0.08,1.17376217445585e-149
"CCNC",3.14283356795378e-154,-0.0382064020958923,0.41,0.063,1.20131670301465e-149
"TBC1D17",3.14362115594491e-154,0.780818357500409,0.343,0.036,1.20161775064838e-149
"XPNPEP1",3.25266890983837e-154,0.710418061424742,0.331,0.031,1.24330016409662e-149
"TP53RK",3.44647254074835e-154,0.141806209527595,0.37,0.046,1.31737966397565e-149
"PLIN2",3.8964047583484e-154,0.510554913019314,0.386,0.055,1.48936175483109e-149
"NSD1",4.00077019166664e-154,0.553459469935481,0.379,0.052,1.52925439806266e-149
"PACSIN2",4.16903469805585e-154,0.237414168756566,0.367,0.045,1.59357182298487e-149
"RRAGC",4.33419181058332e-154,0.721776888947723,0.317,0.025,1.65670147767737e-149
"RAD21",4.63145261649556e-154,0.289151835988864,0.614,0.166,1.77032644812926e-149
"DHCR24",4.97040607053329e-154,0.682261195074378,0.335,0.033,1.89988801640065e-149
"ZNF335",4.97267226997218e-154,0.776469364901015,0.314,0.024,1.90075424847417e-149
"FAM192A",5.08273811780708e-154,0.226467956852295,0.396,0.059,1.94282581815058e-149
"KDM5C",5.8948067559508e-154,0.737615590415672,0.335,0.033,2.25323093439464e-149
"TSPAN12",6.50787169118219e-154,1.10011902961997,0.296,0.017,2.48756887523748e-149
"IARS",6.56100883127465e-154,0.140939773603001,0.442,0.08,2.50788001566642e-149
"ZNF322",7.10534569164394e-154,0.31178388467516,0.332,0.031,2.71594733717398e-149
"HIPK3",7.2690305504509e-154,0.687125822343168,0.332,0.032,2.77851423760435e-149
"EDEM3",7.42960596073659e-154,1.18682806129588,0.308,0.022,2.83989258243195e-149
"PRKRA",7.74215322286754e-154,-0.0426377359079255,0.38,0.051,2.95936064790889e-149
"PAK4",8.07180254982548e-154,0.575941353503435,0.322,0.027,3.08536580664529e-149
"ATP13A2",8.1792538911123e-154,0.589154919103879,0.34,0.035,3.12643800733877e-149
"CCDC124",8.55993610278694e-154,-0.0830405996696091,0.483,0.097,3.27194997592928e-149
"COQ4",8.68520479571438e-154,0.335038615139428,0.4,0.061,3.31983268111386e-149
"MAP3K8",9.40656968233429e-154,1.37972671630523,0.306,0.021,3.59556719537546e-149
"SNRPA",9.69558077243991e-154,0.256668282109332,0.418,0.069,3.70603879445743e-149
"SEC22B",1.00433733907655e-153,0.430225261946418,0.334,0.032,3.83897904488621e-149
"VPS4A",1.0430210960405e-153,0.0339412377886463,0.382,0.052,3.98684383750519e-149
"NUDT3",1.07080463702059e-153,0.587996876459935,0.319,0.026,4.09304364454752e-149
"SEC11C",1.10638651667658e-153,0.0549492971149834,0.413,0.066,4.22905182134455e-149
"NT5C",1.14333920582973e-153,-0.0224250299887533,0.56,0.135,4.37029978036357e-149
"SLC25A29",1.21091961889568e-153,1.17754581876807,0.312,0.024,4.62861915126684e-149
"CIAO1",1.21656067725506e-153,-0.182093651990092,0.43,0.073,4.65018153273976e-149
"MAPRE1",1.21767263667831e-153,0.0301219697676072,0.49,0.101,4.65443188643918e-149
"TSEN54",1.25937875127156e-153,0.591168765533491,0.329,0.03,4.8138493388604e-149
"MYO1E",1.27054804374439e-153,0.657523976283596,0.361,0.044,4.85654284240855e-149
"THUMPD3",1.39598501656645e-153,0.0809187133608313,0.343,0.036,5.3360131273236e-149
"TMEM115",1.49588197992614e-153,0.780498439111421,0.295,0.017,5.71785928006967e-149
"SS18L2",1.51916337918655e-153,0.069709334988328,0.396,0.059,5.80685010060266e-149
"TECR",1.62122306798009e-153,0.146789383058288,0.642,0.18,6.19696305504709e-149
"MED8",2.26658505446382e-153,-0.0807370943526018,0.376,0.05,8.66379471218249e-149
"RNF126",2.37650898944858e-153,-0.110174511024004,0.472,0.092,9.08396796126826e-149
"RPL22L1",2.39842001075296e-153,0.320841330292721,0.626,0.176,9.16772064910212e-149
"DDX56",2.54392989564128e-153,-0.0339799463143591,0.448,0.082,9.72391763309921e-149
"PRPF8",2.61165867538188e-153,0.416029703955875,0.371,0.049,9.98280412077968e-149
"ALG3",2.76646352642837e-153,0.0652278398235486,0.39,0.056,1.05745301834198e-148
"SYNRG",2.89327766661575e-153,0.232042970327385,0.357,0.042,1.1059264552872e-148
"TICAM1",2.90466986320152e-153,1.12863697430409,0.308,0.023,1.11028100851015e-148
"TMEM63B",2.96455644002348e-153,0.544348334227736,0.331,0.032,1.13317205363457e-148
"SDHAF2",3.15672399661322e-153,0.435069978146282,0.365,0.045,1.20662618046544e-148
"GTPBP6",3.16894515448349e-153,0.210313607080422,0.387,0.055,1.21129759584977e-148
"C16orf91",3.25638905502769e-153,0.195401913814205,0.36,0.043,1.24472215239378e-148
"VPS41",3.74308325527641e-153,0.127504840899647,0.353,0.04,1.43075614349685e-148
"TMUB2",3.77966027716167e-153,1.01062739277076,0.319,0.027,1.44473734434228e-148
"SPOPL",3.80494300877625e-153,0.322883872541643,0.318,0.026,1.45440141567463e-148
"UBE2E1",3.90413194747189e-153,0.262114081790835,0.354,0.041,1.49231539560166e-148
"ERN1",3.97644565823095e-153,1.10090595103915,0.321,0.028,1.5199565884022e-148
"TLCD1",4.26749815071679e-153,0.685301559284694,0.3,0.019,1.63120849312999e-148
"CDK5RAP3",4.35220500317962e-153,0.411132235394894,0.417,0.069,1.66358684041538e-148
"DLG3",4.40242531080833e-153,0.26821076538067,0.373,0.049,1.68278305080338e-148
"SLC25A32",4.46041381827304e-153,0.51798234137791,0.342,0.036,1.70494857789669e-148
"LMTK2",4.5042863191443e-153,1.0433938274861,0.3,0.019,1.72171840262972e-148
"TCIRG1",4.76269292062102e-153,0.357676404496792,0.402,0.063,1.82049174197818e-148
"STX5",4.86836696289723e-153,0.273885868024996,0.354,0.041,1.86088458789784e-148
"C6orf120",5.12110296707549e-153,1.52779605111267,0.29,0.015,1.95749039813494e-148
"RNH1",5.17994124486839e-153,-0.142467674548953,0.568,0.138,1.97998074143849e-148
"SH3KBP1",5.30233417174377e-153,0.350822826488184,0.398,0.061,2.02676421380734e-148
"VBP1",5.50524480128594e-153,-0.0233704589541395,0.444,0.08,2.10432477284354e-148
"HLA-E",5.55381133576009e-153,0.608097621480389,0.765,0.269,2.12288884498094e-148
"TOR1B",5.80286288324059e-153,0.461041311199933,0.302,0.02,2.21808630848988e-148
"PKP3",5.96924778129791e-153,0.126971807519369,0.57,0.14,2.28168527192331e-148
"SNX14",6.25115462201386e-153,0.990057727828495,0.32,0.027,2.38944134271858e-148
"PIP4P1",6.33767861263708e-153,0.542638768542919,0.328,0.03,2.4225142728944e-148
"SIPA1",6.72771678376188e-153,0.0579599177030876,0.385,0.054,2.57160246342514e-148
"PRPF40A",7.10091870478535e-153,0.344218862907013,0.65,0.186,2.71425516571715e-148
"TMEM8A",7.84019895039654e-153,-0.0487134246967922,0.396,0.059,2.99683764679957e-148
"PROX1",8.18719827584525e-153,0.746820411716506,0.321,0.028,3.12947466895909e-148
"VARS",8.20397711335939e-153,0.211101440535839,0.401,0.062,3.13588821181049e-148
"CNPY3",8.51513919759047e-153,0.0597388574144857,0.397,0.059,3.25482680688698e-148
"VPS25",9.31504277139148e-153,0.0434273530470735,0.433,0.075,3.56058194893668e-148
"MED30",9.42742965128747e-153,0.269396490559932,0.372,0.049,3.60354070990812e-148
"ZDHHC24",1.00802455318878e-152,0.367563876183384,0.335,0.034,3.8530730521088e-148
"AKT1",1.02786025799613e-152,-0.0564567554541622,0.414,0.067,3.9288930501644e-148
"MTHFR",1.02857075289129e-152,1.57249222169658,0.296,0.018,3.93160884585168e-148
"RABGAP1L",1.04731207641094e-152,0.580504350440787,0.354,0.042,4.00324568087317e-148
"RAE1",1.21642160778257e-152,0.250423625695864,0.373,0.049,4.64964995358809e-148
"QARS",1.2778318956716e-152,-0.0451461190324576,0.442,0.079,4.88438463801513e-148
"NFKBIE",1.31823019972472e-152,0.77304457846857,0.311,0.024,5.03880311542777e-148
"PLXNA2",1.35089753855327e-152,1.46446772596249,0.285,0.014,5.16367075136604e-148
"ERLEC1",1.35297275720394e-152,0.0676315591204821,0.41,0.065,5.17160306713634e-148
"CRTAP",1.38940460491148e-152,0.430750335528788,0.344,0.037,5.31086016181365e-148
"ZFAND3",1.39115833262553e-152,0.163972513573474,0.358,0.043,5.31756361062783e-148
"KIN",1.73322628327128e-152,0.820975961790953,0.33,0.032,6.62508414517615e-148
"MAGT1",1.85724145120966e-152,0.599721073384331,0.334,0.033,7.0991197231038e-148
"H2AFY",1.87256083103857e-152,0.155139699574867,0.658,0.188,7.15767652056182e-148
"WDR74",1.92762134745204e-152,0.122502974537235,0.441,0.08,7.36813983850069e-148
"CNOT11",1.99793127360763e-152,0.341597142267006,0.342,0.036,7.63689250023781e-148
"PEF1",2.04244062749412e-152,-0.0633156834464388,0.382,0.053,7.80702505453353e-148
"REXO4",2.04461123581815e-152,0.145626846403774,0.39,0.057,7.8153219877913e-148
"RTKN",2.10138688007985e-152,0.431430080016913,0.34,0.036,8.0323412104172e-148
"VIL1",2.27700867709573e-152,0.357942252303199,0.589,0.156,8.70363796733073e-148
"SLC37A1",2.30792820993668e-152,0.439679713887726,0.344,0.038,8.82182478966196e-148
"PDCD10",2.42814702986959e-152,-0.0307211340430295,0.481,0.098,9.28134920697352e-148
"TMEM70",2.49037111162279e-152,0.241092524355073,0.412,0.067,9.51919453706695e-148
"RNF141",2.54616074815131e-152,0.524474562045397,0.323,0.029,9.73244484373357e-148
"FAM50A",2.68982604475772e-152,0.0304555153851574,0.561,0.135,1.02815910734819e-147
"SMU1",2.75342572486668e-152,0.165776409882022,0.364,0.045,1.05246944907304e-147
"KDM3A",2.82836026148396e-152,1.20467311680876,0.315,0.026,1.08111242634963e-147
"DENND2D",2.84899649991409e-152,0.376063425387795,0.343,0.037,1.08900042212716e-147
"NFIB",2.90679500006561e-152,0.20926086307992,0.4,0.062,1.11109332082508e-147
"CDK10",2.92214247587376e-152,0.223066857205917,0.375,0.051,1.11695973997799e-147
"INPP1",2.93094844425041e-152,0.254489994850443,0.361,0.044,1.12032573333028e-147
"HIPK1",3.05144840254801e-152,0.609829354865671,0.347,0.039,1.16638563738995e-147
"SHARPIN",3.13358500916972e-152,0.0290031141143314,0.493,0.103,1.19778153390503e-147
"COMMD5",3.23399988270347e-152,0.289529968789623,0.365,0.046,1.23616411516458e-147
"SRPRB",3.44523950697213e-152,-0.0507957251351669,0.371,0.048,1.31690834914503e-147
"CCNY",3.66513812068519e-152,0.391610498312341,0.329,0.031,1.40096239525071e-147
"MARS",3.66920880428986e-152,0.231641520272635,0.35,0.04,1.40251837335176e-147
"SCAF1",3.76738446356523e-152,0.53057861293506,0.334,0.034,1.44004503735317e-147
"NFKBIB",3.79972167137887e-152,0.676734442138449,0.357,0.043,1.45240561166786e-147
"PRMT2",3.8369670139747e-152,-0.03509607040262,0.451,0.084,1.46664227142169e-147
"LGR4",3.85023941306415e-152,1.19320680707383,0.287,0.015,1.47171551324964e-147
"GTPBP1",4.09914373659941e-152,0.990496775503561,0.312,0.025,1.56685670187776e-147
"USP38",4.21577244050393e-152,0.839105519403591,0.306,0.022,1.61143685765822e-147
"COQ8A",4.23385640867869e-152,0.275019743941283,0.342,0.037,1.61834927365334e-147
"SLC7A1",4.33520514548569e-152,0.597775719751618,0.329,0.032,1.65708881481045e-147
"HIST1H2BG",4.37765592556861e-152,2.09328212363496,0.312,0.025,1.67331520098934e-147
"CUL1",4.38460403894807e-152,0.257104092049271,0.357,0.042,1.67597104784751e-147
"APPL2",4.75004009409688e-152,0.542437760710301,0.33,0.032,1.81565532556759e-147
"MCUR1",4.85293230539806e-152,-0.102827274169892,0.456,0.086,1.85498484441536e-147
"D2HGDH",4.9273668443475e-152,1.30024996152028,0.314,0.026,1.88343670258339e-147
"STX17",5.26145796867474e-152,0.425576181664512,0.351,0.04,2.01113969394623e-147
"RBM17",5.67399997097292e-152,0.0315275091850511,0.522,0.118,2.16882974890469e-147
"ORMDL3",5.78291894545765e-152,0.306824628440511,0.332,0.033,2.21046293771173e-147
"DHCR7",6.03756225884214e-152,0.905440223942982,0.309,0.023,2.30779779781982e-147
"TEX264",6.67627165129564e-152,0.14821051533722,0.389,0.057,2.55193807599125e-147
"DAP3",6.88209699509849e-152,0.0407703630649842,0.491,0.103,2.63061275540645e-147
"PIH1D1",7.65712582223468e-152,0.064440492173043,0.424,0.072,2.92685977429099e-147
"PTAR1",7.81756355489947e-152,0.67051556838374,0.334,0.034,2.98818549322477e-147
"NELFA",7.82551274178517e-152,0.49281871875305,0.319,0.027,2.99122399041996e-147
"PSMD2",8.1501301546077e-152,-0.0294565035548001,0.495,0.103,3.11530575029725e-147
"NUCB2",8.29918359207922e-152,0.329815809174879,0.354,0.042,3.17227993623636e-147
"CXCL16",8.31764920168702e-152,0.320075949876591,0.408,0.066,3.17933823085285e-147
"LZTS3",8.7665133047829e-152,0.925095753832817,0.285,0.014,3.35091204562022e-147
"RER1",8.93982229947775e-152,0.0209227745526426,0.547,0.131,3.41715767575238e-147
"KEAP1",9.19975893330001e-152,0.203739243559044,0.343,0.037,3.5165158546646e-147
"HMG20B",9.3375793090302e-152,-0.0355998595659113,0.414,0.068,3.5691963150837e-147
"SMPD4",9.50429672083456e-152,0.506560340294996,0.346,0.038,3.6329223785718e-147
"YIPF2",9.65079560261831e-152,0.0240244605893825,0.387,0.056,3.68892011114482e-147
"RBM22",1.01840419023034e-151,0.252998165642048,0.365,0.046,3.89274817673644e-147
"PREP",1.02357159944018e-151,0.0981259567080128,0.354,0.042,3.91250008170016e-147
"POLR2C",1.05095200215809e-151,0.0571459491682829,0.409,0.066,4.01715893304909e-147
"HOOK1",1.07250381707724e-151,0.292892305551295,0.41,0.065,4.09953859039606e-147
"NOL11",1.20488279031899e-151,0.21898419810612,0.342,0.037,4.60554397771531e-147
"ZNHIT6",1.2441160093699e-151,0.724888192283882,0.325,0.03,4.75550903421552e-147
"WDR6",1.25011107723653e-151,0.595578347400964,0.354,0.042,4.77842458162892e-147
"NPIPB5",1.26079313892099e-151,1.28028046003324,0.324,0.03,4.81925569421158e-147
"BNIP2",1.31267923365796e-151,0.283748849157718,0.374,0.051,5.0175851027342e-147
"PPP6C",1.34051237783819e-151,0.064049156527257,0.345,0.038,5.12397451304869e-147
"SCARB1",1.40910873732455e-151,0.899094118980607,0.302,0.021,5.38617723754935e-147
"TAX1BP1",1.43851242670761e-151,0.436777512822289,0.697,0.22,5.49856989984718e-147
"MED25",1.49833647622812e-151,0.352350613332978,0.375,0.051,5.72724134673437e-147
"OSBPL9",1.58350574046931e-151,0.370659777847004,0.323,0.029,6.0527923423699e-147
"MAF1",1.59883870383591e-151,0.24605187012478,0.506,0.112,6.11140106154238e-147
"CBFA2T2",1.73430056610242e-151,0.451114424695811,0.333,0.033,6.62919048386989e-147
"PQBP1",1.7910445321428e-151,0.120548046688999,0.421,0.071,6.84608861966265e-147
"ZNF431",1.84802590877886e-151,1.42409778841578,0.304,0.022,7.06389423371631e-147
"CD320",1.93308297312266e-151,0.294828319987773,0.493,0.108,7.38901635646405e-147
"CSNK1G3",1.98533929578001e-151,0.517958281152985,0.336,0.035,7.58876092418952e-147
"ABCB8",2.01436371683446e-151,0.540651044829141,0.324,0.03,7.69970387122803e-147
"CCNH",2.02112771681644e-151,0.565607527358569,0.361,0.045,7.72555858475915e-147
"HIBCH",2.02860591680238e-151,0.189689572491533,0.388,0.057,7.75414325638542e-147
"MRPS36",2.03320630614536e-151,-0.0776013096370549,0.457,0.087,7.77172778461003e-147
"RPF1",2.34892981116349e-151,0.0795376421321712,0.358,0.043,8.97854931019132e-147
"IMP3",2.35341920776973e-151,-0.0678267023060087,0.463,0.09,8.995709579779e-147
"STX4",2.43987486722664e-151,0.155241531443615,0.395,0.06,9.32617769248711e-147
"VMA21",2.54635637345602e-151,0.154523977827156,0.405,0.064,9.73319260189831e-147
"CCDC93",2.57721115184761e-151,0.684106920301721,0.344,0.038,9.85113190682229e-147
"C1GALT1C1",2.62763975849581e-151,0.649118019359046,0.301,0.021,1.00438902128744e-146
"PPRC1",2.69767921047527e-151,1.21257779450866,0.289,0.016,1.03116090141207e-146
"TGFBR1",2.85104808447321e-151,4.03427368915387,0.258,0.005,1.08978461980904e-146
"AP2B1",3.1656000152415e-151,-0.0438244700193117,0.532,0.124,1.21001894982591e-146
"FBXO9",3.26372064118604e-151,0.312383631349762,0.367,0.048,1.24752457788695e-146
"CCND3",3.49362560323135e-151,0.186444769410739,0.375,0.051,1.33540345057915e-146
"GNL3",3.72809149052433e-151,0.198637382097823,0.546,0.132,1.42502569133802e-146
"FASTK",3.75471174701753e-151,0.304256215674161,0.367,0.048,1.43520101817998e-146
"DOK4",3.97158362721507e-151,0.405985048504606,0.328,0.032,1.51809812566669e-146
"RNF130",4.51718490654946e-151,0.199445388119503,0.353,0.042,1.72664875867947e-146
"ZNF7",4.55936530800965e-151,1.09965210552492,0.296,0.019,1.74277179533361e-146
"SOCS1",4.75769295736705e-151,1.11066998121222,0.334,0.035,1.81858055602398e-146
"M6PR",4.76915433298617e-151,0.836431844292796,0.333,0.034,1.82296155224063e-146
"SBDS",4.80505877911946e-151,0.262313607263788,0.615,0.168,1.83668566773062e-146
"HPCAL1",4.83319471885976e-151,0.378267893339281,0.41,0.068,1.84744034933695e-146
"PYURF",5.49666190014897e-151,0.177607100147561,0.459,0.089,2.10104404471294e-146
"KHDRBS3",5.57489440911326e-151,0.274948471784317,0.379,0.052,2.13094763893945e-146
"BRCC3",6.08749372167028e-151,0.0981422134109347,0.377,0.052,2.32688360017125e-146
"SLC39A8",6.15955838083413e-151,0.990590964910352,0.388,0.06,2.35442959549004e-146
"MYADM",6.66473309290441e-151,1.3914068754832,0.42,0.078,2.54752757743178e-146
"TOLLIP",6.91921140997075e-151,0.081696654403431,0.367,0.048,2.64479936934722e-146
"EPHX1",6.93472225710364e-151,0.997860984306044,0.304,0.022,2.65072823555529e-146
"PIGF",7.13068341766536e-151,0.564228651452169,0.313,0.025,2.72563242956841e-146
"IL17RE",7.30890535402888e-151,0.796063663731456,0.321,0.029,2.793755982524e-146
"CENPB",7.34825849561715e-151,0.057149862586877,0.451,0.085,2.8087983273647e-146
"MXD4",7.34912543665047e-151,0.150795703940507,0.419,0.071,2.80912970690528e-146
"ALCAM",7.85956581533452e-151,0.568190596905794,0.33,0.033,3.00424043725347e-146
"PTK7",8.36466565955919e-151,1.93563867395901,0.266,0.008,3.1973098017099e-146
"PSMD6",8.60051703964342e-151,0.0543282549102102,0.398,0.061,3.2874616332333e-146
"FOXJ3",9.05090734535216e-151,0.537474217755577,0.337,0.035,3.45961882368741e-146
"MON2",9.11473747979893e-151,1.16758397121924,0.317,0.027,3.48401725427834e-146
"PWP1",9.32557268710769e-151,-0.0161061869802841,0.371,0.049,3.56460690392004e-146
"MAEA",9.78900318963251e-151,0.0383946905419421,0.371,0.05,3.74174857920513e-146
"ARL2BP",9.99477667727937e-151,0.242332821207855,0.332,0.033,3.82040343712327e-146
"ATN1",1.01900264078029e-150,0.78813254846086,0.336,0.036,3.89503569411856e-146
"DENND1B",1.04598972685235e-150,0.979424884030812,0.295,0.019,3.99819113192041e-146
"MFF",1.05890685038533e-150,-0.0280511584379486,0.459,0.089,4.04756554491287e-146
"TMEM18",1.08394018494001e-150,0.206683691091348,0.354,0.042,4.14325296291469e-146
"RHOT1",1.08581238986239e-150,0.573768641554574,0.302,0.021,4.15040927900999e-146
"ADAM9",1.25106243682831e-150,0.69381808286273,0.328,0.032,4.78206105853254e-146
"PMM1",1.25248104471433e-150,0.289965373550272,0.358,0.044,4.78748354531604e-146
"SART3",1.41876879508632e-150,0.429336094881446,0.322,0.03,5.42310184233796e-146
"MCRS1",1.50066884326163e-150,-0.0732196307972843,0.376,0.051,5.73615658648327e-146
"NOB1",1.62987489439907e-150,0.0703263724989716,0.409,0.066,6.230033796351e-146
"ATP6V1E1",1.67498349856908e-150,-0.0717861628556991,0.435,0.078,6.40245692493044e-146
"TRIM13",1.70768095299624e-150,0.419994873279943,0.33,0.033,6.52743967473282e-146
"B3GNT2",1.73836428952926e-150,0.584920724664561,0.321,0.029,6.64472366029666e-146
"NOSTRIN",1.77094067984959e-150,0.38947804366946,0.347,0.04,6.76924365465708e-146
"EDEM2",1.77150648210793e-150,0.532825102089772,0.302,0.021,6.77140637720936e-146
"ARHGAP35",1.84338655521483e-150,0.840964069964274,0.305,0.023,7.04616076865316e-146
"MTSS1",1.85726602925854e-150,0.704593739329668,0.318,0.027,7.09921367023784e-146
"EPN1",1.9876177225401e-150,-0.0656269139271788,0.535,0.125,7.59746998263727e-146
"CDK11A",2.05925556096174e-150,0.862888461116661,0.34,0.038,7.87129845622015e-146
"RPP38",2.16685790637308e-150,0.124819902138347,0.361,0.045,8.28259766132048e-146
"SWAP70",2.260072740322e-150,0.678342528376655,0.332,0.034,8.63890204260682e-146
"MDM2",2.26690415278572e-150,0.751317881929791,0.35,0.041,8.66501443360815e-146
"DCUN1D1",2.33212041289149e-150,0.158323006824641,0.329,0.032,8.91429706623642e-146
"MON1B",2.38632434644921e-150,0.737214784036589,0.31,0.025,9.12148618186746e-146
"UXS1",2.44571865861548e-150,0.418509021604488,0.325,0.031,9.34851500069182e-146
"ECPAS",2.50298915947197e-150,0.22996954765883,0.363,0.046,9.56742576316567e-146
"TMEM203",2.54710556784511e-150,0.0515731925780556,0.345,0.038,9.73605632253115e-146
"USP14",2.77920133960029e-150,-0.0599299384513345,0.439,0.08,1.06232192004881e-145
"COIL",2.80279422757885e-150,0.796908392725198,0.323,0.03,1.07134006554974e-145
"YRDC",2.8159928080429e-150,0.134307833539492,0.357,0.044,1.07638509094632e-145
"RNF216",2.84114157591043e-150,0.297658094242539,0.358,0.045,1.085997955976e-145
"RAP1A",2.85200314592081e-150,-0.022695808168395,0.413,0.068,1.09014968249677e-145
"AZI2",3.2061185349729e-150,0.14469409045945,0.33,0.032,1.22550674880804e-145
"FBXO21",3.20659206363055e-150,0.149851898153185,0.344,0.038,1.22568775040214e-145
"CPSF2",3.23187771968061e-150,0.454932314180845,0.317,0.027,1.23535293957072e-145
"RNF8",3.33861862571642e-150,0.266423409935983,0.351,0.041,1.27615358349384e-145
"KIF2A",3.4108937748734e-150,0.214463295072987,0.392,0.059,1.30378003650761e-145
"BIN1",3.66082548803726e-150,0.647825183476655,0.376,0.053,1.39931393454736e-145
"NME3",3.85490477909341e-150,0.0348393570115417,0.466,0.093,1.47349880276067e-145
"SMARCD2",4.26509708182158e-150,0.131224983414721,0.424,0.074,1.63029070855548e-145
"TPMT",4.27564345172021e-150,-0.074528783752297,0.429,0.075,1.63432195298553e-145
"ATF1",4.95558203454404e-150,0.0760287748322592,0.319,0.028,1.89422167688411e-145
"PSMD13",5.09582734447867e-150,-0.0746326032503813,0.503,0.109,1.94782904415353e-145
"CHID1",5.90848073249113e-150,0.208946638683813,0.375,0.052,2.25845767518741e-145
"TMEM109",7.21290442840667e-150,0.959157557355942,0.303,0.022,2.75706058871417e-145
"MYC",7.41644064805329e-150,0.686224673775352,0.52,0.126,2.83486027331189e-145
"SREK1IP1",7.51213136975153e-150,-0.0901945042620549,0.447,0.084,2.87143709477383e-145
"DYNLT3",7.8979080364757e-150,0.247061725264662,0.438,0.08,3.01889636786247e-145
"HAX1",7.96077363103194e-150,-0.0308111980510786,0.436,0.079,3.04292611272565e-145
"ZNRD1",8.74278831491498e-150,0.095600513855774,0.512,0.115,3.3418434054931e-145
"TMEM101",8.78051592666844e-150,0.53074278020493,0.307,0.023,3.35626440780974e-145
"BCAP31",9.60951864671627e-150,0.129631969865547,0.631,0.179,3.67314240752083e-145
"ZNRF1",9.61408150294336e-150,0.588576018981559,0.317,0.027,3.67488651368507e-145
"EPB41L1",1.03216762126727e-149,0.482015328222051,0.32,0.029,3.94535751553203e-145
"FRA10AC1",1.0480513718847e-149,0.627033890601502,0.321,0.03,4.00607156389208e-145
"GAR1",1.05676111321464e-149,-0.0202943235385082,0.4,0.063,4.03936367915163e-145
"SLC39A11",1.12649199388101e-149,0.786285123963753,0.29,0.017,4.30590299741075e-145
"SGPP2",1.2244092191355e-149,0.520535139395196,0.322,0.03,4.68018179922354e-145
"SMAD3",1.26739250151837e-149,3.44935281455689,0.267,0.009,4.8444810978038e-145
"MFSD14B",1.29294007472952e-149,0.630124004990125,0.321,0.03,4.94213414164611e-145
"FDX1",1.32058320223485e-149,-0.0872140341959946,0.444,0.083,5.04779723222249e-145
"NAE1",1.35766539486315e-149,0.183886058198836,0.394,0.06,5.18954020532489e-145
"PMPCB",1.39739235363142e-149,0.258368208658267,0.395,0.061,5.34139253252073e-145
"KCTD5",1.41197825766215e-149,0.344498208225341,0.318,0.028,5.39714569208782e-145
"TMED9",1.45119187773477e-149,-0.0346873801587446,0.566,0.143,5.54703583345338e-145
"ANO6",1.64472090530738e-149,0.39537170091538,0.303,0.022,6.28678118844694e-145
"SPATA2",1.84155037797039e-149,0.454124544940219,0.302,0.022,7.03914216475402e-145
"CDC37",1.958281082811e-149,0.223249624323704,0.723,0.227,7.48533361093677e-145
"CTNNAL1",2.04683437493788e-149,0.112311294197126,0.371,0.05,7.82381971476256e-145
"TMEM263",2.24548019728424e-149,0.555141131530394,0.322,0.03,8.58312350609926e-145
"EHMT2",2.50150565155131e-149,0.519739594578464,0.338,0.037,9.56175520248972e-145
"PTS",2.55631407723942e-149,-0.0481746518138939,0.419,0.07,9.77125492883996e-145
"RUNDC1",2.68047349920598e-149,0.872412442865286,0.311,0.026,1.0245841903365e-144
"PCMTD2",2.72682330893937e-149,0.180351776636566,0.368,0.049,1.04230094160899e-144
"ZNF652",2.73485884946712e-149,0.439619883636195,0.334,0.035,1.04537244662031e-144
"ZC3H14",2.81884095510997e-149,0.352632960791683,0.314,0.027,1.07747376668124e-144
"ECE1",2.93325297076031e-149,0.339984805496224,0.322,0.03,1.12120661554342e-144
"DAPK3",3.60644859283327e-149,0.24920824022434,0.365,0.049,1.37852891012459e-144
"HIVEP1",3.77411756204868e-149,1.05577034141192,0.308,0.025,1.44261869691749e-144
"NR2C1",3.93397390952899e-149,1.65534711357172,0.3,0.022,1.50372218717836e-144
"EDN1",4.03142482840955e-149,1.77993626102546,0.314,0.028,1.54097182641127e-144
"RCE1",4.27600299113793e-149,0.347938574537757,0.304,0.023,1.63445938333256e-144
"SESN2",4.42532278112803e-149,1.38059966474091,0.275,0.012,1.69153537985838e-144
"SLC35A2",4.61088899611366e-149,1.02810979121072,0.284,0.015,1.76246620987449e-144
"GAN",4.63977636774483e-149,1.46660681323705,0.287,0.017,1.77350811880678e-144
"SPRY2",4.80874876253147e-149,0.641754983942347,0.335,0.036,1.83809612699003e-144
"ELK4",4.97764745279273e-149,0.720285961455191,0.34,0.038,1.90265596235549e-144
"CDX2",5.05548096453436e-149,0.155301617045195,0.504,0.112,1.93240704388361e-144
"PGP",5.48059856642792e-149,0.0219004596740833,0.453,0.087,2.09490399603141e-144
"RPS6KB1",5.50765949179604e-149,1.10461999361457,0.31,0.026,2.10524776414412e-144
"MRPL42",5.65698983142523e-149,-0.178514511480826,0.45,0.086,2.16232779316398e-144
"IDH1",5.79548710051387e-149,0.122821696950305,0.43,0.078,2.21526698930042e-144
"TOMM70",5.9613133286569e-149,0.0536643814227438,0.389,0.058,2.27865240674582e-144
"EFTUD2",5.98151073887157e-149,0.116235733546239,0.354,0.044,2.28637266482627e-144
"CRBN",6.79091309690329e-149,0.439721708274241,0.323,0.03,2.59575862216031e-144
"CPNE1",7.27966502403258e-149,0.128853844611821,0.5,0.11,2.78257915878621e-144
"IGF2BP3",7.67980931346062e-149,0.417045271414606,0.312,0.026,2.93553031197719e-144
"LRRC59",7.86469186843083e-149,-0.0877557509708483,0.518,0.119,3.006199819789e-144
"CENPV",8.06006818773591e-149,0.0821384950602138,0.393,0.06,3.08088046408017e-144
"STRAP",8.06593907368706e-149,0.0390204556274129,0.478,0.099,3.08312455152614e-144
"PROS1",9.02962568860227e-149,0.675464541194893,0.296,0.02,3.45148412321133e-144
"ING2",9.30196406327842e-149,0.34286539000571,0.331,0.034,3.55558274354754e-144
"FASN",9.44292711788344e-149,-0.0552828317221667,0.422,0.073,3.60946446153977e-144
"PIAS1",9.44930220890236e-149,0.920699288712158,0.306,0.024,3.61190127633084e-144
"NDUFAF6",1.03994559542597e-148,0.10553426363991,0.356,0.044,3.97508804395624e-144
"TADA3",1.04024620522787e-148,-0.106272753866064,0.373,0.052,3.97623709486302e-144
"KPNA2",1.12820672065753e-148,0.181512333709711,0.431,0.078,4.31245736904133e-144
"SMIM12",1.21229116570951e-148,0.0150388256374621,0.352,0.043,4.63386175180802e-144
"ELOF1",1.22953395472506e-148,0.142387501144693,0.365,0.048,4.69977058854108e-144
"ATAD1",1.24065083154224e-148,0.222888603145932,0.325,0.032,4.74226373848707e-144
"CCDC174",1.27331294314438e-148,0.599891210585373,0.323,0.031,4.86711139387508e-144
"OGFOD3",1.32173361331094e-148,0.507564341307746,0.328,0.033,5.05219456351972e-144
"OARD1",1.36215753642391e-148,0.0342417287978958,0.363,0.047,5.20671096722677e-144
"TTYH3",1.40833292724255e-148,0.485856341741796,0.337,0.037,5.38321178109194e-144
"NIPAL3",1.48557710769937e-148,0.802004065499963,0.301,0.022,5.67846993647008e-144
"RABAC1",1.6235847609457e-148,0.0144996521547388,0.585,0.154,6.20599039023886e-144
"CDKN1B",1.62998872866822e-148,0.723622630337452,0.345,0.04,6.23046891646142e-144
"PREPL",1.70901348631175e-148,0.329654341308453,0.339,0.038,6.53253315007805e-144
"FAM104A",1.793468950101e-148,0.191867610785627,0.36,0.046,6.85535571486606e-144
"PSME3",1.79427312513019e-148,-0.128410957300928,0.385,0.057,6.85842959349764e-144
"ARL16",1.80807376667235e-148,0.170890674018238,0.383,0.057,6.91118116572839e-144
"FAR1",1.81617025527479e-148,0.24643287489737,0.351,0.043,6.94212918376235e-144
"CCDC90B",1.87875580340996e-148,-0.0272376066427613,0.378,0.054,7.18135618295424e-144
"CAMK2G",1.88217802883118e-148,0.70942941996432,0.319,0.03,7.19443729740432e-144
"C1orf43",1.88626823069258e-148,0.130696611785183,0.523,0.12,7.21007168499932e-144
"KCNQ1",1.93877191539544e-148,0.875622851583769,0.328,0.034,7.41076176940754e-144
"NUP50",1.9512654137891e-148,0.431427789583707,0.365,0.049,7.45851691766746e-144
"EXOC4",2.00640597148645e-148,0.32898041279222,0.35,0.042,7.66928618540979e-144
"SNX27",2.06626326681802e-148,0.138982018841228,0.317,0.028,7.89808471108519e-144
"ST3GAL4",2.10898486594389e-148,0.275780810822638,0.343,0.039,8.06138375158391e-144
"FAM210B",2.11705729839576e-148,0.0873657930324616,0.366,0.049,8.09223981738796e-144
"BORCS7",2.12339778437179e-148,0.130837717887645,0.35,0.042,8.11647569098272e-144
"HDAC5",2.19343007279346e-148,0.674564617641989,0.312,0.027,8.38416711024572e-144
"TARBP1",2.22076948900083e-148,0.251420016813784,0.35,0.042,8.48866929475678e-144
"GRWD1",2.23699202937598e-148,0.798692258834106,0.305,0.024,8.55067833308673e-144
"TRIB3",2.26962093867059e-148,0.0936388150252094,0.357,0.045,8.67539907597448e-144
"TMEM222",2.27500462678621e-148,0.630912567906647,0.318,0.029,8.69597768542759e-144
"MYCL",2.34892799035107e-148,1.52069139965974,0.286,0.017,8.97854235031794e-144
"TRAPPC4",2.38827636005136e-148,0.121352129295372,0.395,0.062,9.12894755866032e-144
"CYB5B",2.71193165334232e-148,-0.0100666888502238,0.526,0.123,1.03660875517357e-143
"NAA60",3.11246226603959e-148,0.500736062822618,0.344,0.04,1.18970757657097e-143
"SMTN",3.12237967417425e-148,0.491181447106665,0.355,0.045,1.19349840665636e-143
"AKT1S1",3.14056426247109e-148,0.362478710573919,0.377,0.055,1.20044928368695e-143
"NAXE",3.29617959232544e-148,0.184738394465878,0.455,0.091,1.25993168737048e-143
"LRIF1",3.45210717962014e-148,1.12338269095306,0.289,0.018,1.319533448338e-143
"C2orf49",3.56841494748119e-148,0.145118700567206,0.361,0.048,1.36399092952521e-143
"CAPN1",3.64736612776308e-148,-0.0263371348663249,0.577,0.146,1.39416922867616e-143
"LMAN2",3.65253974764516e-148,0.0761928698360518,0.547,0.134,1.39614679313989e-143
"CFAP298",3.7501436999428e-148,-0.231875062218346,0.468,0.094,1.43345492786613e-143
"SIRT2",3.77585522280021e-148,0.773018299227421,0.312,0.027,1.44328290036315e-143
"SHTN1",3.81015778472665e-148,-0.11640492545565,0.387,0.057,1.45639471163391e-143
"POFUT1",3.82165610025905e-148,1.18240574616093,0.286,0.017,1.46078982776302e-143
"PYCR2",3.88847092505219e-148,0.0787072314964261,0.353,0.044,1.48632912639195e-143
"PKN1",4.10519538917945e-148,0.0160433213487781,0.409,0.068,1.56916988555995e-143
"IRGQ",4.13187958415784e-148,1.18210866105574,0.276,0.013,1.57936965224849e-143
"SOS2",4.52428748713672e-148,0.702593310992181,0.313,0.027,1.72936364908314e-143
"CREB3",4.82063225959685e-148,0.213159266655178,0.341,0.039,1.8426384749083e-143
"EMC6",4.93187517832985e-148,-0.124930890399499,0.446,0.084,1.8851599681648e-143
"CYB561D2",5.03020605711822e-148,0.522363220240018,0.322,0.031,1.92274596327287e-143
"SLC5A6",5.26749255618471e-148,1.12482873343789,0.287,0.017,2.01344635467604e-143
"FAM129B",5.82238590652115e-148,0.281404963322219,0.32,0.03,2.22554878890864e-143
"STAU2",5.91142041680117e-148,0.191945776730493,0.335,0.036,2.25958134011808e-143
"CDC26",5.95972141765719e-148,-0.0434824343542004,0.395,0.061,2.27804391468528e-143
"TMEM14B",6.24063250207914e-148,0.206470043809855,0.499,0.112,2.38541936759473e-143
"TMEM44",6.32560842736484e-148,0.774609105206088,0.297,0.021,2.41790056527594e-143
"PAIP1",6.45867429557983e-148,-0.0103403961576621,0.489,0.105,2.46876366274243e-143
"BLOC1S4",6.90266260873081e-148,0.321373058525922,0.356,0.045,2.63847375556126e-143
"WDR75",7.25507286091496e-148,0.357369507045728,0.323,0.032,2.77317905035613e-143
"ZBTB1",7.46228120467698e-148,0.815544999609101,0.344,0.041,2.85238236767573e-143
"ARSD",7.4706577811381e-148,0.523383085391631,0.338,0.038,2.85558423026223e-143
"CREB3L1",7.52792981743547e-148,0.191769039823092,0.381,0.056,2.87747589341653e-143
"PWWP2A",7.82781210173879e-148,0.504358363730157,0.32,0.03,2.99210289776864e-143
"MTREX",7.95408351871094e-148,0.246258556645363,0.363,0.049,3.04036888419207e-143
"HAGH",8.19676687691522e-148,0.059051203595877,0.376,0.054,3.13313217103207e-143
"RAB5IF",8.75439913191653e-148,0.081224912527557,0.558,0.139,3.34628152418377e-143
"RIC8A",9.22003883243017e-148,0.211435682782551,0.357,0.046,3.52426764330811e-143
"C8orf82",9.86483140233424e-148,0.0192509464186177,0.426,0.076,3.77073315522824e-143
"PPIF",1.00572717399781e-147,0.0857100070341164,0.443,0.084,3.84429154988924e-143
"GSKIP",1.0309271820098e-147,0.122778209617685,0.356,0.045,3.94061606051426e-143
"PTPMT1",1.06079211561688e-147,0.0194062670161408,0.343,0.039,4.05477178273398e-143
"FAM199X",1.06528279037665e-147,0.445548895555104,0.318,0.03,4.0719369379357e-143
"SLC2A4RG",1.09566120595269e-147,0.0359490057810747,0.421,0.074,4.18805539363355e-143
"SREBF1",1.1013467172993e-147,0.610200316056192,0.351,0.044,4.20978769220483e-143
"STXBP1",1.13631510832402e-147,0.18507494121852,0.345,0.041,4.34345087005773e-143
"RPGR",1.23268568325164e-147,1.38581395080126,0.292,0.019,4.71181775566106e-143
"EPHB4",1.24495112240476e-147,0.183386128709499,0.323,0.031,4.75870117027996e-143
"YY1AP1",1.2574871687312e-147,0.31369562919832,0.316,0.028,4.80661895375813e-143
"RARS",1.29440203967386e-147,-0.0372694878431226,0.416,0.071,4.94772235644936e-143
"PRR15L",1.33147585820114e-147,-0.137740989741759,0.44,0.082,5.08943332038802e-143
"BROX",1.34625259751621e-147,-0.144832689616561,0.43,0.078,5.14591592874597e-143
"ARHGEF2",1.34757317156313e-147,0.773397811628537,0.35,0.044,5.15096369098291e-143
"PNKD",1.35853403957778e-147,-0.0961059543971245,0.49,0.105,5.19286051288212e-143
"NRAS",1.40744303063213e-147,0.254821932516084,0.338,0.038,5.37981024028826e-143
"NT5C2",1.40999075463442e-147,0.859013597596904,0.304,0.024,5.38954866051461e-143
"BUD31",1.43630958531087e-147,0.212066522972958,0.61,0.169,5.49014975889228e-143
"SRF",1.44068019378072e-147,0.75777446722434,0.299,0.022,5.50685597270744e-143
"HSPB11",1.46517172963598e-147,0.174006792708377,0.366,0.049,5.60047241936058e-143
"TEAD3",1.54435745159232e-147,0.69801534759356,0.285,0.017,5.90315192296647e-143
"YLPM1",1.65118997133039e-147,0.805348047337641,0.302,0.023,6.31150854641328e-143
"QTRT2",1.66016527301553e-147,0.395777194305197,0.317,0.029,6.34581573957458e-143
"LRRC42",1.74056128691154e-147,0.916488417209981,0.285,0.016,6.65312146309066e-143
"RHEB",2.10515223174261e-147,0.0305997155273828,0.581,0.15,8.04673389061293e-143
"OAT",2.16465575924508e-147,0.322022362063008,0.361,0.048,8.2741801741384e-143
"RAPH1",2.17395848451436e-147,1.62622919143548,0.28,0.015,8.3097389112077e-143
"TMEM192",2.19536468021442e-147,0.582212321355247,0.302,0.023,8.39156195365159e-143
"ERGIC3",2.26170416100787e-147,0.465078154813975,0.547,0.14,8.6451379850365e-143
"MEA1",2.28218495898934e-147,-0.0519626223353362,0.413,0.07,8.72342378724086e-143
"SEPT11",2.36623223795836e-147,0.201691858105744,0.34,0.038,9.04468610637202e-143
"PLXNA3",2.62499379355101e-147,1.65217257379562,0.312,0.028,1.00337762764694e-142
"GABARAPL2",2.69388998654579e-147,-0.106026544945047,0.532,0.126,1.02971250845726e-142
"ZNHIT3",2.71314768705281e-147,0.026000841295641,0.377,0.055,1.03707357189906e-142
"C1orf21",2.79712137602299e-147,0.448274349094438,0.348,0.042,1.06917167477103e-142
"BID",2.82985024955364e-147,-0.122932535700317,0.439,0.082,1.08168195938938e-142
"ANAPC5",2.89794259961874e-147,-0.044657380024992,0.492,0.106,1.10770957927827e-142
"DALRD3",3.14101690647747e-147,0.703770312261336,0.322,0.032,1.20062230233195e-142
"PIM1",3.36078107211595e-147,1.37258690645211,0.296,0.021,1.2846249570056e-142
"IQCE",3.37873602833812e-147,0.403701153663598,0.333,0.036,1.29148805947196e-142
"TMEM14A",3.66533256907257e-147,0.0671366234514039,0.337,0.037,1.4010367212023e-142
"CD82",3.71110057955597e-147,0.285304629826773,0.361,0.048,1.41853108552947e-142
"BTF3L4",3.94582246902313e-147,0.118268657897872,0.411,0.069,1.5082511805594e-142
"COASY",4.0020264441504e-147,-0.112724295817879,0.386,0.058,1.52973458801205e-142
"PRKD2",4.52921859617546e-147,0.779124585786102,0.321,0.032,1.73124851620211e-142
"CHMP1A",4.56073936241867e-147,-0.145996404732127,0.424,0.075,1.74329701389091e-142
"HMOX2",4.5880951687457e-147,0.0272309649728779,0.42,0.074,1.75375349730136e-142
"DTNBP1",4.90430572281937e-147,0.125984262645281,0.352,0.044,1.87462181949048e-142
"POU2F1",5.19471188122833e-147,0.579316643969935,0.318,0.03,1.98562666948072e-142
"HACD2",5.33829059548486e-147,0.354588654830073,0.31,0.027,2.04050819721813e-142
"CDC16",5.43116695311758e-147,0.184023637385066,0.361,0.048,2.07600925615967e-142
"PVR",5.49048497752569e-147,1.10724463705401,0.282,0.016,2.09868297780942e-142
"RPL7L1",5.59528302963455e-147,0.180015197317351,0.555,0.138,2.13874098524751e-142
"FLVCR1",6.16759510919074e-147,1.19905514722096,0.281,0.015,2.35750155453707e-142
"SEPT10",6.29568348870933e-147,0.218924950966905,0.309,0.026,2.40646205672425e-142
"YWHAH",6.34850248751566e-147,0.0737284244235182,0.593,0.157,2.42665159082799e-142
"DHX30",6.44303562982491e-147,0.103010142094148,0.364,0.049,2.46278593914427e-142
"GRAMD1A",6.51224250290819e-147,0.268633564540154,0.386,0.059,2.48923957431162e-142
"SCCPDH",6.63521240172302e-147,0.140347311214603,0.352,0.044,2.53624358843461e-142
"SLC39A14",6.70199203109786e-147,0.95498492109409,0.292,0.02,2.56176943396685e-142
"NSUN2",7.04424005178018e-147,-0.0392145974950044,0.385,0.058,2.69259031739245e-142
"H6PD",7.34536216288763e-147,1.41954856398115,0.273,0.013,2.80769123314217e-142
"PANK3",7.5610094504327e-147,0.287105098340992,0.377,0.056,2.89012025233339e-142
"AIP",7.97615033316837e-147,-0.118296704713768,0.417,0.072,3.04880370335028e-142
"COTL1",8.10051315646496e-147,0.322833892883711,0.431,0.08,3.09634014892717e-142
"TRMT6",8.744755608779e-147,0.209243082494829,0.39,0.06,3.34259538389969e-142
"MRPS10",8.8241984441124e-147,-0.171916145207979,0.445,0.084,3.37296161327752e-142
"TMEM205",9.01348588207479e-147,-0.0250095450981924,0.426,0.076,3.44531484356427e-142
"ZDHHC21",9.09123826300954e-147,1.01081496018257,0.3,0.023,3.47503491365276e-142
"NCLN",9.19839848512673e-147,-0.0736375032370138,0.4,0.065,3.51599583695484e-142
"CISD2",9.40324542729246e-147,-0.183625459716722,0.408,0.068,3.59429653212827e-142
"WDR55",1.0048159582138e-146,0.631929040643932,0.329,0.035,3.84080851867642e-142
"MRFAP1",1.00571744866919e-146,0.0156064778460839,0.511,0.116,3.84425437579309e-142
"SYF2",1.03393933325001e-146,0.0285072262129126,0.645,0.184,3.95212970741484e-142
"VAMP3",1.03989810950663e-146,-0.0515477664184443,0.416,0.071,3.97490653377815e-142
"PPTC7",1.1027266390133e-146,0.632110027699375,0.31,0.027,4.21506230496444e-142
"RAB5C",1.12775355337518e-146,0.0674140078639029,0.542,0.131,4.31072518242128e-142
"HMGXB3",1.13728862426562e-146,0.465402561191567,0.352,0.045,4.3471720373929e-142
"MRPL19",1.16503657429461e-146,0.0157931293191349,0.385,0.058,4.45323580158373e-142
"SNAP29",1.23329786279814e-146,0.329700731856353,0.344,0.041,4.71415775075961e-142
"DCUN1D5",1.30294970691594e-146,0.0781444152480102,0.413,0.071,4.98039495971549e-142
"FAM204A",1.31292222309166e-146,-0.181836825704089,0.47,0.096,5.01851390554554e-142
"COA7",1.31643485507845e-146,0.541907224181601,0.299,0.022,5.03194059005187e-142
"CCNDBP1",1.32820351076041e-146,0.761995445226282,0.322,0.032,5.07692509953058e-142
"MRPL37",1.33762656342243e-146,0.123771494481437,0.41,0.069,5.11294377602591e-142
"ALG2",1.36291507446541e-146,0.474688929160858,0.303,0.024,5.2096065806366e-142
"EGLN3",1.44049489466391e-146,0.589078408032532,0.338,0.039,5.50614768536333e-142
"CRYL1",1.47935107970516e-146,0.301047655565892,0.354,0.045,5.65467156706502e-142
"MAPKAPK5",1.53754235815208e-146,0.704431895236634,0.327,0.034,5.8771019098005e-142
"RFNG",1.54709063038656e-146,0.822059446039747,0.305,0.025,5.9135992255896e-142
"ZMYM4",1.59486773846327e-146,0.356156602192107,0.31,0.027,6.09622244350202e-142
"HMGCL",1.62151851554575e-146,0.144509259861834,0.322,0.032,6.19809237382207e-142
"MARCH9",1.75215714459263e-146,0.61488713867939,0.318,0.03,6.69744546949087e-142
"BZW1",1.78186838047775e-146,0.148499485737608,0.664,0.195,6.81101369753814e-142
"LZIC",1.80888311071368e-146,-0.0547416337595044,0.373,0.053,6.91427480239196e-142
"KLHDC3",1.80924691258588e-146,0.0577389424587957,0.353,0.044,6.91566539866829e-142
"ELOVL6",1.85348794764948e-146,1.59535622040974,0.279,0.015,7.08477233109537e-142
"KDM1B",1.87185862778031e-146,0.451941045847292,0.331,0.036,7.15499241882747e-142
"HNF4G",1.87312072314579e-146,0.436237701590245,0.294,0.021,7.15981665215245e-142
"ICK",1.97523824052984e-146,0.0206650981610945,0.319,0.03,7.55015065060128e-142
"GTPBP10",2.10870013857345e-146,0.738942923487196,0.308,0.026,8.06029540968317e-142
"KCNK6",2.14578196682117e-146,1.08584017576656,0.334,0.038,8.20203698997723e-142
"TMEM11",2.44839379442809e-146,0.178579064261335,0.334,0.037,9.35874043982194e-142
"PSMC2",2.59317523076433e-146,-0.0752185867670305,0.417,0.072,9.91215300207356e-142
"SLC7A6",2.80768258086952e-146,0.944281210160676,0.287,0.018,1.07320858971157e-141
"TSNAX",2.82621373451861e-146,0.257874077713411,0.353,0.045,1.08029193788239e-141
"LLPH",2.85481963175255e-146,-0.252267474753264,0.501,0.111,1.09122625604109e-141
"SATB2",2.93889891523501e-146,0.473475410309958,0.376,0.055,1.12336472135943e-141
"DMAC2",3.20597462444252e-146,0.452518255758898,0.317,0.03,1.22545174044691e-141
"SPIN1",3.4364779356716e-146,0.40749090340251,0.312,0.028,1.31355932613111e-141
"ANKRD36C",3.53851392536481e-146,2.06854831446583,0.366,0.056,1.35256156283144e-141
"AC091271.1",3.55253514060402e-146,1.99248317735879,0.266,0.01,1.35792103214448e-141
"CMTM4",3.63279149997073e-146,0.267649996242309,0.324,0.033,1.38859822294881e-141
"PSMC1",3.63862097231905e-146,-0.175910316999292,0.475,0.099,1.39082648045923e-141
"SNIP1",3.7883361854817e-146,1.16725554116706,0.286,0.018,1.44805362353852e-141
"BABAM1",3.87396404022332e-146,-0.0769568209855747,0.384,0.058,1.48078401473496e-141
"SLC25A4",3.96752641731574e-146,0.0895084963746426,0.379,0.056,1.51654729775477e-141
"HIKESHI",4.00525141981118e-146,0.0586791070361219,0.36,0.047,1.53096730270862e-141
"RRP1",4.20295090144013e-146,0.150585216283442,0.375,0.054,1.60653595256648e-141
"PUM3",4.43093768409116e-146,0.0960022736457652,0.491,0.108,1.693681620367e-141
"ING5",4.44251919804427e-146,0.44153674162061,0.342,0.04,1.69810853826044e-141
"DMAP1",4.49794108251558e-146,0.522227440707494,0.309,0.027,1.71929299938076e-141
"BRK1",4.66782991733218e-146,0.143519742854825,0.515,0.12,1.78423130760105e-141
"NTPCR",4.97038793692789e-146,-0.0348390678210768,0.358,0.046,1.89988108501132e-141
"AKT2",5.1704271226612e-146,0.23908497976979,0.354,0.046,1.97634406336602e-141
"CARS",5.18282762224099e-146,0.491008751013026,0.341,0.04,1.9810840303254e-141
"HIF1A",5.19390854559123e-146,0.247887694974708,0.365,0.05,1.98531960246679e-141
"OTUD4",5.39292947149982e-146,0.396883752670696,0.313,0.028,2.06139336118609e-141
"SUGT1",5.524102447074e-146,-0.0974520727440231,0.544,0.131,2.11153291936957e-141
"FMNL2",5.61567760032914e-146,0.386042683463609,0.321,0.032,2.14653660594981e-141
"HES4",6.1485897915255e-146,0.626651189852254,0.362,0.05,2.35023696191271e-141
"PDIA3",6.22556247063069e-146,0.210726533042352,0.637,0.19,2.37965899877388e-141
"FCGRT",6.5994205825716e-146,0.380190099945686,0.463,0.097,2.52256252348217e-141
"KCNN4",7.26317966342623e-146,0.419606374388089,0.36,0.049,2.77627779454804e-141
"MCCC2",7.3128597873352e-146,0.425856929232407,0.322,0.032,2.79526752511101e-141
"STK11",7.42559685589199e-146,0.162311457645187,0.396,0.064,2.83836014219615e-141
"RUVBL2",8.04061270123076e-146,0.222354217815487,0.401,0.066,3.07344379891844e-141
"PDE7A",8.11364119288718e-146,1.13253717299469,0.304,0.025,3.1013582095692e-141
"MIR4435-2HG",8.23384969599794e-146,0.537077837788186,0.327,0.034,3.14730670779825e-141
"FAM136A",8.31571548696138e-146,-0.0915512143011428,0.499,0.111,3.17859908773612e-141
"PSMF1",8.65125003383234e-146,-0.0229234391314836,0.461,0.093,3.30685381293207e-141
"AGRN",8.784310652888e-146,0.481362676307496,0.328,0.035,3.35771490395991e-141
"CCDC112",9.16431124980058e-146,0.151842760954405,0.359,0.048,3.50296633212377e-141
"ADAM15",9.16783008740949e-146,-0.01290699368324,0.429,0.079,3.5043113726114e-141
"NUDT9",9.17144490343956e-146,0.454828854147427,0.304,0.025,3.50569309989074e-141
"PTPN18",9.40886216045108e-146,0.313943101831444,0.367,0.051,3.59644347221082e-141
"AKAP11",9.8037084940228e-146,0.677946367786785,0.328,0.035,3.74736953475528e-141
"KARS",9.87638552758471e-146,-0.176253066653307,0.449,0.087,3.77514960406398e-141
"NOTCH1",9.88777544130781e-146,0.355726755696787,0.318,0.031,3.7795032846855e-141
"NUP98",1.06546516713716e-145,0.472178236394133,0.335,0.038,4.07263405486508e-141
"FLII",1.07722678660009e-145,0.255120874655192,0.349,0.044,4.11759166910017e-141
"SNX2",1.24319498886469e-145,-0.0296602147705791,0.348,0.043,4.75198852543637e-141
"NUDT16L1",1.26541427101169e-145,0.0430505688355265,0.346,0.042,4.8369195095151e-141
"EMC2",1.28472661441996e-145,0.0147153723491533,0.392,0.062,4.91073901095886e-141
"RHOBTB3",1.31684751352539e-145,0.427598663007617,0.424,0.078,5.03351793569944e-141
"UBXN7",1.36052079161196e-145,0.727050734314708,0.308,0.027,5.20045467385757e-141
"TMEM176A",1.54262827015365e-145,0.197233110520444,0.539,0.137,5.89654229983531e-141
"IFITM1",1.60366563781238e-145,0.34804284475689,0.441,0.086,6.12985153397403e-141
"PLD3",1.89315348741144e-145,0.184469225641706,0.335,0.038,7.2363898902815e-141
"MAGED2",2.03106676472261e-145,0.0674714590131114,0.363,0.05,7.76354960147572e-141
"ENTR1",2.04107465253959e-145,-0.0515907615155786,0.384,0.058,7.80180375186733e-141
"ARHGDIA",2.25200668798069e-145,-0.0652979436808961,0.634,0.18,8.60807036413738e-141
"TBCB",2.34655993352516e-145,-0.230912718082705,0.462,0.093,8.96949068990658e-141
"CLNS1A",2.38091795847646e-145,0.0943167131639617,0.48,0.104,9.10082080448041e-141
"AP2A2",2.43886657483795e-145,0.452631267799878,0.363,0.05,9.32232359566059e-141
"POLR2D",2.44619147382134e-145,0.136432853102747,0.331,0.036,9.3503222895347e-141
"CEP290",2.44761738511621e-145,0.65786441476157,0.317,0.031,9.35577269286819e-141
"SNX17",2.4661075225308e-145,-0.0747486334581215,0.365,0.05,9.42644939412174e-141
"GFM1",2.47790051620769e-145,0.181405648011447,0.322,0.032,9.47152693315228e-141
"RB1",2.55159556088706e-145,0.412895195143691,0.357,0.048,9.75321887193469e-141
"BDH1",2.60911230109023e-145,0.315958392683152,0.333,0.037,9.97307085968729e-141
"ZMAT2",2.62925646662405e-145,-0.147645159631082,0.466,0.095,1.00500699180238e-140
"BCAS2",2.68266414816085e-145,0.0493288789950503,0.391,0.061,1.025421543993e-140
"CCDC71L",2.81423267293421e-145,0.959630827109061,0.297,0.023,1.07571229690237e-140
"USP54",2.84684819981234e-145,1.04333749334498,0.297,0.023,1.08817925589627e-140
"TXNDC9",2.95016662114821e-145,-0.161994085294864,0.366,0.051,1.12767168926769e-140
"TMEM147",3.02614383807835e-145,0.070593246950712,0.484,0.106,1.15671322066707e-140
"SLC30A1",3.24667010320988e-145,0.898084677761926,0.297,0.023,1.24100718025094e-140
"TSR2",3.53953413330473e-145,0.438748637357662,0.328,0.035,1.3529515271144e-140
"CDC37L1",3.60531517009806e-145,0.660771580237393,0.303,0.025,1.37809567061828e-140
"NUDT21",3.70513033130603e-145,-0.0451387715318099,0.374,0.054,1.41624901783842e-140
"RETREG3",3.71819650995714e-145,0.708724441393902,0.301,0.024,1.42124343396602e-140
"CTDSPL",3.73953256726157e-145,0.399152998382759,0.325,0.034,1.42939892851006e-140
"CNP",4.17544933357871e-145,0.401353333059542,0.34,0.04,1.59602375326713e-140
"DRAM2",4.25728241059027e-145,0.0833129088740625,0.34,0.04,1.62730362862402e-140
"DERA",4.40210563405507e-145,0.279081737131666,0.317,0.03,1.68266085756121e-140
"DDX39A",4.44736131177075e-145,-0.118057613231959,0.486,0.106,1.69995938781125e-140
"TMED1",4.61522841086207e-145,0.363587731390859,0.335,0.038,1.76412490776792e-140
"CTNNBL1",4.67611853631207e-145,-0.166704257834113,0.404,0.067,1.78739954931993e-140
"NAPG",5.29258492392446e-145,0.069317272870113,0.367,0.051,2.02303766132089e-140
"RPS6KB2",5.52578931568885e-145,-0.0910898021001292,0.431,0.08,2.11217770802891e-140
"TIMMDC1",5.68595293503672e-145,-0.0862437501754794,0.382,0.058,2.17339864988844e-140
"NOP56",5.9763564303166e-145,0.535656721642319,0.589,0.166,2.28440248192422e-140
"GPR160",6.55173995362003e-145,0.231312468693698,0.491,0.11,2.50433707987172e-140
"CARD19",6.89040557224114e-145,-0.153043942221928,0.414,0.072,2.63378862593345e-140
"CRYBG1",7.32026341580878e-145,0.514147752251211,0.385,0.061,2.79809748805875e-140
"EIF2S1",7.67988851668702e-145,0.0282746695972718,0.408,0.07,2.93556058661845e-140
"FAM177A1",7.78815158772654e-145,0.216311760272439,0.604,0.169,2.97694306289259e-140
"PYGB",8.18352165893235e-145,0.249769816269759,0.524,0.127,3.1280693189103e-140
"COMMD2",8.18517800177761e-145,0.347669287554141,0.325,0.034,3.12870243939947e-140
"KLHL23",8.38839642208695e-145,0.343995606142551,0.355,0.046,3.20638064837851e-140
"NAB1",8.56830226626943e-145,0.414245201652966,0.327,0.035,3.27514785825883e-140
"CAAP1",8.86800004625697e-145,0.116524215981237,0.344,0.042,3.38970433768126e-140
"ERC1",8.92656673131961e-145,0.813285581737614,0.312,0.029,3.41209086737961e-140
"ACAA2",9.02855924044284e-145,0.0532338971447537,0.448,0.088,3.45107648406687e-140
"AFG3L2",9.16257288454123e-145,-0.117007524500883,0.386,0.06,3.50230185938704e-140
"MCM7",9.59324216885588e-145,0.194329726479242,0.432,0.081,3.66692088662347e-140
"NFYA",9.97711187572312e-145,0.724976427243047,0.29,0.02,3.8136512433764e-140
"ETV4",9.98871872878727e-145,0.400113031201516,0.369,0.053,3.81808784689165e-140
"LAMC1",1.00651879796017e-144,0.950153969900644,0.275,0.014,3.84731745332296e-140
"RUSC1",1.03657583960573e-144,0.396790413763762,0.327,0.035,3.96220748930894e-140
"TMEM97",1.07213949599081e-144,0.339636629949956,0.343,0.042,4.09814600947528e-140
"LCORL",1.08002355009176e-144,0.491534449094565,0.308,0.027,4.12828201787075e-140
"CYB561A3",1.08693667682924e-144,1.07906697208504,0.284,0.018,4.15470675351208e-140
"GATA6",1.09220970858449e-144,0.856153475211932,0.309,0.028,4.17486239009334e-140
"NOM1",1.1199446218457e-144,0.573054966868879,0.336,0.039,4.28087632254301e-140
"UQCC3",1.14309861708401e-144,0.161749883093152,0.494,0.112,4.3693801539419e-140
"GPS1",1.16011953579577e-144,0.0405703481112076,0.398,0.065,4.43444091362575e-140
"CAST",1.16268620703732e-144,0.345787824400653,0.758,0.26,4.44425175777946e-140
"DCAF6",1.17075669930888e-144,0.230707220001744,0.333,0.038,4.47510040743827e-140
"PTRH2",1.17164933111869e-144,0.391597093480123,0.309,0.027,4.47851240326807e-140
"TROVE2",1.21186236806968e-144,0.154909244851931,0.315,0.03,4.63222271570956e-140
"RNF4",1.32149255018804e-144,0.296728627473198,0.332,0.037,5.05127312383875e-140
"SLC44A2",1.36227049262054e-144,0.33648709578049,0.306,0.027,5.20714273099276e-140
"PPA2",1.48292651193084e-144,-0.0469198488804918,0.405,0.068,5.66833829920444e-140
"TMX1",1.49992875428791e-144,0.375855708547287,0.318,0.032,5.7333276703901e-140
"CCDC25",1.6259050950792e-144,0.152597300273923,0.352,0.045,6.21485963543075e-140
"SCAMP3",1.69291405932003e-144,0.267357871032446,0.335,0.038,6.47099470034489e-140
"OSTC",1.71645207918255e-144,0.0228583589124052,0.492,0.11,6.56096642746738e-140
"PHYH",1.89001855368559e-144,0.33098596165126,0.35,0.045,7.22440691960778e-140
"KLHL9",2.01794308244815e-144,1.04412700222968,0.299,0.024,7.71338563834982e-140
"CPEB4",2.09361302026009e-144,1.21957712190998,0.306,0.027,8.00262640864217e-140
"COPS5",2.11666146870781e-144,0.180936184300755,0.467,0.098,8.09072679798874e-140
"MLXIPL",2.40324904795582e-144,1.31579069905299,0.279,0.017,9.18617916090633e-140
"FAM135A",2.41587076960973e-144,0.824605716430828,0.314,0.03,9.23442442975622e-140
"KMT5C",2.43366232499816e-144,1.30703759199469,0.288,0.02,9.30243087107296e-140
"ASPSCR1",2.73266469714954e-144,0.165890666057399,0.359,0.049,1.04453375383844e-139
"REV3L",2.74388984276156e-144,0.557016820247984,0.307,0.027,1.04882445349718e-139
"CREG1",2.86312443702997e-144,0.188561529200364,0.352,0.046,1.09440068481033e-139
"ATG5",3.17887060670746e-144,-0.279528920584284,0.377,0.056,1.21509150070786e-139
"SNAPC3",3.3201480866736e-144,0.569343961177479,0.319,0.032,1.26909340465012e-139
"OSGIN2",3.36022807778088e-144,0.425559911775209,0.307,0.027,1.28441358045096e-139
"ALDH9A1",3.36308693762078e-144,0.0828678426287452,0.359,0.049,1.28550635103617e-139
"CBFB",3.48122713553141e-144,0.854276203510715,0.314,0.031,1.33066426028553e-139
"CELF2",3.54084112006729e-144,0.926925895158816,0.323,0.034,1.35345110973452e-139
"MEX3A",3.54607004003646e-144,0.665043778958541,0.285,0.018,1.35544981210354e-139
"UNC119",3.62683765940098e-144,0.369857685322025,0.315,0.03,1.38632242692943e-139
"DVL1",3.72013122949977e-144,0.241774810133039,0.367,0.053,1.42198296116399e-139
"IPO9",3.7319975011233e-144,0.95080297410202,0.294,0.022,1.42651872482937e-139
"PIGC",3.94641007381316e-144,0.657182350970024,0.288,0.02,1.50847578661434e-139
"ZNF827",3.98371465751622e-144,0.714269776132847,0.313,0.03,1.522735090689e-139
"REXO1",4.03580370802581e-144,0.905841948329578,0.303,0.026,1.54264560935579e-139
"CEP57",4.04678187152765e-144,-0.179491668392302,0.397,0.065,1.54684190257273e-139
"SAE1",4.09130391103243e-144,0.12322866796998,0.365,0.051,1.56386000695304e-139
"C9orf85",4.37635179027049e-144,0.540441852316962,0.319,0.032,1.67281670831299e-139
"COPG1",4.5943846865977e-144,-0.153291765927465,0.36,0.049,1.7561576026051e-139
"ABHD3",4.68334984594446e-144,1.31884268004105,0.296,0.023,1.79016364511381e-139
"BRIX1",4.79432256670755e-144,-0.107567825570778,0.474,0.101,1.83258185789829e-139
"WDR73",4.84497211645564e-144,1.02831326284401,0.308,0.028,1.851942141794e-139
"RHBDF1",4.94266524085847e-144,0.728802739880769,0.302,0.025,1.88928436166574e-139
"DCAF5",5.08279691547894e-144,0.440302662152086,0.313,0.03,1.94284829297267e-139
"UFM1",5.24677361821787e-144,-0.0523697099414366,0.597,0.16,2.0055267478276e-139
"MYO7B",5.86245134143965e-144,0.576009952979648,0.355,0.048,2.24086340075189e-139
"GUCY2C",5.87817660314872e-144,0.832473195633363,0.297,0.023,2.24687422478757e-139
"MVB12A",5.98511705259342e-144,-0.0556163776046099,0.369,0.053,2.28775114218331e-139
"COL4A3BP",6.12466222008201e-144,0.493838555688848,0.288,0.019,2.34109088700415e-139
"ZNF430",6.46783606280992e-144,2.18698438912166,0.272,0.014,2.47226565664846e-139
"DGKE",6.63199678119017e-144,1.73329227647514,0.278,0.016,2.53501444964213e-139
"GRHPR",7.13350863422775e-144,0.0974586346402466,0.449,0.089,2.72671234034721e-139
"SF3A3",7.14342872048492e-144,-0.133956155593163,0.37,0.053,2.73050419411815e-139
"DDX1",7.1828439284342e-144,-0.165587127550653,0.429,0.08,2.74557026320469e-139
"UBP1",7.22035302963231e-144,0.331302740955963,0.317,0.032,2.75990774204665e-139
"THEM4",7.26065783735815e-144,0.796472740937542,0.309,0.028,2.77531385175178e-139
"CYR61",7.77753979656731e-144,2.1336836442949,0.254,0.007,2.97288681183989e-139
"TMEM183A",7.85965510039884e-144,-0.343107819481922,0.489,0.107,3.00427456557645e-139
"ITGA3",8.22575334866786e-144,0.604739607537042,0.34,0.042,3.1442119599948e-139
"ZCCHC3",8.88303318952044e-144,1.15412586579315,0.281,0.017,3.39545060636229e-139
"SIL1",9.28267337825974e-144,0.32961499617303,0.344,0.043,3.548209072106e-139
"TBC1D23",9.42690412395685e-144,0.771938292163245,0.291,0.021,3.60333983234127e-139
"CTSD",9.68295620762565e-144,0.325224398341414,0.681,0.217,3.70121318080283e-139
"MEST",9.77659438900534e-144,0.711058633306144,0.298,0.023,3.7370054392534e-139
"CNST",9.95244473428915e-144,0.626297360789201,0.301,0.025,3.80422247523469e-139
"VKORC1",1.075001951945e-143,-0.0140294332884572,0.37,0.053,4.10908746111458e-139
"KDM4C",1.1031773916332e-143,1.42988694211015,0.285,0.019,4.21678526177873e-139
"NUP160",1.29269500586683e-143,0.577392321487804,0.289,0.02,4.94119739042535e-139
"E2F4",1.33411294363748e-143,0.137896020107921,0.38,0.059,5.09951331575989e-139
"MTX1",1.33855503909979e-143,-0.189562032556502,0.403,0.068,5.11649278145502e-139
"TWF2",1.34609302484445e-143,0.0957921832964348,0.329,0.036,5.14530597816544e-139
"SKI",1.34942277671045e-143,2.33118429351373,0.274,0.015,5.15803362169804e-139
"CEP164",1.37321653202101e-143,0.661930392997618,0.3,0.025,5.24898287199712e-139
"AC058791.1",1.43863627070304e-143,1.06879057813544,0.309,0.029,5.49904328113532e-139
"CYFIP1",1.44304356175227e-143,-0.0871381545756529,0.356,0.048,5.51588971044187e-139
"EHBP1L1",1.53513000169133e-143,0.37818975209887,0.388,0.063,5.86788091846496e-139
"GUCD1",1.5493611393858e-143,0.0679724139896354,0.358,0.049,5.92227801918829e-139
"PDCD7",1.58717046558777e-143,0.420104863635147,0.333,0.038,6.0668003876627e-139
"MID1IP1",1.61610441593204e-143,0.315065698836405,0.346,0.044,6.17739751945865e-139
"NFIL3",1.69652752062975e-143,0.970365782614735,0.3,0.025,6.48480679485517e-139
"IMPDH1",1.73049458765161e-143,0.311128474872321,0.346,0.044,6.61464251183952e-139
"ZNF274",1.73189686473941e-143,1.25801909081313,0.275,0.015,6.62000257577994e-139
"SAV1",1.92790610746364e-143,0.970490360957341,0.291,0.021,7.36922830516903e-139
"HK1",1.97004581136187e-143,0.176769208125636,0.348,0.045,7.5303031093496e-139
"RBM28",1.98058083503335e-143,0.113077913253348,0.384,0.061,7.57057218383146e-139
"NBN",1.9953661160282e-143,-0.163509316643181,0.375,0.056,7.62708744190618e-139
"ZC3H7A",2.23839739259693e-143,0.790277655443861,0.314,0.031,8.55605019346251e-139
"UBALD2",2.43328520244864e-143,0.0748696216584492,0.605,0.168,9.30098935783968e-139
"TBC1D9B",2.45573545572726e-143,0.28835095707376,0.327,0.036,9.38680320597187e-139
"CALR",2.46813885641184e-143,0.486403487883557,0.764,0.287,9.43421396474861e-139
"SLC25A23",2.59693010512798e-143,1.22762911785619,0.273,0.015,9.92650563384118e-139
"SELENOI",2.67558999977043e-143,1.08250468874987,0.291,0.021,1.02271752151225e-138
"RWDD1",2.70756691769505e-143,-0.10262521110718,0.517,0.121,1.03494037861976e-138
"ZBED5",2.76444621847087e-143,0.849671433187806,0.296,0.023,1.0566819225483e-138
"CHMP5",2.79139369008276e-143,-0.163222718793433,0.522,0.123,1.06698232409723e-138
"RCC1L",2.86578870330532e-143,0.10652667983465,0.317,0.032,1.09541907395143e-138
"LRRC8B",3.08980701269427e-143,0.84078112313692,0.273,0.014,1.18104783253226e-138
"NABP2",3.17480500245787e-143,0.0297194754548904,0.368,0.053,1.2135374641395e-138
"RAPGEF2",3.21749037728516e-143,1.32835451495713,0.277,0.016,1.22985352181348e-138
"CCS",3.30835405116752e-143,0.311100031087433,0.357,0.049,1.26458525251827e-138
"ZFX",3.74215452353121e-143,0.222400849874394,0.31,0.029,1.43040114507457e-138
"FKBP2",4.05480821824855e-143,0.125537059576022,0.515,0.123,1.54990989334333e-138
"LYAR",4.18633574344717e-143,-0.0225241687559203,0.407,0.071,1.60018497457525e-138
"BST2",4.24986421719759e-143,0.443135402673167,0.449,0.092,1.62446809838161e-138
"TEN1",4.31048437870265e-143,-0.0145811831987799,0.355,0.047,1.6476395489153e-138
"MIS18BP1",4.31827793500591e-143,0.4494002226044,0.358,0.05,1.65061855787666e-138
"FTSJ3",4.42002240063147e-143,0.696019393579664,0.322,0.034,1.68950936241737e-138
"MPDU1",4.68122376723432e-143,0.130895907545976,0.34,0.041,1.78935097278765e-138
"EIF2AK4",4.82281546651977e-143,-0.171801895501146,0.369,0.053,1.84347298392252e-138
"CYP2J2",5.09499794519242e-143,1.09309084798676,0.268,0.013,1.94751201457035e-138
"ZYG11B",5.13278574710188e-143,1.10561456148141,0.274,0.015,1.96195602397222e-138
"LACTB",5.37129839709662e-143,0.0895166211636769,0.352,0.046,2.05312509930621e-138
"RPAP2",5.40808632018943e-143,0.736627186988239,0.298,0.024,2.06718691502921e-138
"MRPL2",5.4374342215008e-143,-0.23610041025584,0.395,0.065,2.07840485682647e-138
"NIPSNAP2",5.47196627684907e-143,-0.0958018806692182,0.442,0.087,2.09160438966279e-138
"SUPT4H1",5.52066415770476e-143,-0.307917108835942,0.438,0.084,2.11021866764107e-138
"IL18",5.79230425162254e-143,0.462868126964159,0.364,0.053,2.2140503771402e-138
"FAM208B",5.80646534341615e-143,1.26316994880641,0.279,0.017,2.21946331286739e-138
"STX10",5.94552597021169e-143,-0.043957380044485,0.375,0.056,2.27261784685372e-138
"THRA",6.88830541841278e-143,0.387948720182641,0.333,0.039,2.6329858631341e-138
"CFAP20",6.90663307941485e-143,0.234707425380074,0.319,0.033,2.63999142827553e-138
"NSF",6.9731944502377e-143,0.119044950153379,0.322,0.034,2.66543384665886e-138
"WDR45",7.62208413545139e-143,0.430621340675136,0.341,0.042,2.91346543993494e-138
"ZCCHC17",7.72311371159281e-143,-0.254828184730117,0.385,0.06,2.95208298511924e-138
"COG2",7.82895291347767e-143,0.261749991658031,0.31,0.029,2.99253896164771e-138
"SLC9A3R2",7.84688495352986e-143,-0.0674680776287564,0.432,0.082,2.99939330463725e-138
"GDI1",8.16098811873002e-143,0.266297667859088,0.366,0.053,3.11945609850336e-138
"FKBP4",8.40952210940601e-143,0.0733165570281559,0.585,0.158,3.21445573109935e-138
"DPY30",8.71742963791993e-143,-0.196615564472563,0.466,0.097,3.33215030479851e-138
"METAP1",8.80565739274145e-143,0.0914183419950354,0.354,0.047,3.36587448180149e-138
"GART",9.26529693547676e-143,0.0680180681996845,0.407,0.072,3.54156710061664e-138
"TBC1D20",9.98356853732085e-143,0.139267798215575,0.318,0.032,3.81611923770552e-138
"DEPP1",1.01193778952118e-142,1.27452314346025,0.304,0.027,3.86803100666574e-138
"ITFG1",1.02982540952862e-142,0.6366519535455,0.317,0.033,3.93640464538221e-138
"CARHSP1",1.04611827240056e-142,-0.0184436117988306,0.524,0.127,3.9986824844239e-138
"GPI",1.05498827277412e-142,-0.123344909860983,0.515,0.122,4.03258717385179e-138
"PIGU",1.05780481602276e-142,0.846053198924462,0.29,0.021,4.0433531287654e-138
"METTL2B",1.13450437057464e-142,0.253082181233224,0.346,0.044,4.3365295060845e-138
"SPR",1.20698861265624e-142,0.05897406139901,0.347,0.044,4.61359327301721e-138
"EXOSC7",1.22933853987116e-142,0.0926836261957855,0.362,0.051,4.69902363480354e-138
"ARPC4",1.25425443745929e-142,-0.22889967711893,0.516,0.121,4.7942621617444e-138
"PIN1",1.32938572983357e-142,-0.253367499402502,0.408,0.071,5.08144401371583e-138
"TIMM50",1.38474631364843e-142,-0.162750808430108,0.38,0.059,5.29305430928974e-138
"ERCC1",1.52081026554978e-142,-0.115337202236223,0.362,0.051,5.81314515903748e-138
"SLC44A3",1.62575977696316e-142,0.831961335111844,0.271,0.014,6.21430417146396e-138
"GALNT11",1.80370468116086e-142,1.25551261616444,0.27,0.014,6.89448077326928e-138
"PEX1",1.86245403287474e-142,0.515210058982485,0.312,0.03,7.11904429526041e-138
"ATP6V1A",2.03724010954972e-142,0.266142308205753,0.306,0.028,7.78714659474284e-138
"MTG2",2.06775077243782e-142,0.108778664183986,0.355,0.048,7.90377055256631e-138
"DPY19L1",2.15379732940792e-142,0.528387091688423,0.292,0.022,8.23267491192884e-138
"RRP36",2.28177383106581e-142,-0.344345014972381,0.388,0.062,8.72185229186594e-138
"URGCP",2.67095321599479e-142,0.671453146910448,0.315,0.032,1.02094515728185e-137
"DTD1",2.69297627509938e-142,0.571702559466761,0.374,0.057,1.02936325139399e-137
"FARP1",2.90549520857141e-142,0.245513047731182,0.382,0.061,1.11059648852433e-137
"EPB41L4B",3.05703906266165e-142,0.597566424419337,0.302,0.026,1.16852261131179e-137
"GRK2",3.18647763948428e-142,-0.190256829212518,0.498,0.113,1.21799921291647e-137
"LPIN1",3.23249269026391e-142,0.67689244185081,0.339,0.042,1.23558800592648e-137
"MPLKIP",3.26543943269272e-142,-0.0564130644217419,0.477,0.104,1.24818156875247e-137
"SCO1",3.41955146827776e-142,0.258348940620423,0.323,0.035,1.30708935323449e-137
"FUNDC2",3.45349320035723e-142,-0.122361085191767,0.461,0.096,1.32006324090455e-137
"NOLC1",3.45488423480052e-142,-0.0198482313469022,0.472,0.101,1.32059494991015e-137
"NGLY1",3.51057708971414e-142,0.338882721896433,0.327,0.036,1.34188298677233e-137
"MARCH5",3.79257596408571e-142,-0.0752802387970206,0.311,0.03,1.44967423651212e-137
"GBA2",3.95739047042772e-142,0.518947343669083,0.319,0.033,1.51267293341629e-137
"RDH14",4.09705493545644e-142,0.801198106490394,0.285,0.02,1.56605827852887e-137
"CTNNBIP1",4.11605948968217e-142,-0.0738990220845825,0.394,0.065,1.57332257933611e-137
"DPP3",4.41383787929628e-142,0.0654846064158812,0.335,0.04,1.68714539098221e-137
"LAMTOR3",4.58672244910963e-142,-0.112985659979893,0.358,0.05,1.75322878894767e-137
"CLN5",5.09699699664778e-142,1.14827292732188,0.284,0.019,1.94827613199865e-137
"SHC1",5.23838738926484e-142,0.155431177948988,0.342,0.043,2.00232119567259e-137
"ARHGEF10L",5.361674633726e-142,0.383342460516195,0.347,0.045,2.04944651199542e-137
"KLHL36",5.52904821826205e-142,0.520805207528096,0.306,0.028,2.11342339094849e-137
"LSM10",5.74554539411321e-142,-0.0121459579924852,0.366,0.053,2.19617727144583e-137
"WDR46",6.23478676707223e-142,-0.233189490667087,0.394,0.065,2.38318489384569e-137
"NDE1",6.4154330088866e-142,0.485725281063414,0.309,0.03,2.45223511331681e-137
"UBE2N",6.46214277746778e-142,-0.182314287745772,0.493,0.11,2.47008945525928e-137
"FAHD1",6.57715959820827e-142,0.363315668824972,0.331,0.038,2.51405348481913e-137
"ORC2",6.58486710240702e-142,0.446104946952187,0.312,0.03,2.51699960122406e-137
"NAT9",6.77716714813633e-142,0.249275383151463,0.323,0.035,2.59050437070363e-137
"GMPS",8.06708332406694e-142,0.0265145007587482,0.39,0.064,3.08356192979135e-137
"RWDD4",8.67502362508157e-142,0.0872670865067142,0.354,0.048,3.31594103045118e-137
"SNRNP48",9.68560031131175e-142,0.457362426069905,0.316,0.032,3.7022238629958e-137
"MICU1",9.92388071439579e-142,0.186639265725123,0.32,0.034,3.79330416427065e-137
"GPR108",1.22092241329593e-141,0.249738043239933,0.325,0.036,4.66685383258235e-137
"CXCL2",1.22768844660279e-141,0.886191207679879,0.456,0.101,4.69271631829449e-137
"LNPK",1.25218182322715e-141,0.858916026982926,0.297,0.025,4.78633980110345e-137
"HNRNPDL",1.2676997049601e-141,0.30286687126051,0.744,0.254,4.84565535223949e-137
"LPCAT1",1.28415160385981e-141,0.761509096655826,0.287,0.021,4.90854109059375e-137
"WDR3",1.34674933973722e-141,0.522122142507671,0.296,0.024,5.14781467621155e-137
"SRD5A3",1.39377817161679e-141,0.144547335347716,0.31,0.03,5.32757768318802e-137
"SPNS1",1.4081718428538e-141,0.473334965736333,0.308,0.029,5.38259605212436e-137
"TMEM126A",1.46848494679136e-141,-0.241358804123849,0.358,0.049,5.6131368606153e-137
"GTF3C4",1.47626110237758e-141,0.522711216690028,0.302,0.027,5.64286043772808e-137
"APTX",1.50608868755086e-141,0.24976844074543,0.32,0.034,5.75687339929441e-137
"RNF38",1.61469095341171e-141,0.527684175082356,0.297,0.025,6.17199470032094e-137
"CHD3",1.77200060189521e-141,0.412789696987065,0.347,0.045,6.77329510068424e-137
"ZDHHC6",1.80907417949599e-141,0.592242875747966,0.331,0.039,6.91500514370548e-137
"ATF7",1.90184539800688e-141,0.690417134877094,0.294,0.024,7.26961384934151e-137
"ANAPC7",1.92523480181692e-141,0.241617784779851,0.314,0.032,7.35901750646501e-137
"PWWP2B",1.92768406205812e-141,0.885201878875117,0.296,0.025,7.36837955881095e-137
"CCDC137",2.2620628756399e-141,-0.0344034283569499,0.373,0.057,8.64650913584597e-137
"USE1",2.30834611896791e-141,-0.205856786414038,0.384,0.061,8.82342220514293e-137
"SLC26A6",2.43232536278477e-141,0.853896179647261,0.301,0.027,9.29732046670851e-137
"CNOT8",2.55026425073366e-141,0.447351602319506,0.309,0.03,9.74813007200433e-137
"PCID2",2.62474257840065e-141,0.0664719992877418,0.363,0.052,1.00328160316787e-136
"PHF6",2.72942148670091e-141,-0.022694877170959,0.366,0.054,1.04329406907655e-136
"PPP4R1",2.79478324872118e-141,0.863231351930431,0.285,0.02,1.06827794899118e-136
"TSPYL2",2.81976585018711e-141,1.30470115680615,0.329,0.039,1.07782729857552e-136
"ABL2",2.90461368006393e-141,0.825262672536906,0.298,0.025,1.11025953306764e-136
"B3GALT6",2.90969115251736e-141,0.312805102955206,0.296,0.025,1.11220034613823e-136
"TM2D3",2.973093495458e-141,0.632644645431363,0.299,0.026,1.13643525770387e-136
"ZFAND2B",2.97424078875729e-141,-0.216466273303668,0.396,0.066,1.13687379909459e-136
"BIRC3",3.09303968600085e-141,0.99135877711868,0.352,0.05,1.18228348957696e-136
"POLG2",3.16124207159566e-141,2.44626212460863,0.258,0.01,1.20835316944673e-136
"ALG13",3.32201922878918e-141,0.347582482402349,0.352,0.048,1.26980863001237e-136
"SELENON",3.47483046034143e-141,0.396070241660189,0.285,0.02,1.32821919516091e-136
"CRLS1",3.55031912216743e-141,-0.0480472453385614,0.416,0.076,1.35707398125728e-136
"HSPG2",3.65140250073497e-141,0.308891097715975,0.319,0.034,1.39571209188093e-136
"CHMP3",3.7968222384104e-141,-0.133852438057073,0.548,0.139,1.45129733240999e-136
"PHLDA2",3.80284242099445e-141,0.710950920379146,0.747,0.283,1.45359848700092e-136
"UBE2G1",3.87917404613129e-141,0.176190998825398,0.321,0.034,1.48277548739322e-136
"PSMC4",3.88160579153205e-141,-0.0707341371805763,0.495,0.112,1.48370499775521e-136
"DCAF11",4.05997620689878e-141,0.0906486820732653,0.33,0.038,1.55188530532499e-136
"NPAS2",4.10891056473964e-141,0.31558347387478,0.306,0.028,1.57058997426608e-136
"WDFY2",4.42879216852443e-141,1.38773474277371,0.267,0.013,1.69286151849678e-136
"PI4KB",4.56925244801292e-141,0.795887717851587,0.286,0.021,1.74655105572846e-136
"COPS8",4.72706987926253e-141,-0.0954299496017441,0.341,0.043,1.80687519064931e-136
"RPF2",5.0861465004271e-141,-0.0939823847402124,0.424,0.08,1.94412863832326e-136
"DNAJB9",5.10651302494477e-141,1.15689011420693,0.281,0.019,1.95191353865489e-136
"TRAF3IP1",5.14749060133299e-141,0.0899345167579777,0.347,0.045,1.96757680745352e-136
"BCAR1",5.25180569934047e-141,0.520231683568546,0.333,0.04,2.0074502105159e-136
"DHX32",5.31091339418114e-141,0.46956652658872,0.327,0.038,2.0300435357918e-136
"CASC3",5.41193288855541e-141,0.0974284862833166,0.347,0.046,2.06865722732142e-136
"ADGRA3",6.01566033412544e-141,1.17135114654128,0.278,0.018,2.29942600611611e-136
"DVL3",6.01702858404429e-141,-0.202614758775619,0.359,0.051,2.29994900596509e-136
"CLK3",6.12107712546412e-141,0.794576243086647,0.306,0.029,2.3397205204374e-136
"TRUB2",6.38078293899773e-141,0.174041144859771,0.352,0.048,2.43899047060249e-136
"ASXL2",6.39875536403661e-141,0.374977248251517,0.306,0.029,2.44586025034935e-136
"BTBD1",6.59949510305469e-141,0.480824258190455,0.314,0.032,2.52259100819162e-136
"PRRG2",6.7096946013487e-141,1.54442108714898,0.273,0.016,2.56471366441953e-136
"RNF6",7.65079787081735e-141,0.390117061159531,0.323,0.036,2.92444097814123e-136
"ZNF787",7.70113853537878e-141,-0.188861442015462,0.433,0.084,2.94368319376319e-136
"TSPAN5",7.73461920977959e-141,1.37181163937236,0.278,0.018,2.95648084674615e-136
"PLA2G12A",7.8329456240084e-141,0.36758242294521,0.331,0.039,2.99406513532097e-136
"ABHD17A",8.31501964971626e-141,-0.0998092338139767,0.445,0.089,3.17833311090754e-136
"KLHL42",8.52423268605163e-141,0.976930178567103,0.287,0.021,3.25830270191637e-136
"MVD",8.52527684249505e-141,0.329253144423353,0.35,0.048,3.25870182027531e-136
"PSENEN",8.82835989698215e-141,-0.295495450816195,0.383,0.061,3.37455228702246e-136
"TMEM250",9.13836327957129e-141,-0.155140003447827,0.314,0.032,3.49304797998333e-136
"CD2BP2",9.24262114059536e-141,0.0164475299707489,0.363,0.053,3.53289950478117e-136
"GNB2",9.2702309471279e-141,0.0883831697721461,0.586,0.161,3.54345307723017e-136
"SEC13",9.41347503628102e-141,-0.22013884827562,0.384,0.061,3.59820669786806e-136
"CCDC91",9.99781137456987e-141,-0.136815194414824,0.308,0.03,3.82156341981559e-136
"PMF1",1.02095154785346e-140,-0.184067644463256,0.398,0.067,3.90248519651505e-136
"GGT6",1.04491729579212e-140,0.853328483279557,0.281,0.019,3.99409187143579e-136
"PLPP5",1.07525104041363e-140,0.482776416703989,0.326,0.037,4.11003957687705e-136
"ACSS1",1.12331303040976e-140,0.372968812150479,0.306,0.029,4.29375172743826e-136
"HIST1H1C",1.16568834375901e-140,0.725704097504915,0.437,0.089,4.45572712518443e-136
"GCLC",1.18526434531619e-140,0.449999247234016,0.314,0.032,4.53055443353659e-136
"TTC37",1.22540394249955e-140,0.0241303286955696,0.389,0.065,4.68398402981029e-136
"SURF6",1.32191848361564e-140,0.0469907342634608,0.468,0.101,5.05290121177241e-136
"ANKS1A",1.40023554225051e-140,0.123595028371899,0.312,0.031,5.35226033669834e-136
"SHROOM1",1.43416328608919e-140,0.700410598772689,0.293,0.024,5.48194574474731e-136
"RPIA",1.49168174680052e-140,-0.150552374511925,0.365,0.053,5.7018043089703e-136
"PPIC",1.53387501846958e-140,0.0273672051558775,0.362,0.052,5.8630838705981e-136
"NIPA2",1.64103231337842e-140,0.217054179476178,0.337,0.042,6.27268191465769e-136
"LTBP3",1.73437697099147e-140,-0.0501360617993589,0.388,0.064,6.6294825339178e-136
"CHCHD1",1.74195757031203e-140,-0.199937918830322,0.476,0.103,6.65845861676071e-136
"PPP1R7",1.78620346798544e-140,-0.264049546322763,0.444,0.089,6.82758413602754e-136
"RIN2",1.79270340672531e-140,1.50794846970624,0.275,0.017,6.85242950186681e-136
"SSRP1",1.81011458264462e-140,-0.139009285494978,0.458,0.095,6.91898198070081e-136
"NCR3LG1",1.87017240296546e-140,1.67763167442434,0.265,0.013,7.14854699309516e-136
"ZNF330",1.98442209673134e-140,0.165148617923078,0.332,0.04,7.58525502254588e-136
"TMCO3",2.10446821214689e-140,0.449167842791306,0.325,0.037,8.04411929411026e-136
"PDCL3",2.11894296095394e-140,0.0546284716508627,0.376,0.058,8.09944757395036e-136
"NOP14",2.1730555184176e-140,0.0185441809953064,0.384,0.062,8.30628741359945e-136
"FASTKD2",2.1831165330224e-140,0.435243302512164,0.312,0.032,8.34474463582482e-136
"CSRP1",2.23909112831309e-140,-0.262477022583256,0.452,0.092,8.55870192886396e-136
"COPS2",2.37282868825852e-140,0.249909533716916,0.379,0.06,9.06990037799936e-136
"SFT2D3",2.54935376656673e-140,0.88622489574826,0.273,0.016,9.74464983732467e-136
"GLOD4",2.63070613753437e-140,0.0892389674593426,0.348,0.046,1.00556111401114e-135
"BCL9L",2.66197704667977e-140,0.726388130077233,0.296,0.025,1.01751410632287e-135
"RRP1B",2.7312184937561e-140,-0.0286545634403743,0.355,0.049,1.04398095705333e-135
"PSD4",2.7421827248437e-140,0.495441000196438,0.326,0.038,1.04817192474426e-135
"CWC15",2.89066911423703e-140,-0.0323225937045646,0.495,0.114,1.10492936222596e-135
"SCAP",3.0255240531588e-140,0.836053683546897,0.288,0.022,1.15647631407942e-135
"ALAS1",3.0492804515349e-140,0.38742688890831,0.314,0.032,1.1655569597947e-135
"SEC11A",3.12216797293686e-140,-0.203636467408486,0.537,0.133,1.19341748597539e-135
"C14orf119",3.24051667046311e-140,-0.247975945034677,0.411,0.074,1.23865509211782e-135
"MTIF3",3.27046909115764e-140,-0.227813471031137,0.539,0.135,1.2501041054041e-135
"RCC1",3.32267093158258e-140,-0.0479549963764023,0.342,0.044,1.27005773688813e-135
"NCBP2-AS2",3.40239506767778e-140,0.243720646840857,0.334,0.04,1.30053149066915e-135
"TIMM17B",3.40479631832958e-140,-0.0851560358714845,0.402,0.071,1.3014493447183e-135
"PITPNA",3.53568976135116e-140,0.133529791753217,0.327,0.038,1.35148205437887e-135
"SSH3",3.55776038322768e-140,0.670768898271784,0.287,0.022,1.35991832888495e-135
"DAP",3.61412039751983e-140,-0.174189997787258,0.505,0.118,1.38146138074798e-135
"MYDGF",3.73581197336241e-140,-0.0581079688662296,0.558,0.146,1.42797676869805e-135
"CLDND1",3.86651039866562e-140,0.256351187185672,0.308,0.03,1.47793493478595e-135
"MRPL49",3.92567320165393e-140,0.255962091722018,0.313,0.032,1.5005493246002e-135
"ASNSD1",4.00432237014123e-140,0.11725222705073,0.311,0.031,1.53061218276278e-135
"IFT57",4.1523248500328e-140,0.174375700823019,0.453,0.095,1.58718465067654e-135
"C1orf122",4.17408401561122e-140,-0.0653409873817732,0.494,0.113,1.59550187412723e-135
"TENT4A",4.21571399576402e-140,1.25503525990299,0.27,0.015,1.61141451774084e-135
"NOP16",4.24490429802724e-140,-0.10828999782035,0.415,0.076,1.62257221887793e-135
"YDJC",4.3717009690488e-140,0.0565242613038324,0.369,0.056,1.67103897840922e-135
"COPS6",4.42755589149591e-140,-0.165728533536917,0.524,0.127,1.6923889639654e-135
"BIRC2",4.48809503542648e-140,0.249742240133047,0.383,0.063,1.71552944634142e-135
"ANXA7",4.81631505377093e-140,-0.293551827280504,0.438,0.086,1.8409882661534e-135
"ATXN10",5.33570976760959e-140,-0.19241924223141,0.388,0.063,2.03952170157109e-135
"MGMT",5.36447748840116e-140,-0.0364762510862737,0.401,0.07,2.05051787516646e-135
"NSMCE4A",5.98611160660217e-140,0.120834904500991,0.348,0.047,2.28813130050761e-135
"GRPEL1",6.51555150049958e-140,-0.0603918323977585,0.457,0.096,2.49050440555096e-135
"ARHGAP18",6.51714614096569e-140,-0.0756283946256335,0.384,0.062,2.49111394092273e-135
"RAB9A",6.71272782945664e-140,0.187665310433148,0.334,0.041,2.56587308553151e-135
"ISY1",6.94631508248011e-140,0.405375689328728,0.317,0.034,2.6551594771272e-135
"CWC27",7.02710483970831e-140,0.201269196389755,0.303,0.028,2.68604055393011e-135
"UNC13B",8.4258989361827e-140,0.506066929854214,0.303,0.028,3.22071560936648e-135
"AL355075.4",8.61613943821922e-140,1.64953614040578,0.327,0.04,3.29343313886492e-135
"AGAP3",9.11051519927144e-140,0.21380899688259,0.339,0.043,3.48240332976952e-135
"NMT1",9.16594294803425e-140,-0.0150355713571031,0.435,0.086,3.50359003245661e-135
"LSM1",9.69517680041118e-140,-0.0128141845525163,0.342,0.044,3.70588438018917e-135
"DDX5",1.0364999183605e-139,0.672847118728158,0.85,0.359,3.96191728794119e-135
"EEF1E1",1.04799241947284e-139,0.173157435382041,0.417,0.078,4.00584622419298e-135
"FBRS",1.10480287980192e-139,0.214495292666496,0.322,0.036,4.22299852775486e-135
"SNRPA1",1.15114647473205e-139,-0.199457302783975,0.477,0.105,4.40014228501578e-135
"SAMD1",1.17120717245663e-139,-0.15889834551843,0.435,0.086,4.47682229599821e-135
"ETS2",1.18884335749874e-139,0.466529570228037,0.658,0.207,4.5442348497032e-135
"LRP11",1.19393943612399e-139,0.634461048746242,0.295,0.025,4.56371410064033e-135
"TMEM51",1.2323477805175e-139,0.913424377479872,0.276,0.018,4.7105261562501e-135
"KAT6B",1.24289148443385e-139,1.01141089301642,0.313,0.033,4.75082841009994e-135
"CDKN2B",1.30093064780875e-139,2.00117613551645,0.292,0.025,4.97267730818415e-135
"PNPT1",1.30288390537943e-139,0.0389923811766097,0.326,0.038,4.98014343992234e-135
"LRRC1",1.39929017308497e-139,0.443563102975916,0.298,0.026,5.34864675759998e-135
"LSM6",1.40720386399662e-139,-0.0214115379207767,0.405,0.072,5.37889604974066e-135
"NME6",1.43922702066899e-139,0.238114381192445,0.282,0.02,5.50130136380515e-135
"EML2",1.45211091430233e-139,0.0473501342531626,0.392,0.067,5.55054875882923e-135
"NINJ1",1.56864544209071e-139,0.193887133496369,0.353,0.049,5.99599033784753e-135
"RIPK1",1.75132214333129e-139,0.833934111713731,0.283,0.02,6.69425376066951e-135
"PRPF31",1.88980912350578e-139,-0.257853765630686,0.387,0.063,7.22360639368848e-135
"ANXA3",1.95952670144528e-139,-0.103425429307213,0.488,0.112,7.49009486360442e-135
"SMIM19",2.02143245621007e-139,-0.0617930683280252,0.362,0.053,7.72672342061736e-135
"PIK3CB",2.03674292355175e-139,0.156166645011584,0.334,0.041,7.78524615098422e-135
"RHPN1",2.05389914548885e-139,1.18975895422426,0.282,0.02,7.85082409371658e-135
"BAK1",2.42347987984983e-139,0.0544561029469688,0.331,0.04,9.26350949273799e-135
"EIF4G2",2.42896782526116e-139,0.402569143997828,0.788,0.287,9.28448661527825e-135
"METTL2A",2.45017693223936e-139,0.420817464189768,0.292,0.024,9.36555630579174e-135
"SWI5",2.79842864136048e-139,-0.264264985865091,0.343,0.044,1.06967136387363e-134
"SH3GL1",3.17580124732657e-139,0.0885493144122713,0.33,0.04,1.21391826877811e-134
"NMRK1",3.23835984044509e-139,0.628850214970283,0.333,0.042,1.23783066541173e-134
"ZNF701",3.3072993310377e-139,1.22864978163801,0.29,0.023,1.26418209629585e-134
"RBCK1",3.30948536018636e-139,0.221052459711144,0.591,0.169,1.26501768407763e-134
"RTCA",3.4377937174067e-139,0.275662696377134,0.331,0.04,1.31406227054154e-134
"ARRDC2",3.51205033806197e-139,0.805218226898928,0.296,0.026,1.34244612122081e-134
"RALB",3.83224683238907e-139,-0.137087317835365,0.368,0.056,1.4648380292124e-134
"MINK1",3.94380498744664e-139,0.904148909463677,0.309,0.032,1.50748001840161e-134
"SLC30A9",4.00869843869761e-139,0.496361584009817,0.314,0.033,1.53228489120778e-134
"FDPS",4.39137921930179e-139,0.118829554519886,0.579,0.159,1.67856079278592e-134
"SLC39A3",4.871221599581e-139,0.142713987422554,0.298,0.027,1.86197574422384e-134
"FHL2",4.98245906927046e-139,0.0458177411289434,0.537,0.137,1.90449515463794e-134
"PRKAG1",5.2657782785437e-139,-0.211255629211488,0.339,0.043,2.01279108919054e-134
"CDC27",5.32683937687411e-139,0.361273260488028,0.294,0.025,2.03613108341636e-134
"UBE2I",5.57448621075423e-139,-0.0340453199356461,0.594,0.163,2.1307916091987e-134
"LTV1",6.46537782661953e-139,0.128852371347125,0.327,0.038,2.47132602044705e-134
"CAPS",6.55547969292949e-139,0.595192845170457,0.324,0.038,2.50576655782537e-134
"SOS1",6.62324275640515e-139,1.2425444307254,0.281,0.02,2.5316683112083e-134
"RHOD",6.74145422137681e-139,0.126818790724823,0.32,0.036,2.57685346157907e-134
"SLC31A1",6.88087196451477e-139,0.246312529720462,0.298,0.027,2.63014449971613e-134
"MNAT1",7.55735616890217e-139,0.238058214167883,0.32,0.036,2.88872382200116e-134
"WAC-AS1",7.77531573766318e-139,0.322451932436923,0.302,0.028,2.97203668756437e-134
"DPY19L4",7.8862441265948e-139,0.839066209139574,0.284,0.021,3.0144379549496e-134
"STK38L",8.13996525947908e-139,0.0252204619377974,0.318,0.035,3.11142032078329e-134
"MTERF4",8.4882309787496e-139,0.534359819576226,0.305,0.03,3.24454140931725e-134
"DCAF12",8.82558885321627e-139,0.270117834674307,0.317,0.034,3.37349308325339e-134
"RBMX",8.97846075394898e-139,0.125955799186945,0.661,0.2,3.43192683858946e-134
"RC3H2",9.39186401788302e-139,0.310010031091073,0.294,0.025,3.58994610219561e-134
"FUT2",1.01406798987521e-138,1.05641017290016,0.304,0.03,3.87617348449899e-134
"PDCD11",1.03002773549339e-138,0.327687239065352,0.332,0.041,3.93717801614994e-134
"EMC8",1.03344090857068e-138,-0.130402892232532,0.342,0.044,3.95022452892058e-134
"SRFBP1",1.06158201652177e-138,-0.135156728494835,0.353,0.05,4.05779109995281e-134
"PRNP",1.06306022792829e-138,0.914832390497742,0.284,0.021,4.06344141523311e-134
"LIN7C",1.09727028657465e-138,0.172819954702941,0.331,0.04,4.19420594340296e-134
"RNF181",1.11881509806617e-138,-0.12168356469801,0.472,0.104,4.27655883084813e-134
"FAM213B",1.14701210911058e-138,-0.0115228104691161,0.291,0.024,4.38433908586427e-134
"CCL20",1.15442554730873e-138,1.85113434525985,0.436,0.102,4.41267621203288e-134
"TSEN34",1.22450502403956e-138,-0.0499163789198566,0.472,0.104,4.6805480038888e-134
"ITPA",1.28892430974895e-138,0.406053037863571,0.457,0.1,4.92678428158437e-134
"C1orf131",1.31774439024061e-138,0.0632316265290325,0.37,0.057,5.03694615725572e-134
"RRS1",1.40860899335279e-138,0.171285548991533,0.395,0.069,5.3842670161917e-134
"HILPDA",1.43469110426392e-138,0.481441571937108,0.329,0.04,5.48396327693843e-134
"EPN2",1.4455278910473e-138,0.841185625253696,0.291,0.024,5.5253858107392e-134
"TLE2",1.45623989267292e-138,0.50112633316538,0.283,0.021,5.56633136575296e-134
"BOD1",1.55529040096507e-138,-0.107829616725315,0.36,0.053,5.94494202864889e-134
"ESRP2",1.62753839632172e-138,0.882129640913818,0.289,0.023,6.22110276610014e-134
"ARHGEF7",1.7154719883104e-138,0.0870051818072151,0.33,0.04,6.55722012811767e-134
"IRF2",1.80347826620061e-138,0.0946763375329134,0.337,0.043,6.89361532472523e-134
"NOL10",1.90870940666393e-138,0.453702092035033,0.296,0.026,7.2958508360322e-134
"PTP4A2",2.0267761859553e-138,0.231720859246858,0.673,0.21,7.74714929319552e-134
"SRP72",2.04667955008156e-138,-0.0198356383446555,0.52,0.127,7.82322791223176e-134
"SIGMAR1",2.05790209375192e-138,-0.137029664872823,0.395,0.069,7.86612496315733e-134
"WIPI1",2.07054710363162e-138,0.56464325222018,0.297,0.027,7.9144592489215e-134
"METTL23",2.2560616987548e-138,-0.294231146833584,0.365,0.055,8.62357023732033e-134
"MAIP1",2.37062399527762e-138,0.678643369160036,0.276,0.018,9.06147315954916e-134
"DIP2A",2.3754096055486e-138,1.08226135583823,0.306,0.031,9.07976567624898e-134
"NDRG3",2.55242367596142e-138,0.785580026256814,0.272,0.017,9.75638425899492e-134
"PRCC",2.67488654349927e-138,-0.113966560233262,0.336,0.042,1.02244863238716e-133
"PPCS",2.75747026423344e-138,-0.139537949153679,0.503,0.118,1.05401543380059e-133
"RAB11A",2.89998130316386e-138,-0.17943027534053,0.551,0.142,1.10848885332135e-133
"SEPT2",2.91423037166414e-138,0.238647698421222,0.449,0.093,1.1139354172649e-133
"ZNF704",2.95828978227077e-138,0.504436938345459,0.301,0.028,1.13077668637518e-133
"COQ7",3.13233634994472e-138,1.08416264182828,0.286,0.023,1.19730424640287e-133
"CHIC2",3.20452476318454e-138,0.970189026932753,0.283,0.021,1.22489754547966e-133
"IQGAP2",3.24240182821376e-138,0.822001546695934,0.334,0.043,1.23937567481643e-133
"TFCP2",3.29935232299298e-138,0.425538824702031,0.308,0.032,1.26114443194084e-133
"ABTB1",3.53723881011802e-138,1.1372939392656,0.296,0.026,1.35207416277951e-133
"DCTN3",3.59256611258248e-138,-0.166669083341888,0.44,0.088,1.37322247087353e-133
"XPO6",3.72494269112748e-138,0.314327496549779,0.334,0.042,1.42382209425657e-133
"FAM107B",3.8396975042495e-138,0.745324914875884,0.398,0.073,1.46768597402433e-133
"SVBP",3.91209760071264e-138,-0.098412434427638,0.333,0.041,1.4953601868964e-133
"TLNRD1",4.10533467417162e-138,0.541189845798816,0.324,0.038,1.56922312585536e-133
"GTF2IRD1",4.23506323148659e-138,0.569092150683395,0.291,0.024,1.61881056960343e-133
"JPH1",4.388081823675e-138,0.77825855342401,0.306,0.031,1.67730039628153e-133
"KDM1A",4.39014240545716e-138,-0.192160012602519,0.426,0.082,1.67808803306195e-133
"LSM14B",4.51107817377672e-138,0.0228685324451834,0.333,0.041,1.72431452114441e-133
"ELP2",4.99336715266977e-138,0.667853118408496,0.304,0.03,1.90866466043649e-133
"E2F5",5.24071408693758e-138,0.328793079653508,0.291,0.024,2.00321055259102e-133
"CCDC130",5.24465949526908e-138,0.468284205908141,0.3,0.028,2.00471864547165e-133
"LEMD2",5.60987245152308e-138,0.700814738722334,0.281,0.021,2.14431764587018e-133
"VHL",5.71428159679531e-138,0.775163825050202,0.275,0.018,2.18422699755904e-133
"CAMSAP3",5.77072041711431e-138,0.636098947225195,0.306,0.03,2.20580017223777e-133
"CEP63",5.84800410790656e-138,0.605779366190939,0.289,0.024,2.2353410902062e-133
"KRT10",6.08480269725717e-138,0.100110700216881,0.585,0.163,2.32585498299958e-133
"TMEM160",6.09707317552439e-138,-0.0655121100210614,0.518,0.127,2.33054525061244e-133
"SAMD5",7.0971718859291e-138,0.656737643786866,0.3,0.028,2.71282298167754e-133
"CARD10",7.15244189232862e-138,0.55234287267956,0.302,0.029,2.73394938892369e-133
"GLB1",7.39263885068986e-138,0.388259993753713,0.288,0.023,2.82576227428769e-133
"GMFB",7.49347376284659e-138,0.0565426612723425,0.311,0.032,2.86430541111048e-133
"LGALS3BP",7.52812126345189e-138,0.144214535270375,0.632,0.19,2.87754907174185e-133
"MTX2",7.99665685156034e-138,-0.190291310111138,0.364,0.055,3.05664211494042e-133
"APEH",8.25797103614991e-138,-0.0290918308763453,0.367,0.057,3.15652684885794e-133
"ZNF12",8.61432206040516e-138,0.472637658442598,0.289,0.024,3.29273846436927e-133
"CRELD2",8.62438279521458e-138,-0.562932391999408,0.317,0.035,3.29658407964282e-133
"SPG21",9.35023317242657e-138,0.156563179954736,0.363,0.055,3.57403312782833e-133
"MCRIP1",9.4834567324488e-138,0.156242858098266,0.326,0.039,3.62495650141123e-133
"KAT5",1.00197450350195e-137,0.250388612223972,0.304,0.03,3.82994734218586e-133
"SLC35C1",1.00996100093883e-137,0.639206327066401,0.298,0.027,3.86047492998857e-133
"DNTTIP1",1.12786677662993e-137,0.0520699234583288,0.498,0.118,4.31115796699024e-133
"SDHD",1.17589481120374e-137,-0.31768418747637,0.44,0.089,4.49474032634516e-133
"PTGES2",1.18203684045201e-137,-0.124871108982185,0.502,0.12,4.51821761894377e-133
"PPID",1.23365154545573e-137,-0.120484282185283,0.391,0.067,4.71550966734999e-133
"LAMTOR1",1.25315478476245e-137,0.188864971772057,0.524,0.13,4.79005884927598e-133
"MRGBP",1.26474476266019e-137,-0.142837559167455,0.409,0.075,4.83436038079231e-133
"TSC22D1",1.30511746944037e-137,0.213135145782997,0.742,0.256,4.98868101518889e-133
"OSTF1",1.32339204446131e-137,0.0253250358607349,0.384,0.064,5.05853375074892e-133
"SH3YL1",1.3976271453614e-137,-0.393566146279854,0.445,0.092,5.34229000042941e-133
"SMARCAD1",1.43092831336641e-137,0.85744025285269,0.283,0.021,5.46958038501177e-133
"NKAPD1",1.44000015603405e-137,-0.0394068096826872,0.336,0.043,5.50425659642456e-133
"AGPAT1",1.46063874733921e-137,0.589216832539948,0.292,0.025,5.58314554782941e-133
"GNPTAB",1.49356688755222e-137,0.655892074817277,0.312,0.034,5.70901007097961e-133
"PATL1",1.66073210595213e-137,0.576211461748927,0.29,0.025,6.3479824017914e-133
"CHMP4A",1.66113347508187e-137,-0.244506116972836,0.488,0.112,6.34951659515293e-133
"P4HA1",1.71059869372499e-137,0.594602871767939,0.309,0.032,6.53859244689438e-133
"CKLF",1.82012920357284e-137,-0.283811722627748,0.447,0.093,6.95726186773683e-133
"FOXK2",1.8929988572059e-137,0.192947754266617,0.318,0.036,7.23579883178384e-133
"HNRNPR",1.90672902250052e-137,0.0868362969941547,0.59,0.168,7.28828101560597e-133
"PPP1R14D",1.93179516786894e-137,-0.0846487117970918,0.372,0.059,7.38409384966224e-133
"CCNQ",1.99776728399597e-137,0.189483613427694,0.355,0.051,7.63626566634618e-133
"OSGEP",2.08156447601765e-137,0.189484293013643,0.326,0.039,7.95657205312986e-133
"APOPT1",2.27156553265456e-137,-0.224469981723281,0.324,0.038,8.68283209201878e-133
"DCTD",2.37941139294216e-137,-0.339633194892442,0.362,0.054,9.09506210838213e-133
"ZNF83",2.43978042536644e-137,1.06596901333161,0.301,0.029,9.32581669792067e-133
"NMI",2.56649579814552e-137,-0.211354130452866,0.352,0.05,9.81017353883144e-133
"SARS",2.65405029916439e-137,-0.0154875833865692,0.476,0.107,1.0144841863526e-132
"RGP1",2.9243068443364e-137,0.969729072447449,0.303,0.03,1.11778704817915e-132
"NIPSNAP1",3.07100354405999e-137,-0.106573455795473,0.317,0.035,1.17386039468149e-132
"IFT43",3.08720677494281e-137,0.234594591651559,0.307,0.031,1.18005391765414e-132
"TOMM34",3.09410617659641e-137,0.214335320825841,0.3,0.028,1.18269114494221e-132
"USP42",3.16382197462589e-137,0.830853115219984,0.284,0.022,1.209339311581e-132
"CD151",3.20204245698708e-137,0.327038571046395,0.633,0.198,1.22394870875874e-132
"SH3BGRL2",3.35263122355009e-137,0.270258812753668,0.352,0.051,1.28150975888979e-132
"TMEM30B",3.35936299795643e-137,0.952499707385952,0.27,0.017,1.28408291233887e-132
"PFDN1",3.37011412013342e-137,-0.36147754858714,0.447,0.093,1.2881924212798e-132
"SVIP",3.61058660247107e-137,-0.207837498267934,0.447,0.093,1.38011062292854e-132
"PDE12",3.67081997865163e-137,0.525548700431597,0.277,0.019,1.4031342286398e-132
"FAM222B",3.91347440004882e-137,0.508611308862449,0.287,0.023,1.49588645467466e-132
"MAP4K5",4.12191143650344e-137,0.643624136698364,0.284,0.022,1.57555942748907e-132
"PPM1G",4.13504323209015e-137,-0.107395653366976,0.562,0.151,1.58057892503414e-132
"SEC23A",4.35881215559864e-137,0.818768794029339,0.284,0.022,1.66611235835602e-132
"RXYLT1",4.3869925945925e-137,-0.120965721663076,0.308,0.032,1.67688404935704e-132
"PEX16",4.6795646035706e-137,-0.0504364274794808,0.351,0.05,1.78871677406882e-132
"BTBD2",4.71133290448924e-137,0.208416484346552,0.319,0.036,1.80085988941197e-132
"STK35",4.79796957614764e-137,0.693416386592485,0.276,0.019,1.83397589078667e-132
"PPIP5K2",4.84472430489457e-137,0.612250852183673,0.319,0.037,1.8518474183029e-132
"C2",4.93760447988031e-137,0.40005396940425,0.298,0.028,1.88734993638945e-132
"ZC3H8",4.94856202405339e-137,0.0965251132621079,0.356,0.052,1.89153834807417e-132
"RFXANK",5.06854708744007e-137,-0.240392824932498,0.356,0.052,1.93740143870309e-132
"PNO1",5.18525693669411e-137,-0.0134916673620948,0.36,0.054,1.98201261148196e-132
"STRN4",5.48205943174277e-137,0.411211680936072,0.307,0.032,2.09546239718936e-132
"CAPZB",6.00528838618098e-137,0.0235862439192292,0.644,0.194,2.29546143273382e-132
"RPAP3",6.06314790469567e-137,-0.416891536826406,0.362,0.055,2.31757765509087e-132
"CLASRP",6.31888582170249e-137,0.278849038300126,0.291,0.025,2.41533091648756e-132
"HDGFL2",6.34447905281071e-137,-0.0665400860239034,0.329,0.04,2.42511367314636e-132
"ANKZF1",6.43400754755732e-137,0.865271049061306,0.317,0.036,2.45933504497831e-132
"PHF10",6.4503577368366e-137,0.0290747712333199,0.333,0.042,2.46558474132842e-132
"VEGFB",6.54444017179298e-137,-0.104628522665112,0.446,0.093,2.50154681126615e-132
"MTHFD2",7.09527747556599e-137,-0.191671165239749,0.406,0.074,2.71209886226034e-132
"TOR3A",7.32444046757714e-137,0.704936067796018,0.289,0.024,2.79969412432668e-132
"MAP3K5",7.3752816376662e-137,0.248284888765368,0.298,0.027,2.81912765318153e-132
"TSC1",7.39108397989844e-137,0.8311247154646,0.28,0.021,2.82516794047638e-132
"CHCHD3",7.50503327907779e-137,-0.183585203475905,0.414,0.078,2.86872392059469e-132
"CLDN7",8.4177947292824e-137,0.412373375443056,0.729,0.255,3.2176178573209e-132
"ST6GAL1",8.55990441358825e-137,0.915338210982213,0.271,0.017,3.27193786304997e-132
"EIF3B",8.74060649250549e-137,0.151750983237349,0.602,0.172,3.3410094256953e-132
"HS2ST1",8.90069619650262e-137,0.43756531450689,0.28,0.021,3.40220211415116e-132
"MLF1",9.01167146711172e-137,0.90474011580907,0.283,0.022,3.44462130158878e-132
"ACOT9",9.18048118993076e-137,0.292516557102863,0.308,0.032,3.50914713003913e-132
"HOXB7",9.55380432308183e-137,0.212335467896997,0.382,0.065,3.6518461644548e-132
"NUP54",9.77694805700875e-137,0.196480868763079,0.303,0.03,3.73714062531103e-132
"COLGALT1",1.0780527976393e-136,0.321229702469816,0.332,0.042,4.12074901369645e-132
"DCTN5",1.12020290383395e-136,0.0559709641622983,0.328,0.04,4.28186357961488e-132
"C9orf3",1.19361303203354e-136,1.45102621471339,0.252,0.01,4.56246645364502e-132
"PPP2R2D",1.2196601632196e-136,0.426056976741348,0.33,0.042,4.66202900789061e-132
"NUPL2",1.24692450062084e-136,0.355382333199685,0.288,0.024,4.76624421117309e-132
"ADPRHL2",1.26122905204556e-136,0.150988825675303,0.305,0.031,4.82092192853895e-132
"SMARCE1",1.3094679612963e-136,-0.088021441569379,0.393,0.069,5.00531033525899e-132
"PRKCD",1.33182662933403e-136,0.762686600606715,0.277,0.02,5.0907741079664e-132
"ANKRD28",1.47219653103272e-136,0.964382238696776,0.289,0.025,5.62732402021948e-132
"CDC123",1.48040622952931e-136,-0.156235336024112,0.421,0.081,5.65870477175282e-132
"EIF4E2",1.52811289594405e-136,-0.0530828335235131,0.497,0.117,5.84105873345654e-132
"TRAPPC1",1.59671006990921e-136,-0.253498845808637,0.449,0.094,6.10326457122097e-132
"UBA3",1.59740921242025e-136,0.477712313129637,0.277,0.02,6.10593697355517e-132
"METAP2",1.59792525469701e-136,-0.0849136590273482,0.61,0.173,6.10790949355383e-132
"CENPC",1.61632614179097e-136,0.721234354552921,0.317,0.036,6.17824504438181e-132
"TUSC2",1.67615670658151e-136,-0.0897256538862339,0.371,0.059,6.40694139523718e-132
"CPNE3",1.73774484746451e-136,0.209083522968326,0.484,0.113,6.64235590494836e-132
"NDUFB8",1.74833347360356e-136,-0.038068465132638,0.521,0.129,6.68282986950226e-132
"PRKX",1.78042576151964e-136,0.663722355900202,0.281,0.021,6.80549943083267e-132
"NUTM2A-AS1",1.79644526473163e-136,0.493756664901893,0.326,0.04,6.86673237991017e-132
"SLC26A2",1.8716358410662e-136,1.60209975245678,0.269,0.017,7.15414083889143e-132
"SKAP2",1.90080181903336e-136,0.28704356386336,0.343,0.047,7.26562487307311e-132
"PQLC1",1.92765046002218e-136,0.147809607264754,0.287,0.023,7.36825111838877e-132
"TP53I11",1.94581294945224e-136,-0.0193776584510719,0.368,0.058,7.43767541798624e-132
"MRPL50",1.9782867782994e-136,-0.173203030144556,0.437,0.089,7.56180338137164e-132
"TMEM167B",2.1536805288908e-136,0.829014203394119,0.273,0.018,8.23222845363221e-132
"CBWD1",2.23491007828405e-136,0.697288655235047,0.308,0.033,8.54272028323296e-132
"DDX49",2.49022903799467e-136,-0.115906978215497,0.373,0.06,9.51865147483085e-132
"RMDN1",2.56798457473651e-136,-0.079959891664265,0.356,0.052,9.81586423847283e-132
"GLRX3",2.63479173708814e-136,-0.302888724200401,0.456,0.097,1.00712279358457e-131
"SF3A1",2.75862743725872e-136,0.110754333249275,0.331,0.042,1.05445775161777e-131
"MRRF",2.92728300995731e-136,0.491432660482655,0.321,0.038,1.11892465772608e-131
"FAM8A1",2.93323184682746e-136,0.841502958145574,0.26,0.013,1.12119854113133e-131
"PTPRJ",3.00186831287787e-136,0.998438911194579,0.283,0.023,1.14743414391444e-131
"CBX1",3.00895065874494e-136,-0.141232139624267,0.371,0.059,1.15014129979867e-131
"MGA",3.02338615517048e-136,0.741715363792347,0.291,0.026,1.15565912395236e-131
"NTMT1",3.08137011908721e-136,-0.187045080891718,0.5,0.118,1.17782291431989e-131
"TMEM176B",3.14343600196506e-136,0.231747724059789,0.575,0.164,1.20154697739112e-131
"ENPP4",3.24669927317119e-136,1.03923279411776,0.262,0.014,1.24101833017696e-131
"LRRC47",3.2740793317548e-136,0.0977963333523566,0.314,0.035,1.25148408376996e-131
"ZFAND1",3.36113174460531e-136,-0.13833792607221,0.429,0.086,1.28475899805793e-131
"ZNF44",3.43999810462869e-136,1.27376425816448,0.264,0.015,1.31490487551327e-131
"UTP18",3.66455497008957e-136,0.0723101584111268,0.344,0.047,1.40073949176704e-131
"CFAP97",3.7427584780404e-136,-0.0945286725722185,0.459,0.1,1.43063200064616e-131
"CDC42EP4",3.81111544267539e-136,0.381981774965952,0.295,0.027,1.45676076680824e-131
"HSDL2",4.00260408422949e-136,-0.236306380706126,0.379,0.063,1.52995538515588e-131
"FGFR4",4.16982296101768e-136,0.313218661164911,0.304,0.031,1.5938731286194e-131
"PID1",4.45122387816695e-136,0.205800428937708,0.335,0.044,1.70143581519053e-131
"CPM",4.89555539851587e-136,1.27595466526866,0.25,0.01,1.87127709552871e-131
"UBAC1",4.9857011125574e-136,-0.421131837310354,0.383,0.064,1.90573439326394e-131
"ACTR3",5.17307119773758e-136,-0.0332715067830592,0.637,0.191,1.97735473462321e-131
"SLC12A2",5.18116152910818e-136,0.158529113700023,0.691,0.225,1.98044718288631e-131
"TTC39A",5.39344762108061e-136,0.105168407804919,0.326,0.04,2.06159141868185e-131
"B4GALNT3",5.63330523713539e-136,0.968955489032624,0.271,0.018,2.15327459384263e-131
"TMEM126B",5.70105780730426e-136,-0.140823284283858,0.426,0.084,2.17917233626398e-131
"BPHL",5.9138079221648e-136,0.308951979730383,0.299,0.029,2.26049394016827e-131
"SCOC",6.04331624423008e-136,-0.178198465951932,0.405,0.074,2.3099972011945e-131
"ACTR1A",6.04816408291678e-136,0.0568765565497515,0.305,0.031,2.31185023905411e-131
"ALG14",6.18151085813546e-136,0.324092820670409,0.275,0.019,2.3628207104137e-131
"SEC23IP",6.37802450791713e-136,0.773895169197521,0.288,0.025,2.43793608790624e-131
"AP1G2",6.40053747406773e-136,0.221690563062558,0.338,0.046,2.44654144408765e-131
"LYN",6.47707281566279e-136,0.0993440095545339,0.294,0.027,2.47579631305895e-131
"SUCLG2",6.85580265155486e-136,-0.106012363045015,0.449,0.095,2.62056200553033e-131
"MSRB2",7.14448532058874e-136,-0.0804327860183752,0.467,0.104,2.73090806894184e-131
"MBIP",7.18642360286798e-136,0.463703212087561,0.329,0.041,2.74693855796026e-131
"TENT5C",7.35852962775113e-136,2.03099855469532,0.26,0.014,2.81272436491159e-131
"ORAI2",7.97259349725621e-136,0.546116784098618,0.281,0.022,3.04744413839122e-131
"IKBKB",7.99168843998822e-136,0.89263290781618,0.281,0.022,3.0547429893011e-131
"CD83",8.35276591507252e-136,1.36463706995317,0.279,0.021,3.19276124337732e-131
"KMT5A",8.81209949509536e-136,-0.199786396445524,0.359,0.055,3.36833691100525e-131
"BMP2K",9.25805501724531e-136,0.741351648218804,0.279,0.021,3.53879894979185e-131
"FAM210A",9.46962321116116e-136,0.307506015877876,0.298,0.028,3.61966877623424e-131
"KIF1C",1.03307164146934e-135,-0.230588382920986,0.374,0.061,3.9488130423524e-131
"SP140L",1.05469596745335e-135,0.6970169525518,0.297,0.028,4.03146986599368e-131
"DHX8",1.09371051395185e-135,0.495829671574556,0.303,0.031,4.18059906852956e-131
"BUB3",1.10068880142664e-135,-0.077260000978306,0.461,0.101,4.20727287457321e-131
"PHYKPL",1.14037778163999e-135,0.773017453842837,0.319,0.038,4.3589800325407e-131
"IREB2",1.15074045057332e-135,0.610491713423751,0.304,0.032,4.39859029827146e-131
"SLC25A11",1.15569646254929e-135,-0.122134179673914,0.377,0.062,4.41753415844842e-131
"ITM2B",1.1689661446551e-135,0.296825662616442,0.666,0.219,4.46825619132964e-131
"RCAN3",1.28244162194539e-135,0.0735495147430758,0.332,0.043,4.90200485572406e-131
"STMP1",1.34689723176558e-135,-0.261288554739345,0.466,0.103,5.14837997870074e-131
"CLPP",1.35263110704877e-135,-0.176052077989229,0.423,0.082,5.17029714358321e-131
"RHOC",1.35382835263601e-135,0.277039447986429,0.603,0.177,5.17487349511588e-131
"LEFTY1",1.46235704869395e-135,2.55723535386119,0.307,0.036,5.58971358292774e-131
"EXOSC10",1.49380252774401e-135,0.245653187719787,0.314,0.036,5.7099107820487e-131
"TFAM",1.49645720930656e-135,-0.0213678461599489,0.415,0.08,5.72005803685338e-131
"PPP1R37",1.49963964742342e-135,1.41256043649609,0.264,0.015,5.73222258831126e-131
"TOR1AIP1",1.54754566109507e-135,1.4865602332624,0.263,0.015,5.91533853496979e-131
"PPP1R12B",1.58278613958655e-135,0.541169503029277,0.306,0.032,6.05004173995562e-131
"AMFR",1.59267597981128e-135,1.1831546675048,0.266,0.017,6.08784466523065e-131
"DLST",1.60504945423595e-135,0.691470938128756,0.287,0.024,6.13514103387151e-131
"DENR",1.61986930804554e-135,-0.290813575738714,0.502,0.12,6.19178844307328e-131
"KCNK5",1.73157719908404e-135,0.750970428552895,0.272,0.019,6.61878068577883e-131
"ETV3",1.7540324555471e-135,0.807862264523161,0.281,0.022,6.70461365808324e-131
"GOLPH3L",1.88985277691489e-135,0.0414281763566007,0.333,0.044,7.22377325447946e-131
"RNF187",1.93943904864862e-135,-0.22079333248865,0.397,0.071,7.41331181955447e-131
"PSMG3",1.9514728964594e-135,-0.28094144986297,0.443,0.093,7.45930999942642e-131
"FUT8",1.97867613592861e-135,0.864544473209768,0.279,0.021,7.56329166197352e-131
"INIP",1.99351200893088e-135,0.137355560496659,0.328,0.041,7.62000030293738e-131
"DOCK7",2.0091614346063e-135,0.233332423926653,0.289,0.025,7.67981866763914e-131
"OPTN",2.0582908891359e-135,0.0555866756775145,0.46,0.103,7.86761109463308e-131
"SUPT16H",2.12071232589882e-135,-0.172616726610925,0.476,0.109,8.10621079451565e-131
"HDHD5",2.18699385594867e-135,0.153456180977174,0.302,0.03,8.35956531497821e-131
"NFKBIL1",2.21487349994049e-135,0.11749306207847,0.305,0.032,8.46613246617253e-131
"HSPBP1",2.27714340581696e-135,-0.136120673199376,0.376,0.062,8.70415295439474e-131
"TSR1",2.47158141987677e-135,-0.0928388790357038,0.328,0.041,9.44737281933696e-131
"C6orf106",2.60705008564579e-135,0.154008520605047,0.304,0.031,9.96518824737246e-131
"DTX3L",2.63883456240438e-135,-0.102008191924098,0.341,0.047,1.00866812313345e-130
"ISCU",2.82110576456599e-135,-0.25436266530434,0.507,0.122,1.07833946744771e-130
"RRP8",2.91350971069263e-135,0.134705827073954,0.312,0.035,1.11365995181515e-130
"UBXN1",2.97816019169614e-135,-0.0235870064580469,0.605,0.172,1.13837195167393e-130
"ZFPL1",3.02377710540775e-135,0.190036604557085,0.32,0.038,1.15580856077106e-130
"ISG15",3.14064909998947e-135,0.324241790233368,0.513,0.131,1.20048171197998e-130
"TNIK",3.60646878554349e-135,0.715258102421951,0.284,0.023,1.37853662858615e-130
"RARRES2",3.64291210166351e-135,1.55820615925892,0.323,0.042,1.39246672173986e-130
"NEPRO",3.79500005382676e-135,0.393209573947379,0.289,0.025,1.45060082057474e-130
"DUS1L",4.14884457467213e-135,-0.057680287976038,0.527,0.134,1.58585435022267e-130
"VPS72",4.21135799740114e-135,0.125236503424648,0.331,0.043,1.60974948092661e-130
"PPIE",4.33486270516143e-135,-0.269838118709798,0.383,0.065,1.6569579204209e-130
"FAM45A",4.44499629930157e-135,0.561485147105164,0.261,0.014,1.69905538544503e-130
"UTP11",4.54429624082217e-135,-0.356896282612756,0.373,0.061,1.73701179509187e-130
"HNMT",4.56304507412508e-135,-0.274615338199722,0.45,0.096,1.74417834913357e-130
"TMEM184B",4.6537102474959e-135,0.91775955512726,0.261,0.015,1.77883420500283e-130
"RBM14",4.67489899189026e-135,0.704094336248652,0.286,0.024,1.78693339066013e-130
"ALDH18A1",4.79668355076761e-135,0.224728036077561,0.331,0.043,1.83348432044541e-130
"NMRAL1",4.87054241254305e-135,-0.396435427710287,0.363,0.056,1.86171613177046e-130
"SHB",5.26255592927493e-135,0.132644556810513,0.366,0.058,2.01155937840605e-130
"SESN1",5.45339790767333e-135,0.557872735506531,0.309,0.034,2.08450681622905e-130
"ARSE",5.75965140195253e-135,0.607291924486518,0.282,0.023,2.20156915188233e-130
"NADK",5.88157395215551e-135,-0.187242776751422,0.356,0.053,2.24817282747192e-130
"SLC29A1",6.58256634863623e-135,0.183453041627888,0.295,0.028,2.51612016110271e-130
"HIGD1A",6.8946870852639e-135,-0.221431978635116,0.451,0.096,2.63542519147127e-130
"EXOC3",7.05479404676527e-135,-0.0475138136277304,0.367,0.059,2.69662447643556e-130
"ACTL6A",7.26395617994022e-135,-0.355981121684802,0.383,0.065,2.77657461022035e-130
"IAH1",7.70253339382646e-135,-0.159241429005164,0.363,0.057,2.94421636445623e-130
"TMEM38B",8.09718183135702e-135,0.266613992081588,0.285,0.024,3.09506678321791e-130
"C4orf19",8.17727902176778e-135,0.846284430593306,0.279,0.022,3.12568313328052e-130
"FAM200B",8.34672506433518e-135,-0.0278858291022468,0.348,0.051,3.19045218859148e-130
"AL121944.1",8.44572146271593e-135,1.60751078037793,0.27,0.019,3.22829257190854e-130
"PTGFRN",8.51605772382805e-135,0.456851206337068,0.264,0.016,3.25517790435604e-130
"RALY",8.57646932528012e-135,0.137525233330214,0.572,0.16,3.27826963489507e-130
"WNK4",8.61917936841319e-135,0.508159976516834,0.298,0.029,3.29459512178226e-130
"PLEKHG6",8.64565124257281e-135,0.432568238436168,0.304,0.032,3.30471373096103e-130
"SLC35F2",8.81837715374007e-135,0.344886936285785,0.278,0.021,3.3707364832456e-130
"EPB41L2",8.9714368613555e-135,0.334718184083532,0.425,0.088,3.42924202588453e-130
"ARL2",9.05064995926952e-135,-0.181669090000484,0.451,0.097,3.45952044043118e-130
"NUDT5",9.31025171275251e-135,-0.140085834191142,0.451,0.097,3.55875061468252e-130
"MRPL33",9.31974152745529e-135,-0.177706653926488,0.528,0.135,3.56237800145451e-130
"UBE2D2",9.94927598195313e-135,-0.193911164795121,0.561,0.15,3.80301125134176e-130
"NGDN",1.08107960723163e-134,0.141023924069931,0.315,0.036,4.13231869068218e-130
"CCDC43",1.14857199969709e-134,-0.0368032867914057,0.329,0.042,4.39030161164217e-130
"NAT10",1.16882478138339e-134,0.55341064455562,0.299,0.03,4.46771584435988e-130
"NCSTN",1.17984810521931e-134,0.723064699681121,0.288,0.025,4.50985139739031e-130
"NXT1",1.19701656568355e-134,-0.0941862183930013,0.416,0.08,4.5754761206688e-130
"GLRX5",1.24811085883786e-134,-0.118614177180416,0.459,0.1,4.77077894682184e-130
"AASDHPPT",1.25236933777033e-134,0.0813755044763229,0.327,0.041,4.7870565566933e-130
"UQCRC1",1.2673101804963e-134,-0.0273100259694079,0.585,0.163,4.84416643392907e-130
"NUAK2",1.37583030363197e-134,1.14632323920355,0.256,0.013,5.25897375260284e-130
"PGAM1",1.4992402946445e-134,-0.0849350218567934,0.507,0.124,5.73069610224914e-130
"GOLT1B",1.55874602797995e-134,0.721606479204501,0.293,0.027,5.95815081735054e-130
"PSMD4",1.5685660786305e-134,-0.123776088766601,0.53,0.135,5.99568697895722e-130
"FAM160A2",1.57449294773206e-134,0.805893522009763,0.295,0.028,6.01834184341101e-130
"NSMF",1.70902589435756e-134,-0.0250944223932488,0.467,0.105,6.53258057859235e-130
"PAK1IP1",1.72369290525416e-134,-0.041740962401434,0.373,0.061,6.58864376104348e-130
"COQ9",1.77533086926624e-134,-0.0123452011051053,0.344,0.049,6.78602471468329e-130
"EPB41L4A-AS1",1.78210784506728e-134,-0.0181123135391266,0.386,0.068,6.81192902698516e-130
"ACOT11",1.93275535250656e-134,0.825773018130571,0.277,0.021,7.38776405942107e-130
"PPP2R1B",2.02422894152025e-134,0.753606482705169,0.283,0.023,7.73741270606702e-130
"MAD2L1BP",2.05959304830309e-134,0.522835774067442,0.277,0.021,7.87258846783372e-130
"MRTO4",2.15980939298338e-134,0.0918283806462552,0.43,0.087,8.25565542373967e-130
"RIOX2",2.17434803977849e-134,0.310569233465535,0.276,0.021,8.31122794724928e-130
"CMC1",2.21598573516466e-134,-0.162884268432783,0.412,0.079,8.4703838740934e-130
"ZNF524",2.23352223726185e-134,-0.0268921536859374,0.39,0.069,8.53741539970968e-130
"TYW1",2.25521451102004e-134,1.19166500691225,0.273,0.019,8.620331946923e-130
"MMD",2.26841982290049e-134,0.627795706356243,0.26,0.014,8.67080793105482e-130
"NPC2",2.33864109152819e-134,0.0470733234219644,0.514,0.129,8.93922170825737e-130
"POP7",2.37682294311213e-134,-0.301548004910454,0.442,0.092,9.08516801775182e-130
"UCHL5",2.4783292040458e-134,-0.157017478438346,0.356,0.054,9.47316554954466e-130
"PIP4K2C",2.53432724140741e-134,0.369253692835628,0.278,0.021,9.68721244755567e-130
"MCU",2.56093813717885e-134,0.421159037864233,0.291,0.027,9.78892993555242e-130
"AP2A1",2.75013134546198e-134,0.104489885461021,0.36,0.056,1.05121020548939e-129
"EIF1AX",2.84522619058165e-134,0.284382278271559,0.658,0.209,1.08755925908793e-129
"NSUN6",2.86518813392735e-134,1.2205796973785,0.304,0.032,1.09518951231239e-129
"MICALL2",2.89893156085799e-134,0.892668008140701,0.303,0.032,1.10808759982236e-129
"MNT",2.97235760012308e-134,0.780412242070522,0.283,0.024,1.13615396907105e-129
"DPH7",3.44713766274459e-134,0.223916431801585,0.302,0.031,1.31763390020749e-129
"LSM8",3.51478714645131e-134,-0.195882534569519,0.553,0.146,1.34349223885955e-129
"TOMM22",3.5397385781971e-134,-0.161551282497411,0.496,0.119,1.35302967413006e-129
"HELB",3.55362464937183e-134,0.989964713700374,0.279,0.022,1.35833748597589e-129
"IL4R",3.76487311444365e-134,0.856519013514979,0.306,0.034,1.43908509926494e-129
"AMIGO2",3.81378233263274e-134,1.43954138475954,0.263,0.016,1.45778015882554e-129
"GATAD2B",3.96746799997017e-134,0.854538772717552,0.288,0.026,1.5165249683086e-129
"POLDIP2",3.98970027485082e-134,-0.474017476423695,0.417,0.08,1.52502303305898e-129
"JPT2",4.12024582855848e-134,-0.260827646239225,0.348,0.051,1.57492276550819e-129
"HSP90B1",4.22823505663111e-134,0.495977222532197,0.764,0.301,1.61620056804668e-129
"ACOT8",4.23386503232069e-134,0.124651564322915,0.323,0.04,1.61835256995426e-129
"MTA1",4.42497632962804e-134,-0.0429523702213959,0.304,0.032,1.69140295223702e-129
"INPPL1",4.91741127996567e-134,0.414106530795578,0.31,0.035,1.87963128765408e-129
"ABR",5.08930192813914e-134,0.49279139415654,0.311,0.036,1.9453347690119e-129
"SDE2",5.31857061389085e-134,0.309133257825759,0.288,0.025,2.03297043145364e-129
"TYW3",5.47140057186321e-134,0.38162520537808,0.298,0.03,2.09138815458899e-129
"KDELR3",5.48499388444064e-134,0.111924589536107,0.304,0.032,2.09658406238859e-129
"AC074117.1",5.54484547751301e-134,1.89707964630708,0.257,0.014,2.11946173532457e-129
"PARD3",5.61494838316185e-134,1.13120120312482,0.277,0.021,2.14625786997978e-129
"GCN1",5.82644071728612e-134,0.280562704870043,0.317,0.038,2.22709869977545e-129
"TP53",5.96006143677141e-134,-0.0865276233998857,0.323,0.04,2.27817388359151e-129
"SEMA4D",6.34908271942265e-134,1.00837698415149,0.301,0.032,2.42687337867211e-129
"RNF20",6.56106693845155e-134,-0.141729559661126,0.309,0.034,2.50790222655372e-129
"CTSC",7.0392098401989e-134,0.0432028636964474,0.417,0.083,2.69066756931763e-129
"AGR3",7.36218414592263e-134,0.65407903831147,0.503,0.131,2.81412126793746e-129
"GRHL2",7.50458606752237e-134,0.332619769021282,0.285,0.024,2.86855297844975e-129
"GBP3",7.58197748817906e-134,0.231908003187585,0.295,0.029,2.89813507508156e-129
"ABRACL",7.62598813436104e-134,0.0125665394090084,0.525,0.133,2.91495770447816e-129
"PIGX",7.76817649047305e-134,0.263585858651732,0.294,0.028,2.96930778171842e-129
"POLDIP3",7.95972875223143e-134,0.967080050730742,0.28,0.023,3.04252671825294e-129
"TOR2A",8.23055800732085e-134,0.403382886932376,0.281,0.023,3.14604849271832e-129
"PRKAB1",8.47959862968584e-134,0.338555289640441,0.307,0.034,3.24124178021112e-129
"DESI1",8.50044738141946e-134,-0.211346657534368,0.395,0.071,3.24921100707377e-129
"G6PC3",8.66259329991825e-134,0.399552561696164,0.283,0.024,3.31118966296075e-129
"IFT22",9.42652188472169e-134,0.188507893942703,0.313,0.036,3.60319372521602e-129
"CD81",9.9448362161585e-134,0.300747521107039,0.665,0.219,3.80131419526442e-129
"SNRNP27",1.00162583016824e-133,-0.0852995187642096,0.356,0.055,3.82861457323509e-129
"NAPRT",1.02384760789298e-133,0.0589119645813382,0.602,0.175,3.91355509641014e-129
"VRK3",1.03332609395271e-133,0.0793051179691091,0.349,0.052,3.94978566152485e-129
"ACTR6",1.12192796642425e-133,0.218393332237237,0.303,0.032,4.28845745886006e-129
"PSMD14",1.13876611792446e-133,-0.250395801752344,0.514,0.126,4.35281960915447e-129
"SDF2L1",1.19622658540271e-133,-0.183830854873117,0.444,0.095,4.57245650004331e-129
"SUMO3",1.27412161328123e-133,-0.345904695836835,0.474,0.108,4.87020245460618e-129
"TAF8",1.35007685829043e-133,1.66337794830691,0.258,0.014,5.16053378312932e-129
"MRPL44",1.3712330358702e-133,-0.336171313676152,0.332,0.044,5.24140115631025e-129
"CSE1L",1.37860623373698e-133,-0.130306509555103,0.382,0.066,5.26958446783622e-129
"TOP1MT",1.38944827678993e-133,0.170316795219831,0.363,0.058,5.31102709320184e-129
"NEK6",1.42355625113898e-133,0.0683583568624027,0.369,0.06,5.44140141435363e-129
"TRRAP",1.53043172315747e-133,1.048894133904,0.281,0.023,5.8499222185971e-129
"ZNF143",1.55257731729754e-133,0.584508245016674,0.266,0.017,5.93457153763813e-129
"ZCRB1",1.55557758402103e-133,-0.167164796785589,0.483,0.112,5.946039757162e-129
"PCGF3",1.57942345110128e-133,0.500677545265192,0.293,0.028,6.03718819948953e-129
"POLE3",1.59957532193151e-133,-0.254057401931857,0.442,0.093,6.11421671055102e-129
"DHTKD1",1.65202286037879e-133,0.5117985439996,0.276,0.021,6.31469218151189e-129
"PBX2",1.68995505516076e-133,0.252321748708879,0.279,0.022,6.45968420284648e-129
"KDELR2",1.79757692327889e-133,0.408972389977926,0.603,0.187,6.87105803154124e-129
"RNF169",2.00968418862401e-133,0.343889678664969,0.309,0.035,7.6818168425964e-129
"MIIP",2.10299844332994e-133,0.287880220297671,0.307,0.034,8.03850124978435e-129
"RETREG1",2.55567544045691e-133,1.37017897386146,0.281,0.024,9.76881380360249e-129
"BYSL",2.74475067010953e-133,-0.0414298687471386,0.289,0.026,1.04915349614267e-128
"PAF1",2.89700935313692e-133,0.702112959471028,0.279,0.023,1.10735285514306e-128
"WDR48",2.97826994457384e-133,0.800216228536387,0.268,0.018,1.1384139036139e-128
"PTPA",3.01914884851428e-133,-0.317796169753399,0.36,0.057,1.1540394558561e-128
"STK26",3.14270561917179e-133,0.137621033724797,0.3,0.031,1.20126779587223e-128
"MRPS7",3.35234621652506e-133,-0.0741558535717701,0.491,0.117,1.28140081780454e-128
"PCYT1A",3.4038335362875e-133,0.201955828840134,0.301,0.032,1.30108133091053e-128
"MAPKAPK5-AS1",3.41663681760652e-133,-0.0232966486518891,0.343,0.049,1.30597525716192e-128
"PRPF3",3.52394866217313e-133,0.613459052578513,0.294,0.029,1.34699413662906e-128
"POLR3E",3.98498931566302e-133,0.320805464254972,0.3,0.031,1.52322231601903e-128
"RNASEH2B",3.99414332903736e-133,0.032047078467202,0.39,0.07,1.52672134609124e-128
"SHPRH",4.03497117615842e-133,1.12903224086141,0.3,0.032,1.5423273823748e-128
"DHPS",4.11554991373829e-133,-0.27736265658352,0.399,0.074,1.57312779902732e-128
"ECHDC1",4.34736309335483e-133,-0.196988106814709,0.411,0.079,1.66173606880395e-128
"XPA",4.37539310938663e-133,0.186480087981848,0.317,0.038,1.67245026213195e-128
"TMEM214",4.56628500995373e-133,0.13325482458656,0.342,0.049,1.74541678220472e-128
"ZFYVE21",4.61071448015412e-133,-0.304791043529447,0.309,0.034,1.76239950289411e-128
"ATP6V0B",4.69808318741866e-133,0.323770309341458,0.636,0.204,1.79579531755891e-128
"RPE",4.83870958669626e-133,0.0273073904587284,0.305,0.033,1.84954835241878e-128
"CLCN7",4.84515140335912e-133,0.736253126438213,0.294,0.029,1.85201067241999e-128
"TCEAL4",5.28612838816427e-133,-0.0296253275133975,0.363,0.058,2.02056971509191e-128
"AK2",5.89931296704285e-133,-0.344971812131734,0.502,0.123,2.25495338852246e-128
"ACTN4",6.03048676458047e-133,0.364871764930722,0.803,0.308,2.30509326089324e-128
"SMDT1",6.54855387052113e-133,-0.150829768749332,0.518,0.131,2.503119231468e-128
"KDM3B",6.67271159079535e-133,0.639041962272714,0.283,0.025,2.55057727846562e-128
"C15orf61",6.70085280591635e-133,-0.181881115044113,0.353,0.053,2.56133397653346e-128
"STK19",7.02051412341904e-133,1.31926913769454,0.258,0.015,2.68352131853569e-128
"ABL1",7.17298128997978e-133,0.815472490941095,0.289,0.027,2.74180036828187e-128
"ELMO3",8.93573828162261e-133,-0.190694825137811,0.346,0.051,3.41559660076742e-128
"RAD23A",9.05961914627955e-133,-0.0156494381534188,0.601,0.171,3.4629488224739e-128
"TSFM",9.17413416692518e-133,-0.0913416327654561,0.367,0.059,3.50672104396548e-128
"RHOU",9.27235512116822e-133,1.5481080429991,0.25,0.012,3.54426502151534e-128
"PROSER1",9.65432992486703e-133,-0.0867903614440584,0.316,0.038,3.69027107048117e-128
"SRA1",9.7824042221303e-133,-0.330661162182997,0.398,0.073,3.73922618986708e-128
"STAP2",1.02056760830529e-132,-0.309362708474495,0.436,0.091,3.90101762598613e-128
"PTGR1",1.0322611975046e-132,0.420658999713769,0.294,0.029,3.94571520134157e-128
"RRN3",1.12805431657317e-132,0.429682283335072,0.288,0.027,4.31187481966929e-128
"EREG",1.13561077386284e-132,1.89208939902688,0.421,0.103,4.34075862201331e-128
"MRFAP1L1",1.14257045557171e-132,0.488421174415786,0.299,0.031,4.36736130937729e-128
"C19orf24",1.23364430791075e-132,0.0715178312468769,0.402,0.075,4.71548200255803e-128
"TUBGCP2",1.25656389760158e-132,-0.0704819673376333,0.383,0.068,4.8030898421923e-128
"CSDE1",1.27420391286858e-132,0.135146261892169,0.626,0.188,4.87051703654886e-128
"FAM3A",1.31360684170541e-132,0.108658184287037,0.335,0.046,5.02113079173474e-128
"WNK2",1.31815215538834e-132,0.245097338811494,0.327,0.043,5.03850479875641e-128
"QRICH1",1.32553753149442e-132,0.844095222118196,0.262,0.016,5.06673466038428e-128
"TMEM127",1.45345943559623e-132,1.1033955580706,0.272,0.021,5.55570334662304e-128
"TRAK1",1.46792788166582e-132,0.51376822282635,0.299,0.032,5.61100753487944e-128
"AP1M2",1.53985667077977e-132,-0.357745048249308,0.435,0.091,5.8859481383886e-128
"FGD6",1.56383066787029e-132,1.59260356837702,0.275,0.022,5.97758634486741e-128
"SPIDR",1.63653063540302e-132,0.48131742885663,0.282,0.024,6.25547470076449e-128
"SMYD3",1.64188852324516e-132,0.494785157553524,0.28,0.023,6.27595469125229e-128
"UVRAG",1.64371170097729e-132,0.401835514858726,0.283,0.025,6.28292360581561e-128
"COP1",1.68720710230812e-132,0.259352886452153,0.308,0.035,6.44918042786257e-128
"SPAG16",1.74299287277439e-132,0.6077789612808,0.279,0.023,6.66241595689282e-128
"CUL2",1.79237364732917e-132,0.484717119736866,0.272,0.02,6.85116902955102e-128
"EPS8L1",1.80497782862466e-132,0.880427872043116,0.37,0.065,6.89934725213489e-128
"IFT88",1.86685009513305e-132,0.456150000916943,0.307,0.035,7.13584780363657e-128
"PLRG1",1.93458609369883e-132,0.045573156843481,0.321,0.04,7.39476188455442e-128
"KIAA0930",2.07726488726496e-132,0.513192865187783,0.279,0.023,7.94013730508159e-128
"MLLT10",2.13938054739912e-132,0.613973086490097,0.288,0.027,8.17756820437839e-128
"KCTD3",2.22348048838888e-132,0.671784027677488,0.289,0.027,8.49903181881765e-128
"HTATIP2",2.46262065012542e-132,-0.170413224164937,0.463,0.104,9.41312117303941e-128
"ACOT13",2.54116388692195e-132,-0.288473607825768,0.421,0.084,9.71334484137044e-128
"TMCC1",2.56702353704105e-132,0.92558754419759,0.275,0.021,9.81219076798569e-128
"UNC50",2.56742440518751e-132,0.194822891231446,0.296,0.03,9.81372304638873e-128
"PDCD2",2.56806312450548e-132,-0.180895490179285,0.421,0.084,9.81616448710975e-128
"CNOT9",2.66122986199841e-132,0.105027226303406,0.311,0.036,1.01722850245027e-127
"TIMM9",2.74960887351341e-132,-0.316850539558401,0.348,0.051,1.05101049581176e-127
"GDI2",2.75866225147153e-132,-0.140356729438683,0.521,0.133,1.05447105900248e-127
"TMEM120A",2.7755067698836e-132,0.229616464853626,0.291,0.028,1.06090970772031e-127
"ZDHHC4",2.93466797188132e-132,-0.105496154460938,0.321,0.04,1.12174748557191e-127
"GPANK1",3.10569612639958e-132,0.311824019262402,0.291,0.028,1.18712128735498e-127
"PARVA",3.1981686000158e-132,0.181365565216017,0.318,0.039,1.22246796567004e-127
"AGPS",3.24259161834837e-132,-0.224325927764464,0.331,0.044,1.23944822019748e-127
"KRT80",3.30027747657604e-132,1.19874870995078,0.27,0.02,1.26149806264642e-127
"AK6",3.39775764053968e-132,-0.124807994681499,0.339,0.048,1.29875888051989e-127
"SNX3",3.42244077560841e-132,-0.182744984434972,0.579,0.16,1.30819376206856e-127
"ZBTB8OS",3.45619346889879e-132,-0.375076553985901,0.462,0.103,1.32109539155187e-127
"CES2",3.65294225524336e-132,0.487895879736208,0.365,0.061,1.39630064764422e-127
"GIT1",3.66596060173697e-132,0.057275841933691,0.303,0.033,1.40127678040794e-127
"FAAP20",3.88482724205563e-132,-0.0162424351074996,0.502,0.123,1.48493636500334e-127
"GNPAT",3.91387419376636e-132,0.805476963710351,0.285,0.026,1.49603927182526e-127
"MRPL48",3.95480643239228e-132,-0.224349163712857,0.375,0.063,1.51168521071762e-127
"LETMD1",3.97826532749827e-132,-0.0235045214932987,0.327,0.043,1.52065213878294e-127
"OAF",4.51825476484105e-132,0.493138244097326,0.291,0.028,1.72705770131284e-127
"CDK6",4.61972182968118e-132,0.182128520523554,0.335,0.046,1.76584247217733e-127
"POLR2G",4.7618577159336e-132,-0.114795005657752,0.397,0.073,1.82017249333846e-127
"KDELR1",4.97434217107708e-132,0.219685868817653,0.604,0.184,1.9013925514725e-127
"SPAG7",5.37259541734657e-132,-0.257854514720675,0.377,0.064,2.05362087232655e-127
"ABCE1",5.73542485218633e-132,-0.225621254712803,0.423,0.085,2.1923087954997e-127
"LGALS8",5.87708885209654e-132,0.783556773834051,0.281,0.024,2.24645844282538e-127
"RNF168",5.9028924806544e-132,0.658348774333628,0.292,0.029,2.25632162180534e-127
"C2CD4B",6.12636050931999e-132,1.29521349227466,0.307,0.036,2.34174004108247e-127
"PPAT",6.35944184050935e-132,0.379820403415046,0.282,0.024,2.43083304911629e-127
"TRAF7",8.07032872764383e-132,-0.224261316454069,0.379,0.066,3.08480245285458e-127
"BCOR",8.15941611143805e-132,0.537708219518966,0.269,0.019,3.11885521443608e-127
"MGME1",8.223120131942e-132,0.403729097816308,0.31,0.036,3.14320543923351e-127
"MORN2",8.38167491411175e-132,-0.114349437299372,0.317,0.039,3.20381141917007e-127
"PIK3R1",8.86268088022239e-132,0.481239230384896,0.335,0.048,3.38767113965621e-127
"MRPS31",9.03454579619477e-132,-0.219469448079253,0.361,0.058,3.45336478513749e-127
"ZNF428",9.05841577193769e-132,-0.0871603067938727,0.367,0.06,3.46248884466546e-127
"RBBP5",9.06085582044047e-132,0.448045242222225,0.281,0.024,3.46342152880516e-127
"GPD2",9.17421112485801e-132,0.516372200239366,0.277,0.023,3.50675046036573e-127
"DOCK6",9.94934615393047e-132,0.539463163295264,0.298,0.031,3.80303807387838e-127
"UCHL3",1.01175279028414e-131,-0.0775049475291938,0.46,0.103,3.86732386558208e-127
"OPA3",1.06098431055827e-131,1.1920625074741,0.263,0.017,4.05550642867792e-127
"AXIN1",1.07235213570342e-131,0.0755290159696851,0.313,0.038,4.09895880351275e-127
"FXYD5",1.11668823322594e-131,-0.108895400068633,0.556,0.153,4.26842910268285e-127
"BSG",1.14226765180764e-131,0.354398835060421,0.711,0.248,4.3662038722695e-127
"C6orf222",1.16901708283342e-131,1.5382732077052,0.259,0.016,4.46845089742245e-127
"RPS6KA5",1.18244972058839e-131,1.23187801982773,0.269,0.02,4.51979581197707e-127
"ACER3",1.18273194408776e-131,0.455220177418255,0.279,0.024,4.52087458308106e-127
"SPG11",1.18885438239411e-131,0.578928795819394,0.317,0.04,4.54427699126323e-127
"PAXX",1.20587307466554e-131,-0.111644922027026,0.501,0.123,4.60932924060154e-127
"PRSS22",1.21671226361025e-131,0.633799792704282,0.338,0.049,4.6507609564238e-127
"PLEKHA6",1.23038155393212e-131,0.683966763668364,0.278,0.023,4.70301045175013e-127
"LTA4H",1.33354830959203e-131,-0.0701364360992929,0.352,0.054,5.09735505858456e-127
"C12orf10",1.36252390107424e-131,-0.32552026809243,0.416,0.082,5.20811135946616e-127
"RAB4A",1.37418587013048e-131,-0.325655325208349,0.436,0.091,5.25268806998673e-127
"API5",1.40598723363144e-131,0.0945779509032088,0.343,0.05,5.37424560183281e-127
"NR1H2",1.40752440519903e-131,0.0529578210742596,0.365,0.06,5.38012128643277e-127
"WASHC1",1.70405275095872e-131,0.156104497943441,0.361,0.059,6.51357123526462e-127
"BRAT1",1.77310336414943e-131,0.154849083002641,0.302,0.033,6.77751029912479e-127
"KRI1",1.78094901345136e-131,0.7793065648109,0.278,0.023,6.80749950901647e-127
"UBA5",1.79016755707018e-131,0.0922810113364574,0.304,0.034,6.84273647014506e-127
"ASNA1",1.92644004972456e-131,-0.12387312753854,0.348,0.052,7.36362444606715e-127
"FAM207A",1.96501064200966e-131,-0.293483305675991,0.403,0.077,7.51105667801773e-127
"PAM",1.97953729364587e-131,0.875132333713522,0.261,0.017,7.56658335123196e-127
"CBLB",1.9844990500096e-131,1.27624736001856,0.296,0.032,7.58554916875669e-127
"MRPS16",2.01190710563341e-131,-0.0575338679150671,0.48,0.114,7.69031372057314e-127
"PHC3",2.08879717527753e-131,0.814141710127064,0.285,0.026,7.98421832278082e-127
"PNPLA6",2.12237247524356e-131,1.29684338205565,0.259,0.016,8.11255654937098e-127
"UCK2",2.12951502115222e-131,0.155676271267034,0.298,0.031,8.13985821685225e-127
"STAMBP",2.3290853926888e-131,-0.149652603331051,0.339,0.049,8.90269600501367e-127
"SGK3",2.39451797341201e-131,0.0358035664468934,0.291,0.028,9.15280550157006e-127
"PRDM4",2.47153341702413e-131,0.818219806603659,0.277,0.023,9.44718933323303e-127
"GALM",2.65019845536452e-131,0.281627734853172,0.339,0.049,1.01301185757853e-126
"AIFM1",2.9193055632913e-131,-0.235166096290634,0.365,0.06,1.11587535851247e-126
"DPM3",3.00166508860156e-131,-0.122807219496049,0.431,0.091,1.14735646346706e-126
"MRPS18A",3.02629719678027e-131,-0.31884814489636,0.408,0.079,1.15677184049729e-126
"EIF2B2",3.02918350090902e-131,0.325862825795524,0.283,0.025,1.15787510138746e-126
"SMG5",3.06188415559796e-131,0.567206631611249,0.305,0.034,1.17037459963576e-126
"SLC2A8",3.12383488149599e-131,1.20023733844934,0.267,0.019,1.19405464510303e-126
"GIGYF1",3.13161976097291e-131,0.711971620260833,0.31,0.037,1.19703033743429e-126
"RRAS",3.24251738603718e-131,0.187243730246608,0.436,0.095,1.23941984563885e-126
"NARS",3.28902296607564e-131,-0.0963416781743551,0.452,0.101,1.25719613855275e-126
"CCDC82",3.41799660199286e-131,0.594496291649508,0.307,0.036,1.30649502114575e-126
"ZCCHC10",3.48260810589623e-131,0.13221879889538,0.333,0.046,1.33119212239777e-126
"UBE4B",3.53503560538892e-131,0.324669311498027,0.291,0.029,1.35123200980386e-126
"TTC1",3.55528897994175e-131,-0.341609672649678,0.411,0.08,1.35897365969293e-126
"ZNF480",3.74940680966727e-131,0.0402298972656219,0.305,0.034,1.43317325892722e-126
"DIS3L2",3.79304264955199e-131,0.389687887815138,0.279,0.024,1.44985262236475e-126
"TMPO",3.8965304018992e-131,-0.0159015460845224,0.461,0.105,1.48940978082195e-126
"MEF2A",4.14623388760235e-131,1.14195987074375,0.301,0.034,1.58485644119712e-126
"SIK3",4.17128113702463e-131,1.27151427267203,0.263,0.018,1.59443050181629e-126
"PET117",4.23520826168589e-131,0.310901098345346,0.294,0.03,1.61886600594681e-126
"ASAP2",4.2412468034459e-131,0.639920125992706,0.296,0.031,1.62117417814916e-126
"VAV3",4.32896801246936e-131,0.0455258930903066,0.351,0.054,1.65470473308629e-126
"NDUFAF5",4.41119129184339e-131,0.399908183234803,0.285,0.026,1.68613375939422e-126
"ADCK5",4.4819230221609e-131,0.483000564940279,0.31,0.037,1.71317025599078e-126
"FBXO28",5.15767956510379e-131,0.306348005346437,0.289,0.028,1.97147143696527e-126
"MAD2L2",5.32025875629451e-131,0.212414547249572,0.315,0.038,2.03361570700601e-126
"MRPS14",5.52414506422956e-131,-0.177004176266799,0.334,0.046,2.11154920935111e-126
"AAMDC",6.18049040070788e-131,-0.0779602693571235,0.349,0.053,2.36243065076658e-126
"HUS1",6.64119708343301e-131,0.0695693978564718,0.315,0.038,2.53853117317144e-126
"PARP1",6.65506340618913e-131,-0.0260787138631906,0.485,0.117,2.54383143638173e-126
"MFN1",6.72843326142841e-131,0.213679119686693,0.288,0.027,2.5718763298484e-126
"PLGRKT",6.90224304135167e-131,-0.238175101476664,0.371,0.063,2.63831338012626e-126
"AMMECR1L",7.44866500788167e-131,0.594029790535019,0.255,0.015,2.84717771261269e-126
"TAF3",7.8813266735679e-131,0.83203151336498,0.265,0.019,3.01255830770459e-126
"TNFAIP3",8.06105991640562e-131,0.899749826603177,0.431,0.097,3.08125954244688e-126
"NECTIN4",8.21853580397706e-131,1.27780889945201,0.256,0.015,3.14145312571219e-126
"NDUFV3",8.35748317440666e-131,-0.150414361253628,0.485,0.117,3.1945643685852e-126
"PGD",8.49465632519056e-131,-0.175244280951957,0.354,0.055,3.24699743374084e-126
"BCL2L15",8.78575739001919e-131,0.32003690756429,0.305,0.035,3.35826790476093e-126
"SENP2",9.06555426766349e-131,0.58702618876233,0.266,0.019,3.46521746327169e-126
"TRIM47",9.09947487808478e-131,-0.105311990972951,0.329,0.044,3.47818327739913e-126
"GPN2",9.48283391722567e-131,0.480434172201599,0.273,0.022,3.62471843652034e-126
"SSBP4",9.66461291583081e-131,-0.200705057555905,0.375,0.065,3.69420164094717e-126
"MRPL16",1.07845450085966e-130,-0.254467519883912,0.43,0.09,4.12228448408596e-126
"TMEM53",1.07936624393929e-130,0.754747692219744,0.271,0.021,4.12576953083355e-126
"SNRNP40",1.12415743439129e-130,-0.155068549561446,0.342,0.05,4.29697937721727e-126
"COG5",1.14437543603374e-130,0.499260848726268,0.3,0.033,4.37426066669536e-126
"IDH3B",1.15478035009361e-130,-0.148907428987666,0.407,0.079,4.41403241019781e-126
"EIF2B1",1.22185312203256e-130,-0.217320168733583,0.309,0.036,4.67041137365727e-126
"MLF2",1.24708561134462e-130,-0.178558602366139,0.541,0.143,4.76686004080368e-126
"H2AFJ",1.26934074276835e-130,0.254292000903697,0.675,0.221,4.85192805515772e-126
"MAML2",1.27888508343283e-130,0.90223936971908,0.315,0.04,4.88841034291365e-126
"ARHGAP26",1.28699245154893e-130,0.706521272733289,0.33,0.046,4.91939994680064e-126
"AGL",1.3303253323816e-130,0.0370677682381695,0.281,0.025,5.08503555049541e-126
"NBDY",1.34199279339415e-130,-0.194757554387308,0.384,0.069,5.12963325346981e-126
"PLEK2",1.34353336539826e-130,-0.3324109513563,0.344,0.051,5.13552193589832e-126
"CKAP5",1.34867632539181e-130,-0.034087032373517,0.339,0.049,5.15518038617764e-126
"CEP170B",1.43648578561758e-130,0.800427753373181,0.29,0.029,5.49082326694464e-126
"ARL3",1.45034252423197e-130,-0.112903659508081,0.306,0.035,5.5437892646243e-126
"DDX55",1.45398163276417e-130,0.422320492619717,0.303,0.034,5.55769939307778e-126
"GTF3C1",1.47648087315696e-130,0.628004424518496,0.285,0.027,5.64370048955515e-126
"DAPK2",1.49408198868313e-130,1.08762803513043,0.256,0.015,5.71097899354238e-126
"C6orf47",1.53580034522227e-130,0.583356208330101,0.274,0.022,5.87044323957761e-126
"EMC1",1.56528968095283e-130,0.944407147523092,0.26,0.017,5.9831632764741e-126
"HAT1",1.6156027778868e-130,-0.156138345819094,0.354,0.056,6.17548005819451e-126
"TCOF1",1.78162710365668e-130,0.0672786850242271,0.358,0.058,6.8100914410173e-126
"CCT4",1.80157274295196e-130,-0.144966688873152,0.534,0.141,6.88633165265957e-126
"AIMP2",1.89668878904679e-130,-0.265735142710665,0.34,0.049,7.24990322725247e-126
"PKNOX1",1.91181577611569e-130,0.446490515808467,0.281,0.025,7.3077246226246e-126
"PSIP1",1.92819838282215e-130,-0.120617249737901,0.387,0.07,7.3703454984994e-126
"THOP1",2.03238084611321e-130,-0.0354990764609335,0.347,0.053,7.76857254618313e-126
"MTA3",2.11651564679219e-130,0.286512505553066,0.297,0.032,8.09016940829846e-126
"RPP25L",2.16391149956079e-130,0.0912319636878207,0.329,0.045,8.27133531592117e-126
"PFKFB2",2.17207564439941e-130,1.3065969298817,0.273,0.022,8.30254194315232e-126
"SDHC",2.17599438871117e-130,-0.191443643596653,0.485,0.117,8.31752095140956e-126
"MBD5",2.20418309375025e-130,1.02310417937806,0.256,0.015,8.42526945755097e-126
"MYO19",2.20654366988917e-130,0.554144671348157,0.292,0.03,8.43429252378435e-126
"UVSSA",2.54491823335342e-130,1.01357800497379,0.271,0.021,9.72769545517013e-126
"CMTR2",2.57834754781315e-130,0.863678212539909,0.275,0.023,9.855475666761e-126
"USP39",2.58149309863974e-130,0.372359962393801,0.279,0.024,9.86749922024054e-126
"RAPGEF1",2.64832047397351e-130,0.192778999096116,0.308,0.036,1.01229401797163e-125
"GNPNAT1",2.7043288176213e-130,-0.0818526472727255,0.358,0.058,1.03370264724757e-125
"CAT",2.77580562357486e-130,0.411202527345169,0.29,0.029,1.06102394155525e-125
"PRKCZ",2.7863369804851e-130,0.562100547233994,0.27,0.021,1.06504944742062e-125
"PPP2R3C",2.98330464539167e-130,0.41945829143281,0.3,0.033,1.14033836765451e-125
"USP24",3.03966714259707e-130,0.600730805294064,0.279,0.025,1.1618823685863e-125
"FMO5",3.45758117057971e-130,0.423361038546214,0.276,0.023,1.32162582664239e-125
"PCGF2",3.71812836231565e-130,0.523650821015014,0.266,0.019,1.42121738521153e-125
"RASSF3",3.77457195571223e-130,-0.368149665983601,0.369,0.062,1.44279238435144e-125
"ENTPD5",3.79385060356676e-130,1.35971927385965,0.258,0.016,1.45016145470736e-125
"CIZ1",3.85389441024202e-130,-0.260367209214097,0.333,0.046,1.47311259937091e-125
"SLC40A1",4.04555283993037e-130,0.579680298542229,0.558,0.161,1.54637211753499e-125
"ESCO1",4.48656938572944e-130,0.572425071633872,0.281,0.025,1.71494628200122e-125
"CDK5RAP1",4.77823819375549e-130,0.179333666377746,0.283,0.026,1.8264337671811e-125
"NOX1",4.83287760619984e-130,0.726739881415553,0.311,0.038,1.84731913619383e-125
"MRPL58",4.94023292224637e-130,-0.139264421024409,0.365,0.061,1.88835463219945e-125
"SMIM37",4.95687066858407e-130,0.0167893703841184,0.364,0.06,1.89471424435958e-125
"TXNL4A",5.21614196736373e-130,-0.200162242416935,0.484,0.116,1.99381810560511e-125
"ZC2HC1A",5.2922332612088e-130,0.640904835199915,0.255,0.015,2.02290324176445e-125
"MTUS1",5.47777575742845e-130,0.88465533995549,0.273,0.023,2.09382500551945e-125
"EXOC5",5.48108626320803e-130,-0.0351663104744935,0.297,0.032,2.09509041324864e-125
"ANAPC13",5.80282914819031e-130,-0.110191246450686,0.366,0.061,2.21807341360426e-125
"POLR1E",7.04974719114156e-130,0.308721208932357,0.276,0.023,2.69469536634195e-125
"KIAA1147",7.11968124645093e-130,0.642060952483364,0.256,0.015,2.7214269596434e-125
"THUMPD2",7.74262386525008e-130,0.246284094090629,0.285,0.027,2.95954054625319e-125
"TASP1",7.7704148297742e-130,0.63397672982311,0.271,0.021,2.97016336453289e-125
"ZNF462",8.21325244567889e-130,1.2911816658693,0.261,0.018,3.1394336148363e-125
"BZW2",8.24154154579734e-130,0.181840119850416,0.488,0.123,3.15024684046557e-125
"SERPINB6",8.90309935267912e-130,0.0936272914919545,0.606,0.182,3.40312069656807e-125
"ACBD6",9.04543164980593e-130,-0.286940409907464,0.381,0.068,3.45752579382182e-125
"FBH1",9.37562197286256e-130,0.27326965322963,0.292,0.03,3.58373774290698e-125
"HEATR1",9.98434312425522e-130,-0.100585490922726,0.295,0.031,3.81641531581532e-125
"IPO5",1.00763203572777e-129,-0.322067841180401,0.425,0.088,3.85157269336583e-125
"CEP250",1.04661037028659e-129,1.4459958651312,0.254,0.015,4.00056347938348e-125
"EXOSC8",1.06962620810266e-129,-0.329559537744454,0.38,0.068,4.0885392178516e-125
"AHDC1",1.07452073418483e-129,1.06819761237512,0.258,0.017,4.10724805434811e-125
"GGPS1",1.17515089583153e-129,-0.266736643323785,0.291,0.03,4.49189678422642e-125
"CDV3",1.18742175336725e-129,0.155105588709831,0.692,0.229,4.53880091007098e-125
"NCK1",1.21528594243687e-129,0.297131833566318,0.32,0.042,4.6453089863707e-125
"ABHD13",1.21554737557576e-129,0.909963095901664,0.254,0.015,4.64630828840078e-125
"TATDN1",1.23012891412753e-129,-0.0262091976028827,0.494,0.122,4.70204476136107e-125
"KAT7",1.24686312093224e-129,0.456116875982099,0.284,0.027,4.76600959345137e-125
"LAMB1",1.3082117448289e-129,0.773157452092619,0.289,0.029,5.00050857343397e-125
"MRPS22",1.34371389582225e-129,-0.154789000915636,0.355,0.057,5.13621199539095e-125
"CACYBP",1.50901513965291e-129,0.200654277393891,0.609,0.184,5.7680594698093e-125
"ATL2",1.51544793356364e-129,0.59082461712232,0.285,0.027,5.79264818125365e-125
"UTP25",1.52860343620041e-129,-0.0732845116229619,0.305,0.035,5.84293377453246e-125
"COA5",1.55471474797187e-129,0.0264136404033146,0.332,0.047,5.94274165264769e-125
"EP400",1.60033735882635e-129,0.583145109729225,0.277,0.024,6.11712952037783e-125
"IER3IP1",1.6146419449712e-129,-0.266386685736334,0.334,0.047,6.17180737045791e-125
"HARS",1.68646625786469e-129,0.148665938635097,0.327,0.045,6.446348624062e-125
"PARP10",1.71659759755174e-129,0.641677156590719,0.283,0.027,6.56152265688175e-125
"SMC4",1.78440996306726e-129,0.44820477714508,0.382,0.071,6.82072864282829e-125
"MRPL21",1.80238196510562e-129,-0.164324436941787,0.467,0.109,6.88942482341971e-125
"USF3",1.8217674700072e-129,0.654924815244823,0.273,0.022,6.96352397735551e-125
"MED14",1.83454882130105e-129,0.685296500714855,0.285,0.027,7.01237941454113e-125
"HIBADH",1.86609582681728e-129,0.0334759334345072,0.289,0.029,7.13296468842639e-125
"SLC30A5",1.90611958372408e-129,0.0317319910292215,0.287,0.028,7.28595149682691e-125
"DBF4",2.04146213366636e-129,0.170264520330934,0.333,0.047,7.80328485972629e-125
"CUEDC2",2.18537128149204e-129,0.0326108901416391,0.32,0.042,8.35336318637518e-125
"STARD3",2.27049157795982e-129,0.703234224717492,0.267,0.02,8.67872700759363e-125
"ZFPM1",2.31649257730249e-129,0.363425247377301,0.304,0.035,8.85456122748102e-125
"SULT1C4",2.32425310365813e-129,1.12203686922413,0.29,0.03,8.88422506342283e-125
"AFAP1",2.51156373828499e-129,0.71048848408965,0.264,0.019,9.60020123322056e-125
"XRN2",2.56440284862334e-129,0.132005343659219,0.563,0.16,9.80217344857787e-125
"INO80",2.6959148481844e-129,0.328117085606644,0.296,0.032,1.03048649157e-124
"MPC1",2.9309567855383e-129,0.0562186403599514,0.36,0.059,1.12032892170416e-124
"NNT",3.06659625189291e-129,0.295586374944825,0.268,0.021,1.17217575132355e-124
"GOT1",3.07673058690651e-129,-0.170472141778359,0.339,0.05,1.17604949953914e-124
"HSD17B4",3.14792011638335e-129,-0.233821674039069,0.352,0.055,1.20326098528637e-124
"HNRNPAB",3.1901783390817e-129,0.235445755514019,0.707,0.242,1.21941376833059e-124
"GLRX2",3.28648584437622e-129,-0.224265162362333,0.335,0.049,1.25622634915437e-124
"COMTD1",3.32124651767102e-129,-0.259593176889732,0.496,0.123,1.26951326891457e-124
"PHKG2",3.4691677983192e-129,0.606276529190456,0.281,0.026,1.32605469922953e-124
"RUFY3",3.79246206716795e-129,0.448402694652915,0.284,0.027,1.44963070055428e-124
"NUP107",3.83864629512132e-129,0.501252915935506,0.285,0.027,1.46728415984717e-124
"NUDT14",3.8848370368675e-129,-0.178319982732406,0.41,0.082,1.48494010897223e-124
"WDR34",3.99904278924446e-129,-0.203626797670024,0.402,0.079,1.5285941157608e-124
"USP4",4.23663830913414e-129,0.435617481134819,0.279,0.025,1.61941262728343e-124
"SORD",4.32202391422848e-129,-0.189836993206255,0.462,0.106,1.65205042097469e-124
"RANBP9",4.60906034812352e-129,0.484076272795592,0.281,0.026,1.76176722746674e-124
"STX18",4.66534766750325e-129,-0.421518628587672,0.323,0.043,1.78328249242644e-124
"MAPK13",4.68102325160552e-129,0.0438084144577613,0.476,0.114,1.7892743276937e-124
"RBM10",4.79485877774359e-129,0.23231322341959,0.314,0.04,1.83278681920471e-124
"LONP1",4.97906665144402e-129,-0.141627385536649,0.369,0.063,1.90319843684796e-124
"SURF2",5.00833520563791e-129,-0.2268716971532,0.384,0.07,1.91438604900303e-124
"SLC10A3",5.23470679300484e-129,0.667690525783827,0.27,0.021,2.00091432455817e-124
"TGFBRAP1",5.31215796204408e-129,0.378383087374724,0.275,0.023,2.03051925941173e-124
"SIN3A",5.3355307375184e-129,0.740322592104542,0.275,0.024,2.03945326910903e-124
"UBIAD1",5.70377676933331e-129,0.613403858435035,0.254,0.015,2.18021163230996e-124
"IYD",5.89688887845518e-129,1.01720347028509,0.25,0.014,2.25402680490071e-124
"SMIM3",6.07699429830975e-129,0.62407591386145,0.284,0.027,2.32287030058592e-124
"BTN2A1",6.75284372507515e-129,1.00099497648195,0.264,0.019,2.58120698547272e-124
"BCR",6.82048044038275e-129,0.0980606443026439,0.291,0.03,2.6070604435319e-124
"SHKBP1",7.42551654831143e-129,-0.160426415011699,0.328,0.046,2.83832944542656e-124
"SHMT2",7.49015337354159e-129,-0.145805648390741,0.388,0.072,2.86303622550254e-124
"PSMG2",7.90128993293461e-129,-0.277396241596668,0.42,0.086,3.02018906396493e-124
"TMA16",7.95350533954627e-129,-0.19042339760107,0.38,0.068,3.04014788098817e-124
"GCLM",8.3620503972213e-129,0.578973400650011,0.272,0.022,3.19631014383387e-124
"SFXN4",8.57172783353556e-129,0.0325828370335528,0.328,0.046,3.27645724709063e-124
"ZNF598",8.80731498420445e-129,0.0417348481037956,0.329,0.046,3.36650807956231e-124
"TRIP6",9.26122720711387e-129,-0.315658461807401,0.408,0.081,3.5400114876472e-124
"TTL",9.3424367587934e-129,0.468408192658059,0.272,0.022,3.57105302668119e-124
"CAPNS1",9.39961742411437e-129,-0.0848967639095822,0.571,0.164,3.59290976419348e-124
"IMP4",9.79494207787049e-129,-0.100435110389533,0.468,0.11,3.74401865984522e-124
"UBQLN4",1.01811272267495e-128,0.0776938000818945,0.292,0.03,3.89163407115273e-124
"MINDY2",1.02313843647563e-128,1.87233776713264,0.253,0.015,3.91084435958444e-124
"CTU1",1.0364240108653e-128,-0.27170350223652,0.352,0.056,3.96162713913151e-124
"NUTF2",1.05853580711802e-128,-0.360203007457498,0.458,0.104,4.04614726912791e-124
"BLZF1",1.05913679792533e-128,0.344959631638669,0.279,0.025,4.0484444963898e-124
"CAPN15",1.08817256261324e-128,0.19647913490178,0.308,0.038,4.15943080333283e-124
"RBPMS",1.08985778150679e-128,0.176004160064373,0.277,0.024,4.16587238403154e-124
"TM7SF3",1.13112894582953e-128,0.676309770343464,0.271,0.022,4.32362728253878e-124
"RUFY1",1.19517406763503e-128,-0.0685000865737462,0.298,0.033,4.56843335612814e-124
"SMUG1",1.20278904979352e-128,-0.0372248891519682,0.304,0.035,4.59754086393075e-124
"SMIM31",1.20401551339724e-128,-0.0847799946306251,0.364,0.062,4.60222889840963e-124
"ABCB7",1.23648823808605e-128,0.538485476333047,0.276,0.024,4.7263526412601e-124
"AIDA",1.24214645087712e-128,-0.381988427865933,0.383,0.07,4.74798059383271e-124
"CSKMT",1.29760412385595e-128,0.878506558648055,0.416,0.091,4.95996200302697e-124
"HTT",1.32361476379494e-128,0.380588322501477,0.309,0.038,5.05938507312978e-124
"UMPS",1.33385311977476e-128,-0.309636205435992,0.327,0.045,5.09852016502703e-124
"TM2D2",1.34399533904922e-128,0.890511576364175,0.252,0.015,5.13728778398174e-124
"GTF2H5",1.40273980400435e-128,-0.0547539258213052,0.44,0.097,5.36183262682622e-124
"C11orf24",1.43803504126068e-128,0.166986703954319,0.279,0.025,5.49674514171481e-124
"SDCCAG8",1.46443523496823e-128,0.50179217206611,0.29,0.03,5.59765724214255e-124
"QPRT",1.51383154931379e-128,0.44557731217895,0.394,0.076,5.78646971409704e-124
"UQCRC2",1.57018244586485e-128,-0.0844964495927973,0.54,0.146,6.00186538107379e-124
"YKT6",1.66127510618403e-128,-0.0862503548309932,0.39,0.074,6.35005796587784e-124
"RARS2",1.84266446724516e-128,-0.0673548608533143,0.307,0.037,7.04340065959788e-124
"ELL2",1.90688464043515e-128,1.16796476759236,0.274,0.024,7.28887584959933e-124
"HIST3H2A",2.10562842296447e-128,0.646135900521987,0.291,0.031,8.04855408393939e-124
"PES1",2.14285831093963e-128,0.188714183810215,0.303,0.035,8.19086160773563e-124
"COPS3",2.14406542192066e-128,-0.0832286375392806,0.3,0.034,8.19547566874952e-124
"EXOSC1",2.4608977481893e-128,-0.271740049167403,0.318,0.042,9.40653555267877e-124
"AARS",2.64413373303543e-128,0.542041436922107,0.282,0.027,1.01069367811546e-123
"ZNF358",2.85532379477554e-128,0.125830870172059,0.298,0.033,1.091418967315e-123
"PCBP2",3.08057658785717e-128,0.307742660947458,0.733,0.263,1.17751959494252e-123
"CAMTA1",3.11442901963173e-128,-0.163624483834906,0.48,0.115,1.19045934846403e-123
"DHDDS",3.33201461626171e-128,1.04882843108162,0.3,0.035,1.27362926691987e-123
"MIB1",3.39762273153062e-128,1.23954417486808,0.258,0.017,1.29870731290026e-123
"GTF2A1",3.8037794573145e-128,0.467413133041588,0.275,0.024,1.4539566597639e-123
"SIPA1L2",4.04379163561e-128,0.601468607236835,0.289,0.03,1.54569891479557e-123
"SP110",4.1183430566991e-128,0.457923909046406,0.281,0.026,1.57419544999267e-123
"PBXIP1",4.32135676750612e-128,0.902462984334607,0.284,0.028,1.65179541081154e-123
"RTL8A",4.33967615491907e-128,0.395694793523448,0.301,0.035,1.65879781345626e-123
"FBXL12",4.45441895740709e-128,0.368139161774296,0.261,0.019,1.70265710227929e-123
"FRG1",4.87704800117054e-128,-0.218664400606861,0.396,0.076,1.86420282796743e-123
"PYROXD1",4.98884337551331e-128,0.507270778597547,0.29,0.03,1.90693549185621e-123
"MYD88",5.06268780687941e-128,0.630325651645401,0.26,0.018,1.93516178730159e-123
"FIBP",5.13133280727081e-128,-0.227864006263427,0.437,0.096,1.96140065225119e-123
"RAD1",5.16773360919154e-128,0.156853479318847,0.296,0.032,1.97531449477738e-123
"TMEM243",5.21771270542377e-128,0.151563882952259,0.306,0.037,1.99441850452118e-123
"DGUOK",5.38297682153375e-128,-0.317690471715648,0.489,0.12,2.05758906026306e-123
"POLR2E",6.01556027171637e-128,-0.224654634614951,0.515,0.133,2.29938775826086e-123
"UTP14A",6.13755927997925e-128,-0.0955137469352096,0.367,0.063,2.34602065917927e-123
"PDZK1IP1",6.40642291905723e-128,0.148502474904292,0.56,0.162,2.44879109658044e-123
"VAMP2",6.43765261871726e-128,0.368882526724883,0.34,0.053,2.46072833697849e-123
"RING1",6.99182807519572e-128,0.146563453945355,0.284,0.027,2.67255636346281e-123
"NTHL1",7.14450306890784e-128,0.0184889855178951,0.453,0.104,2.73091485305933e-123
"ATAD3A",7.18934466297237e-128,-0.139474387058821,0.323,0.044,2.74805510397456e-123
"RABIF",7.25158034608732e-128,-0.165761357196374,0.301,0.035,2.77184407148842e-123
"TRADD",7.54005505577675e-128,-0.246149880450938,0.313,0.04,2.88211064452011e-123
"CNOT7",7.77537386873789e-128,0.0794992285420326,0.291,0.031,2.97205890758637e-123
"PMVK",8.09084447219726e-128,-0.427502231577488,0.367,0.063,3.09264439105268e-123
"SNF8",8.09492670850026e-128,-0.133934823266401,0.497,0.126,3.09420478505714e-123
"BCL7C",8.1148817567723e-128,-0.323139236171962,0.427,0.09,3.10183240270864e-123
"EPM2AIP1",8.34088827370068e-128,0.600809245137303,0.267,0.021,3.18822113373935e-123
"ARHGDIB",8.46498744690443e-128,0.0361758305759754,0.511,0.134,3.23565680170475e-123
"MOV10",8.74514327281927e-128,0.997932674514606,0.261,0.019,3.34274356460244e-123
"ACAT1",9.2331603808083e-128,-0.149031710276234,0.338,0.051,3.52928322396017e-123
"TNNC2",9.32049327839086e-128,0.0403014745495003,0.371,0.065,3.56266535073212e-123
"NLRP2",9.43934699962899e-128,0.501521535875092,0.258,0.017,3.60809599713818e-123
"BAX",9.48064244837471e-128,-0.10001284974779,0.503,0.129,3.62388076946675e-123
"MAST2",1.00104989328228e-127,0.105932552864682,0.309,0.038,3.82641311208218e-123
"NUS1",1.01512543889745e-127,-0.0479164694020691,0.31,0.039,3.88021547764162e-123
"JMJD8",1.02160075907288e-127,-0.216277121085767,0.3,0.034,3.90496674148017e-123
"TMEM256",1.03377982645757e-127,-0.243776677598136,0.394,0.076,3.95152000865141e-123
"CORO1B",1.03871366950022e-127,-0.215588817379007,0.545,0.149,3.97037913029764e-123
"DUSP23",1.04592357760909e-127,-0.287644677221814,0.442,0.098,3.99793828305297e-123
"DCTN4",1.06512604412287e-127,0.282043780152875,0.292,0.032,4.07133779105527e-123
"SLC39A9",1.08376513438438e-127,0.479486432414468,0.254,0.016,4.14258384967084e-123
"MFAP1",1.10157945646867e-127,0.111044548372271,0.312,0.04,4.21067731440585e-123
"TMEM177",1.11957892108098e-127,0.572301570898746,0.273,0.023,4.27947846793994e-123
"PCIF1",1.13303431221359e-127,0.402092483280993,0.267,0.021,4.33091035500521e-123
"KIF5C",1.14592344040648e-127,1.59671550032498,0.259,0.018,4.38017775860973e-123
"SAMM50",1.14933444175399e-127,0.0255533780962658,0.331,0.048,4.39321597016044e-123
"IDH3G",1.19274117818619e-127,-0.362951122697001,0.481,0.116,4.55913387949889e-123
"OAS1",1.20529275375007e-127,0.195024916230629,0.354,0.059,4.60711102193428e-123
"METTL8",1.21133804078693e-127,0.529403073173471,0.294,0.032,4.63021852710396e-123
"MCM3AP",1.369517827915e-127,0.449757886673496,0.288,0.03,5.2348449454223e-123
"DCPS",1.43166448527184e-127,0.0148393318305833,0.324,0.044,5.47239432850308e-123
"NPRL3",1.52536227258775e-127,0.359843914174902,0.288,0.03,5.8305447507394e-123
"NEK7",1.53024213872401e-127,0.714072662982598,0.281,0.027,5.84919755105865e-123
"GOT2",1.57010332043994e-127,0.0491909387467049,0.364,0.063,6.00156293204962e-123
"ZDHHC13",1.58542640978781e-127,1.1684755089021,0.254,0.016,6.06013390877292e-123
"MRPL40",1.59500180167414e-127,-0.52350675727237,0.387,0.072,6.09673488671923e-123
"LIMK2",1.63491072661891e-127,0.415934058268082,0.284,0.028,6.24928276142812e-123
"CETN2",1.73695946165048e-127,-0.305966443336514,0.397,0.077,6.63935384621278e-123
"POLR2H",1.80864611694511e-127,-0.135282990438533,0.526,0.14,6.91336891741099e-123
"TXNDC11",1.8741596460604e-127,1.27349031613709,0.261,0.019,7.16378783110129e-123
"AP2M1",1.92549302528021e-127,-0.303810999836421,0.52,0.136,7.36000453983109e-123
"MRPL45",1.97627774053011e-127,-0.141875229744292,0.323,0.044,7.55412403540231e-123
"DNPEP",1.98687113518741e-127,-0.0547558293796193,0.516,0.135,7.59461622714037e-123
"A1CF",1.99766950271419e-127,0.489994776878204,0.277,0.025,7.6358919071747e-123
"MRM2",2.07909505945697e-127,0.0149995963004783,0.296,0.033,7.94713295526833e-123
"EIF2B4",2.22890530235533e-127,0.615983651483219,0.279,0.026,8.51976762772301e-123
"CSRNP2",2.43235415682361e-127,1.81996702582679,0.253,0.016,9.29743052904257e-123
"ZNF33B",2.44062498679297e-127,0.614584231192317,0.275,0.025,9.32904494951743e-123
"ARPC5L",2.44297228622706e-127,-0.0837262390545655,0.574,0.164,9.33801726687433e-123
"ZC3H4",2.56368321662176e-127,0.912486200240102,0.274,0.024,9.79942272721503e-123
"GNPTG",2.56688226432063e-127,0.64846245545534,0.275,0.025,9.81165076713917e-123
"TCTN3",2.74700994107902e-127,0.42789235761163,0.265,0.021,1.05001707987804e-122
"FUOM",2.82333068273209e-127,0.0299954540484084,0.335,0.05,1.07918992016752e-122
"MRPS35",2.83871445570869e-127,-0.31398911331211,0.487,0.119,1.08507021355009e-122
"ASRGL1",2.96424992263809e-127,0.199265109701143,0.351,0.057,1.13305489042918e-122
"SQOR",3.21566658665955e-127,-0.193502053321023,0.394,0.077,1.22915639608474e-122
"ENOPH1",3.26840912752422e-127,-0.402372206356887,0.34,0.052,1.24931670490486e-122
"PELO",3.36766831136102e-127,0.207183814651103,0.276,0.025,1.28725753533464e-122
"BCCIP",3.40170717632556e-127,-0.179516749941332,0.338,0.051,1.30026855107868e-122
"NUFIP1",3.42040521588035e-127,0.248454991728107,0.287,0.029,1.30741568971811e-122
"ATE1",3.42575576615177e-127,-0.0540563500010487,0.309,0.039,1.30946088405385e-122
"RCOR3",3.49296960615374e-127,0.591897232373858,0.282,0.027,1.33515270225621e-122
"PREB",3.50761600821109e-127,-0.0554241107066384,0.321,0.044,1.34075114297861e-122
"PIGS",3.56045676385256e-127,0.944577862209401,0.258,0.018,1.360948993415e-122
"SBNO2",3.74376665823818e-127,0.307534412950768,0.319,0.044,1.43101736744496e-122
"COMT",3.82764962766333e-127,-0.12077483431335,0.537,0.145,1.46308079367803e-122
"MRS2",4.03517080478695e-127,0.633090463736419,0.265,0.021,1.54240368842176e-122
"TSPAN1",4.04063990203415e-127,0.351657551468127,0.585,0.182,1.54449419615353e-122
"ATF5",4.11904543584409e-127,0.192126040342354,0.314,0.041,1.57446392739704e-122
"EXOSC4",4.13024333824102e-127,0.16195826963697,0.442,0.101,1.57874421360925e-122
"ABHD14B",4.28909835058778e-127,-0.324946727313521,0.381,0.07,1.63946495352867e-122
"TTLL12",4.56137030478496e-127,-0.012033400504023,0.311,0.04,1.743538185301e-122
"CLPB",4.69803345268354e-127,0.561050590385041,0.251,0.015,1.79577630695376e-122
"RBM18",4.99553532298936e-127,0.020990280760814,0.295,0.033,1.90949342185945e-122
"MAGEF1",5.01667870954271e-127,-0.160824070883223,0.319,0.043,1.9175752699356e-122
"NCOA1",5.16067183177708e-127,0.460093660697815,0.266,0.021,1.97261520097847e-122
"C22orf39",5.39304794294668e-127,0.100017980597317,0.325,0.046,2.06143864571194e-122
"ADI1",5.43680059932534e-127,-0.258211601101542,0.528,0.14,2.07816266108612e-122
"MALSU1",5.44439403117352e-127,-0.175087730514979,0.407,0.082,2.08106517447577e-122
"HYI",5.44553240338866e-127,-0.122859429033268,0.345,0.054,2.08150030587128e-122
"PTDSS2",5.74316284398093e-127,0.281289746135458,0.266,0.021,2.19526656548327e-122
"UBE2Q2",5.96945789151295e-127,0.329831177394271,0.302,0.036,2.28176558445191e-122
"PAPSS2",6.14014118047889e-127,0.0857126291954384,0.303,0.036,2.34700756482625e-122
"WDYHV1",6.38198131978279e-127,0.149318575999603,0.268,0.022,2.43944853967378e-122
"HCCS",6.45800423738761e-127,-0.210938162613248,0.308,0.038,2.46850753969904e-122
"CDK5RAP2",6.96650687967815e-127,0.489179662202494,0.311,0.04,2.66287758968817e-122
"TBC1D14",7.10346924292689e-127,-0.400830740928773,0.308,0.038,2.71523008341637e-122
"GPN1",7.61652539514848e-127,-0.121222162619828,0.298,0.034,2.91134066704156e-122
"RPL26L1",8.00121454885184e-127,-0.29363039457063,0.392,0.075,3.05838424915313e-122
"PRR15",8.35427409096912e-127,0.373008428682149,0.346,0.056,3.19333772853204e-122
"DGCR2",8.4895625251267e-127,0.809620300061404,0.256,0.017,3.24505037960443e-122
"CXorf38",9.05405768405846e-127,0.498979837934263,0.277,0.025,3.46082300915451e-122
"HDGF",9.0739631213626e-127,0.0502025974208763,0.631,0.196,3.46843166350964e-122
"NOC3L",9.25658695722733e-127,0.0528876359387973,0.317,0.042,3.53823779853058e-122
"P2RX4",9.26717661772043e-127,0.547815815417037,0.284,0.029,3.54228559035746e-122
"PUS1",9.67503102082314e-127,0.172789349368167,0.291,0.032,3.69818385739944e-122
"METTL27",9.76132148173973e-127,-0.0863055732016513,0.342,0.053,3.7311675231802e-122
"PDE9A",1.04981970711663e-126,0.539898449876308,0.258,0.018,4.0128308484826e-122
"MFSD2A",1.15178437181058e-126,0.970619890813439,0.265,0.021,4.40258058280876e-122
"MT1X",1.17344546707184e-126,0.268761453717785,0.391,0.076,4.48537795333542e-122
"STK16",1.18346189867592e-126,-0.267934734930626,0.314,0.041,4.52366476149884e-122
"C1orf123",1.19560174886309e-126,-0.0855501628115389,0.285,0.029,4.57006812485429e-122
"MRPS28",1.21950542503111e-126,-0.0346326505539403,0.306,0.038,4.6614375366389e-122
"PLAA",1.24532055054395e-126,0.0517353254204194,0.284,0.028,4.7601132723992e-122
"PPAN",1.27169529113072e-126,-0.122171712645542,0.335,0.05,4.86092808081807e-122
"EPC2",1.28729868578207e-126,0.788013424687547,0.265,0.021,4.92057049653338e-122
"ALYREF",1.3672001558365e-126,-0.226063257935517,0.44,0.098,5.22598587566945e-122
"ATPAF1",1.38205883316201e-126,-0.132683626527171,0.302,0.036,5.28278168387847e-122
"TET2",1.39956920203789e-126,0.863833168456932,0.276,0.026,5.34971331786962e-122
"SEMA4B",1.50098105348876e-126,0.51443517182584,0.275,0.025,5.73734997885542e-122
"KLC1",1.51645343815083e-126,0.347238597079141,0.315,0.042,5.79649162198772e-122
"MPG",1.54480973604921e-126,-0.431247741316771,0.46,0.107,5.90488073507451e-122
"ERI3",1.5737869425978e-126,-0.419913470332635,0.366,0.063,6.01564320938584e-122
"GFER",1.59494919353496e-126,-0.195159085720522,0.353,0.058,6.09653379736805e-122
"MDH1",1.62369768074784e-126,-0.275184925487112,0.482,0.117,6.20642201489053e-122
"RNASEH1",1.66124265785752e-126,-0.204469535433151,0.331,0.049,6.3499339353946e-122
"FARSA",1.68057632211846e-126,-0.440014219106184,0.366,0.063,6.4238349336656e-122
"ATXN7L3",1.8110099004109e-126,0.294235035861365,0.291,0.032,6.92240424333061e-122
"GCHFR",1.90380625839167e-126,-0.248907754430383,0.411,0.084,7.27710904207632e-122
"C1orf210",1.96286427003275e-126,0.0718986834844899,0.261,0.019,7.5028523857732e-122
"DCP2",1.96981001385705e-126,0.443515383975461,0.294,0.033,7.52940179696718e-122
"CD3EAP",1.99083141398459e-126,0.0559659802336077,0.318,0.043,7.6097539968147e-122
"CAMKK2",2.02444886254879e-126,0.445503958085155,0.273,0.024,7.73825333220648e-122
"KCTD10",2.03180418121331e-126,0.508320262389078,0.265,0.021,7.76636830226977e-122
"LRFN4",2.13810254984503e-126,0.0349021348996199,0.344,0.055,8.17268318652765e-122
"NACC1",2.15617776506997e-126,0.0258098034937695,0.298,0.034,8.24177388920344e-122
"TAF6",2.47486183895373e-126,0.0842172415378339,0.283,0.028,9.45991189321673e-122
"FBXO45",2.72627126403498e-126,0.206777783929502,0.264,0.021,1.04208992796473e-121
"MTFR1L",2.80908635500742e-126,0.259147744123042,0.281,0.028,1.07374516833804e-121
"MTHFD2L",2.83078829671559e-126,0.630251495018435,0.274,0.025,1.08204051853657e-121
"CFTR",3.00242771640059e-126,0.297538022876243,0.389,0.077,1.14764797031696e-121
"HECTD4",3.0090567112424e-126,1.00616724137822,0.271,0.024,1.15018183730529e-121
"PLXNA1",3.03110196861476e-126,1.07814045940098,0.252,0.016,1.15860841648331e-121
"NSDHL",3.20678184344132e-126,0.50747700917858,0.286,0.03,1.22576029183701e-121
"CLUH",3.21575566451502e-126,0.388380789398552,0.316,0.042,1.22919044520422e-121
"TPRG1L",3.23827465887909e-126,-0.218531189727043,0.33,0.048,1.23779810560994e-121
"SSR3",3.37193883528671e-126,-0.159867016021912,0.562,0.16,1.28888990039999e-121
"MAPKAPK3",3.48313510910999e-126,0.237391729232363,0.273,0.024,1.3313935641062e-121
"CD58",3.54834601456144e-126,0.590945427067193,0.277,0.026,1.35631978060596e-121
"RIT1",3.78984649689465e-126,0.734045192536453,0.265,0.021,1.44863092497301e-121
"OTUD6B",3.98300108428367e-126,-0.0652425314758351,0.32,0.044,1.52246233445659e-121
"MRPS2",3.98396048489644e-126,-0.214640044162237,0.41,0.084,1.52282905574681e-121
"YOD1",4.17164201029949e-126,1.48652794410244,0.258,0.019,1.59456844201688e-121
"GSTK1",4.20324937861221e-126,-0.0943976183880054,0.578,0.167,1.60665004248073e-121
"PEPD",4.26006373210393e-126,-0.323831140842591,0.372,0.066,1.62836676095941e-121
"ZNF581",4.79091593334047e-126,-0.0126911602174045,0.316,0.042,1.83127970636006e-121
"NDUFS3",5.07920182189719e-126,-0.141586011196232,0.477,0.117,1.94147410440198e-121
"MLLT1",5.42498541019838e-126,0.512197224025917,0.265,0.021,2.07364642319423e-121
"MUC1",5.64971145689621e-126,0.384829940600804,0.57,0.174,2.15954570728401e-121
"ZNF316",5.71363265066586e-126,0.572833574146101,0.262,0.02,2.18397894439052e-121
"TRNT1",5.92461956906063e-126,0.221549420911147,0.284,0.029,2.26462658407773e-121
"TRAPPC12",6.00549589851816e-126,0.535584929494181,0.28,0.027,2.29554075224958e-121
"CREB3L2",6.45714864183222e-126,0.27949395017817,0.302,0.037,2.46818049685395e-121
"MNX1",6.76562437948364e-126,0.546827782908053,0.284,0.029,2.58609226281383e-121
"AP5Z1",6.99054221548908e-126,0.37771443166,0.276,0.026,2.67206485644855e-121
"HNRNPC",7.2716101010139e-126,0.272202248975291,0.697,0.241,2.77950024501155e-121
"DNAJC9",7.35586624269816e-126,0.252048552502329,0.327,0.048,2.81170631260895e-121
"DNAJC25",8.0172116239974e-126,0.728936419699103,0.262,0.021,3.06449897115676e-121
"MPST",8.49590323960034e-126,-0.0254172137799639,0.569,0.163,3.24747405430483e-121
"EPHB3",9.60584635922499e-126,0.521923702899282,0.301,0.037,3.67173871235016e-121
"ARF5",9.86807433245464e-126,-0.10431546758962,0.518,0.137,3.77197273283746e-121
"ANKS4B",1.07783761496381e-125,0.49444086034121,0.27,0.023,4.11992649943768e-121
"STAT2",1.08883876334302e-125,0.794621854884481,0.276,0.026,4.16197728900237e-121
"SLC35E4",1.14802241602423e-125,1.06786512806848,0.266,0.022,4.38820088301102e-121
"DLX5",1.17314600665354e-125,1.00179601163563,0.289,0.031,4.48423329583248e-121
"CAPN7",1.25571337803985e-125,0.64732033706985,0.272,0.024,4.79983881621953e-121
"ENDOG",1.3790382185774e-125,-0.340036148465636,0.356,0.06,5.27123568669026e-121
"NRDE2",1.39463486834891e-125,1.05302883553863,0.259,0.019,5.33085232077689e-121
"RAB20",1.42803371737492e-125,-0.0211146539483695,0.293,0.033,5.4585160812939e-121
"ARL5A",1.43099788304542e-125,-0.210181295767174,0.336,0.051,5.46984630815283e-121
"MAU2",1.43761130288156e-125,1.33177233002634,0.26,0.02,5.49512544413447e-121
"AEBP2",1.43963143575761e-125,0.875956128087967,0.269,0.023,5.50284720003989e-121
"JMY",1.49094575038694e-125,0.667205510513095,0.279,0.027,5.69899103627904e-121
"AKR1A1",1.49266716635318e-125,-0.20510179715603,0.532,0.143,5.70557097666839e-121
"DDX21",1.50731882637669e-125,0.210243996767873,0.716,0.251,5.76157548194228e-121
"PBX1",1.57462286757987e-125,1.09123154406856,0.257,0.019,6.01883844903728e-121
"SLC35F6",1.63074073820752e-125,-0.0119731819540099,0.27,0.023,6.23334339772441e-121
"ANAPC16",1.64289463828548e-125,-0.16841888053389,0.575,0.165,6.27980046538242e-121
"CCDC57",1.64928712406859e-125,0.0118896983680723,0.316,0.043,6.30423510303977e-121
"RNF113A",1.66067869992873e-125,0.592794830185657,0.294,0.034,6.34777826260758e-121
"NT5C3B",1.81608732876266e-125,0.0574862832625604,0.309,0.039,6.94181220546239e-121
"GDA",1.85476110399905e-125,1.10987978122242,0.257,0.019,7.08963884392596e-121
"CNOT3",1.92085310047301e-125,0.448469422232803,0.273,0.025,7.34226889124805e-121
"FBXO3",2.08938450236543e-125,0.794056548977905,0.255,0.018,7.98646332184163e-121
"NT5DC1",2.08940839869961e-125,-0.100806563860307,0.301,0.036,7.98655466318939e-121
"TIGD5",2.12189770463003e-125,0.242700723079385,0.263,0.021,8.11074178617783e-121
"C8orf33",2.13181719899344e-125,-0.0402754007361446,0.475,0.116,8.14865806143254e-121
"RAP2C",2.15779415571211e-125,0.458700057029818,0.273,0.025,8.24795238079397e-121
"TPGS2",2.282133595153e-125,-0.0316807197122824,0.296,0.034,8.72322745411281e-121
"SENP5",2.42289237392732e-125,0.773707578545561,0.302,0.038,9.26126381009981e-121
"CTPS1",2.56781626586006e-125,0.261277839519699,0.29,0.032,9.8152208946235e-121
"METTL21A",2.57714828248841e-125,0.391375586345017,0.269,0.023,9.85089159498372e-121
"PLOD1",2.60980153523712e-125,0.536689024899806,0.267,0.023,9.97570538829035e-121
"MRPL34",2.62458416334055e-125,-0.29980873804642,0.52,0.137,1.00322105059529e-120
"KIAA1671",2.63287957444967e-125,1.01775089631902,0.264,0.022,1.00639188853764e-120
"ACACA",2.73466078942812e-125,0.43784634036646,0.287,0.031,1.04529674015101e-120
"HEXA",2.97776622013719e-125,0.0244208133174004,0.333,0.051,1.13822135998524e-120
"MRPL55",3.15467253045354e-125,-0.422123619013753,0.441,0.099,1.20584202804056e-120
"POLR2J",3.30838413360857e-125,-0.08882074862879,0.564,0.161,1.26459675123054e-120
"C12orf57",3.32798490611873e-125,-0.126167140292147,0.498,0.129,1.27208895051482e-120
"DAD1",3.3690831266025e-125,0.0467721715576971,0.566,0.166,1.28779833431254e-120
"LAGE3",3.64151814063389e-125,-0.244496875621562,0.446,0.101,1.3919338940759e-120
"LMBR1",4.01978546215581e-125,0.52002390973298,0.25,0.016,1.53652279505444e-120
"GGA2",4.30072929151428e-125,0.241137552858118,0.278,0.027,1.64391076438842e-120
"STX6",4.30315041402843e-125,0.344264174239366,0.275,0.026,1.64483621425823e-120
"RHOQ",4.31870920392532e-125,0.182680424535851,0.261,0.02,1.65078340610841e-120
"DNAJC19",4.56332854221822e-125,-0.27979005583526,0.465,0.111,1.74428670197749e-120
"PDHA1",4.63411137650927e-125,-0.168329742444255,0.484,0.121,1.7713427325569e-120
"DPEP1",4.72207815315778e-125,0.860051258752476,0.333,0.052,1.80496715326303e-120
"DHX33",4.87241759323004e-125,0.718169058178645,0.258,0.019,1.86243290083625e-120
"TPPP3",4.95096013306248e-125,0.265694500267091,0.292,0.033,1.8924550012618e-120
"PSMD10",5.33928399093439e-125,0.158033417501763,0.276,0.026,2.04088791269476e-120
"MSRB1",5.39125771826009e-125,-0.265006430859858,0.327,0.047,2.06075435022774e-120
"TRAF2",5.50390813629817e-125,0.200606273321717,0.284,0.03,2.10381384601861e-120
"WDR5",5.54445924385392e-125,-0.191343709597151,0.308,0.039,2.11931410137072e-120
"ATP13A1",5.97818303989558e-125,0.348935578467682,0.292,0.033,2.28510068516968e-120
"TIMM8A",6.04326271213554e-125,-0.0771701566320924,0.317,0.043,2.30997673908669e-120
"G0S2",6.21912463681233e-125,0.857548000093015,0.269,0.024,2.37719820117515e-120
"GSN",6.32320781514343e-125,0.108136290920753,0.539,0.155,2.41698295526042e-120
"CAPG",6.32539003193921e-125,-0.197663580520801,0.52,0.139,2.41781708580844e-120
"MAOA",6.58240089337802e-125,0.0788776995152631,0.374,0.069,2.51605691748481e-120
"COG3",7.34677171833334e-125,0.466668638261845,0.286,0.031,2.80823002161574e-120
"COPS7B",7.34826223841364e-125,0.619219037020984,0.267,0.023,2.80879975801123e-120
"STXBP6",7.60567583888466e-125,0.0828263547456261,0.309,0.04,2.90719353265527e-120
"VPS53",7.72645776083377e-125,0.605355920284499,0.288,0.032,2.9533612145011e-120
"MAGED1",7.86347370462314e-125,0.244976039391547,0.272,0.025,3.00573418885515e-120
"CLTB",8.02486060679097e-125,0.0177337933225195,0.598,0.18,3.06742271833978e-120
"PARL",8.70768173823778e-125,-0.263573775374781,0.335,0.051,3.32842426762401e-120
"MIEF1",8.77977114851387e-125,0.239822842585298,0.268,0.023,3.35597972380794e-120
"PLCB4",8.93271672402462e-125,0.157208096281246,0.47,0.117,3.41444164059117e-120
"ZNF580",9.08249693387023e-125,0.151265236074702,0.313,0.042,3.47169362800256e-120
"SART1",9.1224763400505e-125,-0.293200031147342,0.321,0.045,3.4869753562209e-120
"CCDC167",9.85080445768814e-125,-0.249556143622492,0.375,0.07,3.76537149590672e-120
"DAB2",9.89714731363302e-125,-0.243629237619058,0.476,0.118,3.78308558916309e-120
"ARHGAP1",1.01153412716333e-124,0.404630025419947,0.277,0.027,3.86648804766909e-120
"DERL2",1.06116657362028e-124,0.329286294560072,0.269,0.024,4.05620311100614e-120
"PTRHD1",1.07312912148332e-124,-0.402623786230323,0.403,0.082,4.10192875395786e-120
"CCHCR1",1.08200020751808e-124,0.0905616784074637,0.293,0.034,4.13583759321711e-120
"SPCS1",1.09676514618967e-124,0.114876031765461,0.549,0.157,4.19227509479539e-120
"CBLL1",1.16727535505736e-124,0.780628312206455,0.268,0.023,4.46179331717123e-120
"UBL4A",1.22384118681606e-124,-0.0407868623581524,0.325,0.047,4.67801055248572e-120
"FNBP1",1.25819853587768e-124,0.653913525150737,0.306,0.04,4.80933808353884e-120
"FAAH",1.36711898252939e-124,0.509413419030599,0.287,0.032,5.22567559882032e-120
"TCF12",1.37431429587478e-124,0.125408344025231,0.305,0.039,5.25317896455176e-120
"ABCF2.1",1.56653523482113e-124,0.211325103174154,0.258,0.019,5.98792428158029e-120
"CYB5R1",1.81485047670331e-124,0.416264760184952,0.26,0.02,6.93708446215073e-120
"KMT2D",1.81984733496002e-124,1.05767477286029,0.256,0.019,6.95618445315119e-120
"PTRH1",1.85672319851301e-124,-0.347349785223678,0.375,0.069,7.09713875399614e-120
"DMWD",1.9002330164972e-124,0.545792311906175,0.252,0.017,7.26345068225889e-120
"FBXL15",1.95147308543305e-124,-0.177921381047881,0.327,0.048,7.45931072175929e-120
"ITGB1BP1",1.97868315365258e-124,-0.418761274617817,0.363,0.064,7.56331848652164e-120
"FAM83F",2.11670810377744e-124,0.157248301888105,0.281,0.029,8.0909050558789e-120
"SMS",2.13487825019577e-124,-0.187475914302829,0.525,0.141,8.1603586235483e-120
"NUDCD2",2.30387773456927e-124,-0.355594701200927,0.348,0.057,8.80634225261758e-120
"FLOT2",2.35534160321321e-124,-0.24344824379766,0.292,0.033,9.00305774412216e-120
"CCDC115",2.55976062872404e-124,-0.292131924984421,0.337,0.052,9.78442902723478e-120
"DHX38",2.60395480090805e-124,0.49302297589838,0.295,0.035,9.95335683099093e-120
"GATC",2.76799523925538e-124,0.287147641664613,0.285,0.03,1.05803850025297e-119
"NSMCE1",2.80201091109047e-124,-0.361880283820442,0.369,0.066,1.07104065065522e-119
"METTL15",2.83555832096175e-124,0.292896971847063,0.27,0.024,1.08386381260442e-119
"SNAPC5",3.06401526598045e-124,-0.205752762357801,0.307,0.04,1.17118919526837e-119
"SSSCA1",3.11066060731631e-124,-0.281861719127832,0.324,0.046,1.18901891054058e-119
"MAZ",3.1583603585679e-124,-0.32784527987967,0.51,0.133,1.207251663459e-119
"KRCC1",3.16309805489456e-124,0.179897402953406,0.311,0.042,1.2090626005029e-119
"KANSL2",3.33552625789215e-124,0.899546711504909,0.26,0.021,1.2749715568167e-119
"DPYSL2",3.33612626524247e-124,0.0498577655580967,0.3,0.037,1.27520090362628e-119
"NDUFA8",3.51526518735576e-124,-0.133327539703393,0.455,0.109,1.34367496521487e-119
"POC1B",3.82290850532279e-124,0.443496456792364,0.287,0.032,1.46126854707458e-119
"CCNG2",3.88000184870737e-124,0.916042953749969,0.262,0.021,1.48309190664991e-119
"ATG13",3.93194779189031e-124,0.893774394191935,0.271,0.025,1.50294772397215e-119
"RBFA",4.15117041922989e-124,0.251014622355199,0.277,0.027,1.58674338104643e-119
"TOMM40",4.16138817553991e-124,-0.0874087761468288,0.497,0.13,1.59064901621837e-119
"C11orf58",4.36265284087523e-124,0.0492700162303341,0.615,0.191,1.66758042189615e-119
"XPOT",4.50413721391791e-124,-0.139076400216721,0.327,0.049,1.72166140864798e-119
"PEX13",4.67022172673228e-124,0.735683340840316,0.258,0.02,1.78514555282615e-119
"FBXO22",5.01455232229848e-124,0.583896391367705,0.299,0.037,1.91676247967537e-119
"RNASEH2C",5.7838001439336e-124,-0.217725495783655,0.397,0.08,2.21079976701718e-119
"PISD",5.94598524804318e-124,1.01735980540169,0.252,0.018,2.27279340121202e-119
"FAM89A",6.88632610405736e-124,-0.0447728640062195,0.294,0.034,2.63222929001489e-119
"UBE2L3",7.14718118252032e-124,-0.224772649783496,0.561,0.159,2.73193853520657e-119
"PSMC3",7.55619869996424e-124,-0.296211462864323,0.528,0.143,2.88828139107433e-119
"GTF3C3",7.77297359110439e-124,-0.035465610047027,0.296,0.035,2.97114142546374e-119
"STAG1",7.89969944957739e-124,0.160613488991172,0.296,0.036,3.01958111760646e-119
"PITPNM1",8.05381446593332e-124,0.0556547184964162,0.302,0.038,3.07849004145835e-119
"KIF3A",8.06971435268677e-124,0.51832338440448,0.253,0.018,3.08456761417099e-119
"HSD17B7",8.28576771511178e-124,0.691618277382411,0.265,0.023,3.16715185142433e-119
"RASD1",8.38457338494231e-124,1.50406616064603,0.28,0.03,3.20491933066035e-119
"ENSA",9.91488914791364e-124,-0.0514405421422965,0.592,0.179,3.78986722789851e-119
"NFU1",9.92431827508231e-124,-0.672079037074158,0.318,0.044,3.79347141746746e-119
"ZNF444",9.97100630114062e-124,0.56157035950583,0.26,0.021,3.81131744854799e-119
"NDUFC2",1.01687400119578e-123,0.19508722427779,0.587,0.182,3.88689918217075e-119
"KIFAP3",1.0833127924609e-123,-0.243874690976949,0.269,0.024,4.14085481790256e-119
"POP1",1.08695775421785e-123,0.317136491501141,0.279,0.028,4.15478731972232e-119
"VPS26B",1.08998756896024e-123,0.0713993479204165,0.26,0.021,4.16636848359363e-119
"RPRD1A",1.1366784250144e-123,0.608928213923276,0.275,0.027,4.34483961177502e-119
"SBF1",1.23686296961681e-123,0.466868846514743,0.296,0.036,4.72778501506331e-119
"HPGD",1.32630178425347e-123,0.587487329725634,0.313,0.044,5.06965594013047e-119
"MYOF",1.49850908128839e-123,0.962551898017598,0.291,0.034,5.72790111231672e-119
"KAT2A",1.5001175574802e-123,0.299092236109414,0.298,0.036,5.73404935171232e-119
"CEBPZOS",1.68958058161499e-123,-0.225494277253645,0.369,0.068,6.45825281516512e-119
"KIAA1143",1.76043429169455e-123,0.132584560325819,0.308,0.041,6.72908403657325e-119
"PDCL",1.8621671795973e-123,0.116681085438719,0.269,0.024,7.11794782729274e-119
"RAB32",1.92252978666678e-123,0.033453136237332,0.366,0.066,7.3486778565551e-119
"DKC1",1.95218886118363e-123,-0.117355527918375,0.509,0.136,7.46204670298829e-119
"RNF167",2.04229049012093e-123,-0.100379180242519,0.342,0.056,7.80645116943824e-119
"NLN",2.11944830991941e-123,0.225589649090696,0.273,0.026,8.10137921983596e-119
"EIF3J",2.14853697557981e-123,-0.069913754773207,0.652,0.207,8.21256773545628e-119
"NFYB",2.16310610161127e-123,0.0596772531459098,0.29,0.033,8.26825676279893e-119
"CRKL",2.580903582115e-123,0.396661857885951,0.264,0.023,9.86524585227637e-119
"TRMT61A",2.60907894233887e-123,0.162998268599764,0.273,0.026,9.97294334919609e-119
"PRPF19",2.70023764181552e-123,-0.3681799184727,0.377,0.071,1.03213883620756e-118
"ASCC2",3.12828862742205e-123,0.261060974847853,0.283,0.03,1.19575704494581e-118
"TRIQK",3.15199720106981e-123,-0.173051965387665,0.308,0.04,1.20481941013692e-118
"BMP4",3.25254588097468e-123,0.736721381228868,0.276,0.028,1.24325313754376e-118
"LY6E",3.50760095429538e-123,0.921629697176621,0.548,0.18,1.34074538876987e-118
"COMMD3",3.53324942608259e-123,-0.228418835377368,0.331,0.051,1.35054926062581e-118
"C15orf40",3.55916745331689e-123,0.719090376642556,0.279,0.029,1.36045616735585e-118
"APOOL",3.88981170435235e-123,-0.0863182591237837,0.277,0.028,1.48684162587164e-118
"TACSTD2",4.081691018062e-123,0.737142637898614,0.424,0.099,1.56018557474402e-118
"MTIF2",4.16440072583071e-123,-0.266391475994582,0.333,0.052,1.59180053344153e-118
"NT5E",4.62970974503341e-123,0.172207362689258,0.263,0.022,1.76966025294157e-118
"TRIAP1",4.86960222344317e-123,-0.264869584591877,0.302,0.038,1.86135675388892e-118
"TMEM14C",5.23042380094697e-123,-0.0689119995133409,0.522,0.143,1.99927719367397e-118
"RABEP2",5.55754078237872e-123,0.675995799617325,0.278,0.029,2.12431438865644e-118
"PIGP",5.62018288052651e-123,-0.523677123320717,0.369,0.067,2.14825870425245e-118
"EIF4A1",5.91207976229874e-123,0.106756878367769,0.738,0.262,2.25983336834107e-118
"ARL14",5.92282105616159e-123,1.44316908021512,0.283,0.032,2.26393912050721e-118
"DCTN6",6.03472607582328e-123,0.0249851249916722,0.29,0.034,2.30671369522269e-118
"TCEAL8",6.56871467816294e-123,-0.179317353172225,0.347,0.058,2.510825498581e-118
"NHSL1",6.68113752793921e-123,0.682164270043575,0.263,0.023,2.55379800867948e-118
"LCMT1",6.83978456223147e-123,-0.11533565439513,0.304,0.04,2.61443925106736e-118
"C11orf54",7.19729147623813e-123,0.230856571989726,0.29,0.034,2.75109269387726e-118
"YIF1B",7.25712936238929e-123,0.0222592977475062,0.284,0.031,2.77396512747968e-118
"LMNA",7.30175077964985e-123,0.444939184136424,0.788,0.314,2.79102121801336e-118
"C12orf45",7.39957515161925e-123,-0.316101978421067,0.412,0.088,2.82841360595494e-118
"FBXW4",7.63633663798506e-123,0.872277047767738,0.285,0.032,2.91891331650341e-118
"CHML",8.46998218068953e-123,0.852396960016764,0.267,0.024,3.23756598874677e-118
"PSMD5",8.81118667156476e-123,0.458197897243632,0.258,0.02,3.36798799333891e-118
"PEX6",9.29010650541027e-123,0.241651439036675,0.266,0.024,3.55105031062802e-118
"NUDT22",9.34352744319729e-123,-0.469513531012002,0.405,0.084,3.57146992988773e-118
"VAT1",1.00640595444263e-122,0.490160891886131,0.267,0.024,3.84688612026151e-118
"CLRN3",1.0073071327591e-122,-0.0784405113578299,0.311,0.042,3.85033078425838e-118
"SSNA1",1.00847497817183e-122,-0.330564269570367,0.563,0.162,3.85479475656399e-118
"PODXL2",1.02970837081622e-122,-0.0596649349343159,0.342,0.057,3.93595727660792e-118
"TXN2",1.0387134044764e-122,-0.235460138494363,0.474,0.117,3.97037811727059e-118
"TRAPPC10",1.07214546806616e-122,0.529100596225317,0.295,0.036,4.09816883713609e-118
"SULT1C2",1.09766339015471e-122,0.91525885406806,0.259,0.021,4.19570854252735e-118
"MPP6",1.28427963848178e-122,0.342603151632953,0.26,0.021,4.90903049013277e-118
"HINT3",1.39136124693997e-122,0.159993486094752,0.278,0.029,5.31833923030335e-118
"WSB2",1.41420006043063e-122,-0.126592002955264,0.3,0.038,5.40563831099002e-118
"COBLL1",1.43591776948889e-122,0.490534650874295,0.28,0.03,5.48865208209435e-118
"STAT5B",1.43728232944664e-122,0.572395576209071,0.258,0.021,5.49386797607685e-118
"TRPT1",1.57581525167242e-122,-0.329912772066057,0.327,0.049,6.02339621799266e-118
"HGH1",1.58611830269225e-122,0.216668418661759,0.264,0.023,6.06277860021085e-118
"NFYC",1.67311389145854e-122,0.492283535291511,0.268,0.025,6.39531053871114e-118
"NECAB3",1.80820542297848e-122,-0.124992227105885,0.29,0.034,6.91168440879296e-118
"GMPPA",1.8576133540766e-122,-0.171357418111697,0.296,0.036,7.10054128462240e-118
"B4GALT7",1.86160937003099e-122,-0.145110370986294,0.29,0.034,7.11581565600646e-118
"KIF9",1.91855046415581e-122,-0.197511093325871,0.354,0.061,7.33346729418918e-118
"PYCR3",1.99100034450342e-122,0.342742542725539,0.253,0.019,7.61039971682988e-118
"APEX1",2.06531731211604e-122,-0.0182012347904937,0.509,0.136,7.89446889383234e-118
"EIF1AY",2.17091032473117e-122,-0.0831459231726466,0.344,0.056,8.29808762525241e-118
"FARSB",2.25878870498732e-122,-0.317148934732618,0.329,0.05,8.63399394594354e-118
"NDUFS4",2.31083766682878e-122,-0.333830221714657,0.434,0.098,8.83294589768632e-118
"FA2H",2.41545178389078e-122,0.584796272556347,0.272,0.027,9.23282289874413e-118
"ELOVL5",2.86880571663956e-122,0.269076407133792,0.286,0.032,1.0965722971283e-117
"SCP2",2.87386692877089e-122,-0.160067961346982,0.525,0.143,1.09850689485339e-117
"SMIM15",3.13459291815773e-122,-0.589726547174466,0.46,0.11,1.19816679703661e-117
"POP5",3.67561861237003e-122,-0.195632302440158,0.353,0.061,1.40496845839232e-117
"RBL2",3.77863643975459e-122,0.497007024580876,0.312,0.044,1.44434599273179e-117
"KCTD12",3.81562499680388e-122,0.546373779191588,0.302,0.04,1.45848449877832e-117
"NIFK",3.81754761395227e-122,0.073882355641549,0.511,0.139,1.45921939995711e-117
"ADPGK",3.90796816453972e-122,0.741091848434224,0.266,0.024,1.49378175121366e-117
"MRPL10",3.92807766299458e-122,-0.110937932800304,0.299,0.038,1.50146840590305e-117
"WWP2",4.16440323727057e-122,0.391438223918555,0.266,0.024,1.5918014934143e-117
"SIVA1",4.23756610325574e-122,-0.0586662095927111,0.505,0.135,1.61976726730848e-117
"NIT2",4.26508465514306e-122,-0.348723696394346,0.417,0.091,1.63028595858188e-117
"TTC38",4.3300320948591e-122,0.0148983544044454,0.29,0.034,1.65511146793894e-117
"ARMCX6",4.46543201187637e-122,0.201570833411803,0.263,0.023,1.70686673221962e-117
"ATMIN",4.60542862406662e-122,0.199882085270422,0.279,0.03,1.76037903726323e-117
"SH2D4A",5.27271546853268e-122,0.308282507047938,0.284,0.032,2.01544276069193e-117
"EMG1",5.27693223898649e-122,-0.420739271268519,0.364,0.066,2.01705457903019e-117
"FAM96A",5.3811161901937e-122,0.246760757458448,0.256,0.02,2.05687785253964e-117
"PET100",5.43005887025013e-122,-0.220769184592607,0.596,0.18,2.07558570256441e-117
"TMEM219",5.50592581143506e-122,-0.312977687908083,0.526,0.143,2.10458508216294e-117
"ERLIN1",5.52411408557839e-122,0.56042105932121,0.253,0.019,2.11153736807148e-117
"RGS2",6.25246725502557e-122,0.943442358052171,0.32,0.049,2.38994308356097e-117
"FAM173A",6.47549762481496e-122,-0.332741138188486,0.324,0.048,2.47519421210927e-117
"GTF3C6",6.51095280379267e-122,-0.2098462438813,0.478,0.121,2.48874659972171e-117
"ZNF277",6.9162022610766e-122,-0.0330644991150293,0.288,0.033,2.64364915227392e-117
"MYO5C",6.92867200526481e-122,0.824801067675835,0.294,0.036,2.64841558729242e-117
"MIGA1",7.13593334678247e-122,0.486731304884736,0.263,0.023,2.72763916247413e-117
"MTCH2",7.18830678526742e-122,-0.113114534889393,0.474,0.118,2.74765838560062e-117
"KRTCAP3",7.96697805073023e-122,-0.3682107760519,0.455,0.108,3.04529769011112e-117
"IP6K1",8.03671010600298e-122,0.295819510729906,0.264,0.023,3.07195207091858e-117
"SH3BGRL",8.09490094209537e-122,-0.0107798225427489,0.357,0.064,3.09419493610653e-117
"PPP1R8",8.19797454510715e-122,0.598665552154074,0.259,0.021,3.13359379012176e-117
"KCNE3",8.87343931616045e-122,0.395179830125749,0.261,0.022,3.39178344420917e-117
"GALNT12",9.3331919477532e-122,0.69640865063417,0.298,0.039,3.56751929010919e-117
"PLS3",9.67520797545376e-122,0.687660724704015,0.263,0.023,3.69825149653745e-117
"PUS7",1.03343396602427e-121,0.0484214510114884,0.285,0.032,3.95019799173118e-117
"CCDC84",1.07182873971007e-121,0.385206316668114,0.27,0.026,4.09695817466777e-117
"DOHH",1.09780794511227e-121,0.165501026828909,0.273,0.027,4.19626108939714e-117
"DNAJC30",1.11688639953996e-121,0.288712128942741,0.269,0.025,4.26918657360154e-117
"SHLD2",1.22677987437245e-121,0.315995122411952,0.289,0.034,4.68924339180124e-117
"ABO",1.23562738137931e-121,0.27718933857918,0.287,0.033,4.72306210258427e-117
"SDHB",1.34936453852224e-121,-0.112655704505809,0.459,0.111,5.15781101204739e-117
"SNRNP35",1.38893153383713e-121,-0.0983060484058353,0.31,0.043,5.30905189493906e-117
"ITGAE",1.4758801352122e-121,-0.393039169623857,0.34,0.056,5.64140422883513e-117
"ZNF160",1.50337060151633e-121,0.738474404574871,0.258,0.021,5.74648378723602e-117
"FOXN2",1.54644778782915e-121,0.80320960938299,0.263,0.023,5.91114202419815e-117
"TNFRSF1B",1.578658717779e-121,0.670652182664835,0.271,0.027,6.03426508283843e-117
"NDUFA10",1.58018083212561e-121,-0.0784386804253282,0.533,0.15,6.04008321271692e-117
"GMPR2",1.59174537572449e-121,0.22577633966103,0.281,0.03,6.08428752416931e-117
"NDUFAF3",1.85933420959733e-121,-0.185776224705172,0.478,0.12,7.10711908276484e-117
"CUTA",1.89135506017068e-121,0.151857447230997,0.553,0.164,7.22951558199642e-117
"YAE1D1",1.94527925579064e-121,-0.0143761829328795,0.278,0.029,7.43563542733414e-117
"RBM8A",1.96949360317767e-121,0.12749988717377,0.669,0.226,7.52819234878633e-117
"DNASE1",1.97875696343562e-121,1.01166280950081,0.255,0.02,7.56360061703633e-117
"C6orf136",2.23268257845718e-121,0.191401197247753,0.268,0.025,8.53420588789472e-117
"SUMO1",2.53458953010862e-121,-0.0737067532351024,0.55,0.158,9.68821501988719e-117
"TOPBP1",2.55152003312471e-121,0.138457366511002,0.306,0.042,9.7529301746159e-117
"METTL1",2.57481155308434e-121,-0.0320078785450173,0.28,0.03,9.84195968050957e-117
"ALG8",2.59331721692433e-121,0.820392294300659,0.252,0.019,9.91269572997157e-117
"ATP5F1A",2.69121728124554e-121,-0.147790877564153,0.537,0.152,1.02869089358329e-116
"TAF1",2.74771016181649e-121,0.868553875185299,0.268,0.026,1.05028473225273e-116
"NAA16",2.92955079568323e-121,0.938534886812748,0.256,0.021,1.11979149614196e-116
"RFFL",2.98570772151648e-121,0.75787795177121,0.252,0.019,1.14125691947246e-116
"GTF2E2",3.03531273948518e-121,-0.0735684764724596,0.293,0.036,1.16021794154082e-116
"PPARD",3.15030265573985e-121,0.745442159264077,0.257,0.021,1.20417168713e-116
"CINP",3.47535645686727e-121,-0.0936249263618225,0.305,0.041,1.32842025207294e-116
"FAM98A",3.49886188029068e-121,-0.0478159526371766,0.284,0.032,1.33740496512231e-116
"GLI4",3.6514942178573e-121,0.351865711655813,0.259,0.022,1.39574714983377e-116
"FEM1A",3.65509802321937e-121,0.0734317037174148,0.251,0.019,1.39712466839537e-116
"FKBP3",3.7439068791983e-121,-0.429881459879323,0.418,0.091,1.43107096550476e-116
"POLE4",3.79369036414071e-121,-0.41253775382161,0.457,0.11,1.45010020478915e-116
"WDR18",3.92506947556228e-121,-0.147590639701048,0.354,0.062,1.50031855633893e-116
"CDCA7",3.97418917885348e-121,0.283231402481965,0.352,0.063,1.51909407172496e-116
"GSTM3",3.98549108919501e-121,0.561385423049174,0.332,0.053,1.5234141139339e-116
"PAAF1",4.09998228037068e-121,0.453536508773292,0.261,0.023,1.56717722684889e-116
"ETV6",4.11636480977772e-121,0.791119286583748,0.287,0.035,1.57343928488943e-116
"PRR5",4.3691357582426e-121,0.208493001236675,0.281,0.031,1.67005845223065e-116
"SSR2",4.38574693326062e-121,0.0949953722028393,0.626,0.203,1.67640790776954e-116
"ATXN3",4.51076823574619e-121,0.247131318472618,0.262,0.023,1.72419605043163e-116
"NOL3",4.7545200241791e-121,-0.108668341547744,0.339,0.056,1.81736773404222e-116
"AKR7A2",5.05140118776205e-121,-0.519083474041537,0.401,0.084,1.93084759001017e-116
"GCA",5.15120966500709e-121,0.155704022906249,0.288,0.034,1.96899838235231e-116
"VPS13D",5.23768749701304e-121,0.882682349945124,0.267,0.025,2.00205366885827e-116
"ALKBH5",5.50259778583859e-121,0.256455245164823,0.283,0.032,2.10331297765894e-116
"C11orf49",5.67288835049048e-121,0.0735618670827756,0.283,0.032,2.16840484309148e-116
"WARS2",5.70674690537852e-121,0.387304204847111,0.254,0.02,2.18134693711189e-116
"PCYT2",5.75488936083496e-121,-0.499343511040718,0.347,0.059,2.19974890928556e-116
"ZNF506",5.76322002867036e-121,0.407210604131964,0.271,0.027,2.20293322375896e-116
"PCK2",6.051582562853e-121,-0.278486155006147,0.314,0.045,2.31315691882493e-116
"ETFA",6.19335340272374e-121,-0.402372341286492,0.417,0.091,2.36734740465712e-116
"BCKDK",6.25417685266734e-121,-0.490506626078715,0.29,0.034,2.39059656016356e-116
"B3GALNT2",6.3947948689896e-121,1.03913873484435,0.251,0.019,2.44434639072259e-116
"PLA2G16",6.68311374235838e-121,0.0908746032007426,0.394,0.082,2.55455339687907e-116
"DCAF16",6.73253804568909e-121,0.429071494614638,0.274,0.028,2.5734453425842e-116
"NENF",7.04307724495328e-121,0.174721874164451,0.518,0.147,2.69214584611094e-116
"SNORC",7.79594919720026e-121,-0.133987597810743,0.407,0.088,2.97992362113783e-116
"MKKS",8.28943956493303e-121,-0.388362920659501,0.314,0.045,3.1685553793e-116
"PSMA4",8.88149549448877e-121,-0.258505959692948,0.537,0.15,3.39486283781339e-116
"RFX1",9.36579788155753e-121,0.655583970205783,0.273,0.028,3.57998258224655e-116
"UBR3",9.54911733440635e-121,0.463264767628771,0.258,0.022,3.65005460990348e-116
"LGALSL",9.61280619814696e-121,0.313192983089475,0.26,0.023,3.67439904117969e-116
"TSR3",9.88862214975265e-121,-0.420176070827882,0.37,0.07,3.77982693052145e-116
"DCAF8",1.02367578454071e-120,0.788085161671824,0.274,0.029,3.91289831882842e-116
"C12orf29",1.20167251748167e-120,0.128703995323912,0.286,0.033,4.59327303082194e-116
"IQCB1",1.23209457734764e-120,0.386349969809002,0.267,0.025,4.70955831245361e-116
"AC007952.4",1.35080702680917e-120,1.23769338955319,0.291,0.036,5.16332477927538e-116
"CHM",1.48540122806887e-120,0.465950944128407,0.267,0.025,5.67779765417044e-116
"TPRA1",1.51109786952591e-120,0.21009670903139,0.267,0.025,5.77602049647584e-116
"YEATS4",1.51412516394802e-120,-0.341147712623926,0.306,0.041,5.78759202667491e-116
"DNAJC8",1.55545906744497e-120,-0.177853799852211,0.553,0.159,5.94558673940166e-116
"PCNX4",1.65884399850986e-120,0.789273794446444,0.256,0.021,6.34076529990408e-116
"HADH",1.74325196511662e-120,-0.0933758841224477,0.375,0.073,6.66340631146176e-116
"SMIM20",1.92504499737508e-120,-0.509499847101892,0.346,0.059,7.35829199796651e-116
"DEF8",2.01467668330105e-120,-0.552607262847744,0.334,0.054,7.70090015424995e-116
"HGSNAT",2.04821758822317e-120,0.47628825846436,0.26,0.023,7.82910690922425e-116
"SETD3",2.08861788763651e-120,0.0897065266576575,0.305,0.042,7.9835330137018e-116
"PLPBP",2.09194099698901e-120,0.301778097545488,0.273,0.028,7.99623526689079e-116
"ISCA2",2.1400889551173e-120,0.0276882742972098,0.274,0.028,8.18027602204038e-116
"SLC35B3",2.165983615924e-120,0.302512743869384,0.259,0.022,8.27925577350789e-116
"FCHO2",2.26241922570027e-120,0.510044313215136,0.278,0.03,8.64787124831671e-116
"SUCLA2",2.54018224650688e-120,-0.265974100800296,0.366,0.069,9.70959261904788e-116
"SPOUT1",2.80659168538125e-120,0.0158005895238258,0.285,0.033,1.07279160582013e-115
"YBX3",2.91628298012048e-120,0.0888499819627431,0.56,0.169,1.11472000632125e-115
"GYG1",3.06172201171596e-120,-0.373912624688384,0.287,0.034,1.17031262175831e-115
"URM1",3.25545656585913e-120,-0.323608701506226,0.383,0.076,1.244365717734e-115
"CHCHD5",3.36325648152823e-120,-0.32159383833678,0.473,0.12,1.28557115749935e-115
"LMNB2",3.44239826596961e-120,-0.233079398860571,0.32,0.048,1.31582231318422e-115
"GRK6",3.5528670694952e-120,0.0545118141688774,0.28,0.031,1.35804790864385e-115
"PPP6R2",3.91731275420949e-120,0.557894719866818,0.319,0.049,1.49735362716904e-115
"KIAA0040",4.14565386321084e-120,0.643581148629893,0.271,0.027,1.58463473267371e-115
"MRPS25",4.58853987993973e-120,-0.154193452132655,0.427,0.098,1.75392348370816e-115
"SCAF8",4.77813602900341e-120,0.821181421942448,0.258,0.022,1.82639471572626e-115
"ZNF562",5.16994672963948e-120,1.54581782547647,0.256,0.022,1.9761604379374e-115
"COMMD9",5.43487965769973e-120,0.0299601086436816,0.279,0.031,2.07742840035915e-115
"PRR7",5.57548220293737e-120,-0.212341626526984,0.294,0.037,2.13117231725078e-115
"MMGT1",5.85638911364093e-120,0.0996611481646719,0.279,0.031,2.23854617479811e-115
"CUL4B",5.93764237461859e-120,0.160008198215221,0.288,0.035,2.26960442127421e-115
"FAM217B",6.14713093665069e-120,0.195938896477055,0.267,0.026,2.34967932922536e-115
"CARNMT1",6.35464037546533e-120,0.469843552109559,0.266,0.025,2.42899773711787e-115
"B4GALT2",6.37531102034593e-120,-0.150583589437368,0.306,0.042,2.43689888441703e-115
"OPLAH",7.07075960700721e-120,-0.0393139792277901,0.318,0.048,2.70272715218244e-115
"USP40",7.08560169146542e-120,0.514239280421905,0.265,0.025,2.70840039054574e-115
"PLEKHA8",7.27310338655897e-120,0.503124878135591,0.259,0.023,2.7800710384783e-115
"RPUSD4",7.48161103603854e-120,0.204051188238508,0.27,0.027,2.85977100241537e-115
"YARS2",7.9086901184229e-120,-0.100509956291966,0.27,0.027,3.02301771086597e-115
"CNNM4",8.47617153920544e-120,1.01719317170748,0.253,0.021,3.23993180914589e-115
"INSIG2",8.60631195631841e-120,0.413263761478315,0.259,0.023,3.28967668218315e-115
"MRPS23",9.4083727152043e-120,0.0362512825113221,0.419,0.094,3.59625638665969e-115
"DRAP1",1.02291896293955e-119,-0.191607857941601,0.564,0.165,3.91000544394012e-115
"KAT8",1.04084267084753e-119,0.017458652564379,0.303,0.041,3.97851702504759e-115
"PFKM",1.05876251429162e-119,0.23695990377953,0.263,0.024,4.04701383462827e-115
"ARHGAP17",1.06563336925197e-119,0.883713623384025,0.255,0.021,4.07327699062872e-115
"CBR1",1.10186807935184e-119,-0.386059730055315,0.369,0.07,4.21178054651447e-115
"PIBF1",1.11089367238843e-119,0.275993061490334,0.308,0.043,4.24627997333752e-115
"GUF1",1.15089803137102e-119,0.268918925758949,0.269,0.027,4.39919263511258e-115
"ALDH7A1",1.1802843331591e-119,0.0617399476645333,0.304,0.042,4.51151883506735e-115
"WDR70",1.19750863156673e-119,0.514693746198558,0.28,0.032,4.57735699330065e-115
"SNX7",1.24895229877044e-119,-0.26552814813847,0.284,0.033,4.77399526682011e-115
"EZH2",1.25738278244393e-119,0.126185653856454,0.294,0.038,4.80621994761368e-115
"C1orf109",1.36074715404248e-119,0.396933328222749,0.251,0.019,5.20131992161199e-115
"PALLD",1.51822003914467e-119,-0.0742837049805671,0.283,0.033,5.80324427762658e-115
"FMN1",1.56047126111495e-119,0.949478075706487,0.283,0.034,5.96474534848579e-115
"GGCX",1.59966465843184e-119,0.399476744003408,0.262,0.024,6.11455819038985e-115
"OXLD1",1.60210866899543e-119,-0.285791444110235,0.371,0.071,6.12390017636813e-115
"ZNF766",1.6310234953684e-119,0.369199493669783,0.255,0.021,6.23442420869617e-115
"LYPLAL1",1.68311959670658e-119,0.124961380228263,0.281,0.032,6.43355634645122e-115
"TRMT11",1.74144555856498e-119,0.0827738405440082,0.291,0.036,6.65650150305876e-115
"COPS4",1.77950189589294e-119,0.248980984305338,0.271,0.028,6.80196804686119e-115
"MIA2",1.97396167956348e-119,0.236322072975168,0.279,0.031,7.54527112396343e-115
"LENG9",1.98844026107973e-119,0.453315708732592,0.277,0.03,7.60061405395115e-115
"IRAK1",2.03563807461507e-119,-0.313531694652171,0.511,0.138,7.78102297640864e-115
"UBE2M",2.19763758245947e-119,-0.246685520845828,0.545,0.153,8.40024989519309e-115
"PHF23",2.51437480193204e-119,-0.083798796737935,0.258,0.023,9.61094624290505e-115
"PRKAG2",2.53682235039047e-119,0.243865155891972,0.278,0.031,9.69674975213254e-115
"DRG1",2.60689981020792e-119,-0.0660849666231904,0.3,0.04,9.96461383453876e-115
"AACS",2.69424499251518e-119,0.546987271578294,0.27,0.028,1.029848205939e-114
"ITM2C",2.72565748212775e-119,0.447794280023022,0.644,0.227,1.04185531596851e-114
"TIMM23",2.79272259904261e-119,-0.304360133255614,0.284,0.033,1.06749028625805e-114
"NOC4L",2.8163378289533e-119,0.128024197222976,0.269,0.027,1.07651697173911e-114
"MPP5",3.10249060308337e-119,0.456312757320972,0.254,0.021,1.18589600812259e-114
"PPP5C",3.18830294909826e-119,-0.0289668734744115,0.291,0.036,1.21869691926332e-114
"AC103702.2",3.29763020802368e-119,0.290309930606235,0.488,0.132,1.26048617071497e-114
"MCTP2",3.31624941114983e-119,1.06582905456257,0.257,0.023,1.26760317491791e-114
"DNAJA3",3.44604347191948e-119,0.0925327408488248,0.286,0.034,1.3172156567065e-114
"DNAJC4",3.5775000183417e-119,-0.384523087289566,0.31,0.044,1.36746360701093e-114
"TMEM251",3.6018012721036e-119,0.166792088990064,0.258,0.023,1.37675251824888e-114
"LDLRAP1",3.61526892565693e-119,0.0217222383832074,0.279,0.032,1.3819003941431e-114
"GHITM",3.72065085358708e-119,-0.270233200121728,0.574,0.169,1.42218158227513e-114
"MRPL24",4.05977798333387e-119,-0.349921944360329,0.334,0.055,1.55180953634954e-114
"SCNM1",4.09820077358378e-119,-0.0161025209881074,0.302,0.041,1.56649626369466e-114
"FH",4.10527606022272e-119,-0.359636740449117,0.319,0.048,1.56920072125953e-114
"NUP214",4.11163616528608e-119,0.215757685144678,0.304,0.042,1.57163180781895e-114
"NDUFAF8",4.12721277173444e-119,-0.18623470582,0.491,0.13,1.57758580986777e-114
"THAP4",4.34249712955636e-119,-0.464705846468732,0.343,0.059,1.65987610280162e-114
"UTP20",4.49729390805697e-119,-0.131184597225193,0.287,0.034,1.7190456234157e-114
"RABEP1",4.6885227808779e-119,0.455700298837877,0.277,0.031,1.79214094776277e-114
"ANKRD39",4.87791343828598e-119,-0.0722883006715151,0.284,0.034,1.86453363265043e-114
"UGT8",5.00725518019771e-119,0.697665660978984,0.252,0.021,1.91397322007877e-114
"C9orf152",5.13372055035691e-119,0.0581512504080837,0.298,0.04,1.96231334316842e-114
"ENOSF1",5.33823176176143e-119,0.0386177320971408,0.357,0.066,2.04048570861569e-114
"TCEAL9",5.66148042391209e-119,0.334940997449847,0.386,0.082,2.16404427723616e-114
"SMC6",6.26874276258197e-119,-0.112999602737428,0.295,0.038,2.39616423356933e-114
"PARP8",6.35971199150292e-119,0.959128854543397,0.254,0.021,2.43093631163208e-114
"ZNF770",6.43132434410491e-119,0.0107276481258958,0.288,0.035,2.45830941729066e-114
"GNA13",6.61798051812761e-119,0.550431114689488,0.286,0.035,2.5296568732491e-114
"NFS1",6.70686119687085e-119,-0.274810019048839,0.254,0.021,2.56363062389191e-114
"RELB",6.98751742481163e-119,0.469628674879695,0.283,0.034,2.67090866046e-114
"PGM2",7.63817324106237e-119,-0.0416538336828571,0.267,0.027,2.91961533966368e-114
"MAP1S",7.72350130359363e-119,0.0733679007234764,0.282,0.033,2.95223113828563e-114
"TFB2M",7.85239590375608e-119,0.114446541684825,0.258,0.023,3.00149981025172e-114
"AP1B1",7.9287775725789e-119,0.0911964841654394,0.318,0.049,3.03069593934256e-114
"MCF2L",8.06998917915106e-119,0.422847729176302,0.252,0.021,3.0846726638387e-114
"PHRF1",8.25324929292569e-119,0.371561707496096,0.277,0.031,3.15472200972792e-114
"UBLCP1",8.31703754529215e-119,0.150912110644325,0.265,0.026,3.17910443131247e-114
"S100A13",8.40324101907864e-119,-0.269488585023452,0.527,0.148,3.21205484713262e-114
"ZCCHC9",9.09451854113116e-119,0.379505818822991,0.263,0.025,3.47628876716198e-114
"PLEKHM2",9.64171582912608e-119,0.0686537020899656,0.271,0.028,3.68544945852515e-114
"WDR77",1.08704434497627e-118,-0.061951775098317,0.348,0.062,4.15511830423729e-114
"VPS13B",1.09124433663324e-118,0.400899267083312,0.259,0.023,4.1711723523469e-114
"MAGOH",1.11730395459981e-118,-0.239523427498447,0.461,0.114,4.27078263606233e-114
"RPP25",1.16349378940811e-118,-0.472258112604692,0.356,0.065,4.44733866063357e-114
"ALDH1A1",1.17219221225587e-118,0.0769438213749831,0.364,0.069,4.48058751212682e-114
"GTF2H3",1.30697221632469e-118,-0.0808246252309774,0.293,0.038,4.9957705996795e-114
"TRAP1",1.38168696651792e-118,-0.283065795703553,0.414,0.093,5.28136026081811e-114
"TIMM29",1.45392292808698e-118,0.0866340028074259,0.267,0.027,5.55747500031968e-114
"IRAK4",1.52590808371469e-118,0.371554475698918,0.276,0.031,5.83263105919104e-114
"ANAPC15",1.80131804840725e-118,-0.349649749337862,0.333,0.055,6.88535810823189e-114
"MRPL1",1.92670383370878e-118,-0.272262182155723,0.38,0.076,7.36463273396844e-114
"POMGNT1",1.99669733038466e-118,0.0828349777294086,0.254,0.021,7.63217587566233e-114
"LINC00513",2.40390655156813e-118,0.945570113718359,0.268,0.027,9.18869240271403e-114
"THOC6",2.40829060240909e-118,0.230759117320556,0.286,0.035,9.2054499986485e-114
"F12",2.40877381053443e-118,0.122415475877967,0.282,0.033,9.2072970133868e-114
"HMBS",2.59588205710776e-118,-0.412222943588836,0.311,0.045,9.92249957508869e-114
"OSBPL3",2.96726997279984e-118,0.867939823565644,0.25,0.021,1.13420927440301e-113
"DHX40",3.01607894435408e-118,0.296375232199728,0.266,0.026,1.1528660156899e-113
"ENAH",3.15176270692119e-118,0.228997774981663,0.345,0.061,1.20472977709356e-113
"VDAC3",3.19986960555947e-118,-0.0771324810393951,0.436,0.104,1.22311815802905e-113
"BCAT2",3.24119787188301e-118,0.250368588783096,0.266,0.026,1.23891547454856e-113
"CHMP2A",3.29020172901692e-118,-0.124091893978499,0.597,0.183,1.25764670889943e-113
"MRPL22",3.39669092017295e-118,-0.406532877649132,0.4,0.085,1.29835113732691e-113
"ARMC6",3.53467900083444e-118,0.200859075323804,0.267,0.027,1.35109570127896e-113
"HPS1",3.99109799433266e-118,0.247102750527719,0.3,0.041,1.52555729735371e-113
"SIAE",4.2080817083833e-118,0.0786960472141449,0.267,0.027,1.60849715221243e-113
"ATG4D",4.69358206339945e-118,0.0734464643855151,0.274,0.03,1.79407480791381e-113
"CBY1",5.39911868901409e-118,0.101882331092443,0.256,0.022,2.06375912768875e-113
"LYRM4",6.15481142613725e-118,-0.186021607430807,0.355,0.065,2.3526151195267e-113
"DPF2",6.28656821743992e-118,0.382679541692506,0.264,0.026,2.40297783543423e-113
"NSD2",6.3967304519724e-118,0.0322069193905932,0.331,0.055,2.44508624796193e-113
"UTP4",6.39808182662062e-118,0.407505380723274,0.254,0.022,2.44560279740746e-113
"DDX50",6.64527116178282e-118,-0.28442240597706,0.31,0.045,2.54008844887987e-113
"TP53TG1",6.9600015648267e-118,-0.0904641163148932,0.305,0.043,2.66039099813936e-113
"SSU72",7.501061219458e-118,-0.0695173321897559,0.564,0.168,2.86720564052562e-113
"PYCR1",7.62173344857279e-118,-0.299799045654042,0.419,0.095,2.91333139338246e-113
"THYN1",7.63200519598914e-118,-0.576420040715611,0.322,0.05,2.91725766611489e-113
"KATNA1",8.01898976358957e-118,0.211569366688492,0.253,0.021,3.06517864723448e-113
"EFHD2",8.12474708893418e-118,-0.132214134078995,0.661,0.218,3.1056033272742e-113
"EXOSC3",8.29898223671131e-118,-0.506514140888277,0.339,0.058,3.17220297016053e-113
"RASSF6",8.41329492385906e-118,1.01879743606287,0.289,0.038,3.21589785169589e-113
"ENGASE",8.51506451574174e-118,1.08087102251987,0.277,0.032,3.25479826049712e-113
"SLC5A1",8.61582662231693e-118,0.478290595270094,0.275,0.031,3.29331356811442e-113
"BLVRB",8.68650997311819e-118,-0.302403472412266,0.537,0.152,3.3203315721247e-113
"HDDC2",8.79224916613581e-118,-0.540316531117478,0.417,0.093,3.36074932126375e-113
"CCDC127",8.87378661084555e-118,0.31181010728587,0.25,0.02,3.3919161941296e-113
"EBNA1BP2",9.83385970225696e-118,-0.113201649495495,0.483,0.127,3.7588945325907e-113
"SEPHS1",1.00830740130429e-117,-0.4581023581649,0.325,0.051,3.85415421074553e-113
"GLA",1.08186503016424e-117,0.269870709045301,0.258,0.024,4.1353208912998e-113
"PLEKHA4",1.13222669176365e-117,0.76691218275512,0.252,0.021,4.32782330659737e-113
"CDC42EP3",1.2199240682004e-117,0.372610276113124,0.283,0.034,4.66303775828919e-113
"HMCES",1.24978350599669e-117,0.207404222775073,0.277,0.032,4.77717247332174e-113
"RBM27",1.27547181107933e-117,0.215920693634029,0.27,0.029,4.87536345066964e-113
"TRIM29",1.37409753566786e-117,0.449466632770317,0.302,0.043,5.25235042033684e-113
"CLASP1",1.4825851580995e-117,0.821974875362965,0.251,0.021,5.66703350831953e-113
"NME4",1.61013496621474e-117,-0.157344365893362,0.396,0.085,6.15457989485924e-113
"PTPRE",1.64784874914618e-117,0.972126138589792,0.251,0.021,6.29873705873635e-113
"NADSYN1",1.65788440016548e-117,0.415943113929158,0.313,0.048,6.33709733119253e-113
"ESPN",1.66732018099177e-117,0.267753291652144,0.254,0.022,6.37316465982294e-113
"PFDN4",1.72226703268833e-117,-0.258830004032157,0.491,0.13,6.58319350574787e-113
"NBEAL2",1.82450225621169e-117,0.334494214628555,0.308,0.046,6.97397742414356e-113
"QDPR",1.96206771918234e-117,-0.23212908808133,0.292,0.038,7.49980764980257e-113
"TPRKB",2.09928540287546e-117,-0.533988165524609,0.418,0.094,8.02430852395116e-113
"CLU",2.23628631214682e-117,1.16467195208049,0.268,0.029,8.54798079955002e-113
"USP25",2.52169451867506e-117,0.462940780970218,0.26,0.025,9.63892512818354e-113
"ATP5PB",2.67291670894082e-117,0.073702828509753,0.539,0.158,1.02169568282554e-112
"SYVN1",2.69122899394263e-117,0.0522345797732169,0.292,0.038,1.02869537064463e-112
"SPRYD4",2.99473207364201e-117,-0.209722247055301,0.274,0.03,1.14470638782892e-112
"SMYD2",2.9973002629601e-117,0.198936806784678,0.266,0.027,1.14568805251387e-112
"LMF2",3.17992818083519e-117,0.666806861825247,0.28,0.034,1.21549574784244e-112
"SNAPIN",3.31659784947091e-117,0.321115955615954,0.261,0.025,1.26773636198176e-112
"EXOSC5",3.72748610302745e-117,-0.219057275538778,0.335,0.057,1.42479428802121e-112
"POP4",3.77107919584228e-117,-0.384121192572965,0.32,0.05,1.44145731181875e-112
"HOXB13",4.09889561412179e-117,0.295577041573932,0.336,0.057,1.56676185954191e-112
"NHLRC2",4.21564876970702e-117,0.293299091057644,0.262,0.025,1.61138958573281e-112
"POLR3GL",4.29609996413751e-117,-0.27576767649383,0.299,0.041,1.64214125029192e-112
"NBAS",4.54094190667015e-117,0.534039130947181,0.252,0.022,1.7357296344056e-112
"MED24",5.51201537171245e-117,0.100292944222693,0.287,0.036,2.10691275568337e-112
"FAF1",5.63392993065219e-117,-0.0187359490712082,0.298,0.04,2.15351337669249e-112
"RIDA",6.01730184369235e-117,-0.211198389059818,0.323,0.051,2.30005345673296e-112
"ERAL1",6.14380728089624e-117,0.180629401471207,0.257,0.023,2.34840889504978e-112
"BET1L",6.56024843023157e-117,0.465048820551488,0.264,0.027,2.50758935997172e-112
"ZBTB24",7.02240979278126e-117,0.260495488595504,0.263,0.026,2.68424591919271e-112
"DTWD1",7.3759522465236e-117,0.501342628014463,0.28,0.034,2.81938398671118e-112
"FKBP5",7.5938741254337e-117,0.245204645799003,0.306,0.045,2.90268244570578e-112
"CLIP2",7.66456613440282e-117,0.804729273063838,0.26,0.025,2.92970375921413e-112
"RAMMET",7.67300041980549e-117,-0.144047993426234,0.258,0.024,2.93292768046645e-112
"CBLC",8.03563576203049e-117,-0.50175488540715,0.379,0.077,3.07154141367854e-112
"FBP1",8.28342825997146e-117,-0.192658169882557,0.365,0.071,3.16625761809149e-112
"FUT3",8.5044092195865e-117,0.437394435745159,0.325,0.055,3.25072538009475e-112
"REX1BD",8.77465689805351e-117,-0.380989100592966,0.56,0.166,3.35402485271197e-112
"MITD1",9.18509356272003e-117,-0.0420977830561755,0.316,0.049,3.5109101634141e-112
"ZSWIM7",9.75875532486287e-117,0.124404431831688,0.27,0.029,3.73018663537558e-112
"NAGLU",9.90780627693323e-117,0.528711242795753,0.261,0.025,3.78715987129496e-112
"BTBD6",1.01454736014386e-116,-0.0781914755410025,0.28,0.033,3.87800582941388e-112
"ME1",1.14075015620153e-116,-0.161183877419579,0.269,0.029,4.36040339706475e-112
"BCL11B",1.2081115153813e-116,1.15452228853706,0.264,0.027,4.61788545639348e-112
"PRPS2",1.24854627595544e-116,-0.293499232852664,0.29,0.037,4.77244328521206e-112
"VPS29",1.41200315763744e-116,-0.279281406283898,0.545,0.157,5.39724086975336e-112
"ECI1",1.41674743718108e-116,-0.490192176959981,0.505,0.136,5.41537540388096e-112
"ATP5S",1.48749230640301e-116,-0.177315101265241,0.273,0.03,5.68579059199486e-112
"CCT8",1.50325058666492e-116,-0.0539578238810076,0.562,0.17,5.74602504246799e-112
"AVPI1",1.59090060890681e-116,0.369509485663728,0.287,0.037,6.0810584874854e-112
"MLH3",1.71357408602142e-116,0.558740914036272,0.27,0.03,6.54996558640828e-112
"COMMD1",1.88119550744818e-116,-0.340939039120965,0.298,0.041,7.19068170766992e-112
"PHF19",1.88729849958752e-116,-0.393336692059103,0.321,0.051,7.21400978482333e-112
"FANCF",2.28636294902053e-116,0.115829258815285,0.259,0.025,8.73939373633607e-112
"ZNF655",2.29520752437137e-116,0.350239557550326,0.26,0.025,8.77320124115712e-112
"C1orf116",2.51034133822549e-116,0.660891590776467,0.265,0.028,9.59552873123312e-112
"KRTCAP2",2.51611538312675e-116,-0.148874466932379,0.598,0.189,9.61759944046367e-112
"PAFAH1B3",2.59779984674085e-116,-0.0382285069234566,0.469,0.122,9.92983013418223e-112
"NCBP1",2.87278696533349e-116,-0.0239788638468763,0.283,0.035,1.09809408962907e-111
"RANGAP1",2.94020285352436e-116,0.0504583753101557,0.346,0.063,1.12386313873115e-111
"DHX16",3.00152918244925e-116,0.417651497580104,0.277,0.032,1.1473045146994e-111
"ST6GALNAC4",3.19297278996265e-116,-0.237108805043802,0.28,0.034,1.22048191923532e-111
"IMPDH2",3.21712211254478e-116,0.0814864365252372,0.486,0.132,1.22971275629912e-111
"APAF1",3.35057479471018e-116,0.927753725629807,0.252,0.023,1.28072370953002e-111
"RNF7",3.47319290970666e-116,-0.0943159336062228,0.586,0.181,1.32759325780627e-111
"COA6",3.76302370822184e-116,-0.276925914101974,0.465,0.118,1.43837818223072e-111
"ACP1",3.88596479329701e-116,-0.284730412517347,0.535,0.153,1.48537118258985e-111
"EIF2S3",3.95539873788159e-116,-0.140256998238293,0.581,0.177,1.51191161356786e-111
"DDX18",4.07365900666311e-116,0.0306119854552275,0.635,0.212,1.55711541870691e-111
"P4HB",4.34483690644141e-116,0.216654352877446,0.721,0.267,1.66077045911816e-111
"TRIM4",4.57977252718727e-116,0.121361174840553,0.268,0.029,1.75057225079206e-111
"PLEKHG3",5.2283857802524e-116,0.800159698233275,0.252,0.022,1.99849818064368e-111
"CCDC66",5.26983264609998e-116,0.52276705578687,0.266,0.028,2.01434083064525e-111
"TPD52",5.3474776531368e-116,0.0741151674477789,0.603,0.196,2.04401985813501e-111
"ADH5",5.61360227496574e-116,-0.139203822173019,0.49,0.133,2.14574333358291e-111
"BCAS1",5.67385984965168e-116,0.715833712559446,0.316,0.051,2.16877618893086e-111
"SH3BP2",5.84613987915007e-116,0.564351797252705,0.279,0.034,2.23462850740632e-111
"FERMT1",5.85079002538247e-116,0.306338177204845,0.592,0.197,2.23640597930219e-111
"TUBA4A",6.03688007443591e-116,0.0791849803265318,0.588,0.186,2.30753703965238e-111
"RITA1",6.1554115629313e-116,0.217006145944207,0.254,0.023,2.35284451581486e-111
"CASP8AP2",6.32453843948293e-116,0.524978714811583,0.254,0.023,2.41749157310796e-111
"ANKRD40",6.3799272880981e-116,0.449202249997404,0.254,0.023,2.43866340660262e-111
"HSP90AA1",6.4522226248656e-116,0.850540853848556,0.946,0.722,2.46629757612863e-111
"MRPL27",6.79584330390641e-116,-0.375988106885124,0.498,0.135,2.59764314448519e-111
"TP53BP1",6.85165133048512e-116,0.295249547428989,0.264,0.027,2.61897520456463e-111
"GAS6",7.31072779332602e-116,0.0715218514781548,0.287,0.037,2.79445259172094e-111
"CSK",7.62978493960777e-116,0.0208813250175748,0.306,0.045,2.91640899531567e-111
"SMIM30",7.83512695795512e-116,-0.416309991999889,0.302,0.043,2.99489892840877e-111
"IFT52",7.95336297724701e-116,0.430337254031394,0.25,0.021,3.0400934644229e-111
"ATP6V1G1",8.19272929393396e-116,0.236413905953428,0.702,0.252,3.13158884531332e-111
"GLRX",8.37137771523398e-116,-0.180313215496658,0.426,0.101,3.19987541787104e-111
"RUVBL1",9.05944018224678e-116,-0.259069303467717,0.401,0.089,3.46288041526201e-111
"TTF2",9.57042835960353e-116,0.247239358220965,0.275,0.032,3.65820053617485e-111
"PSMA2",9.99017149647461e-116,-0.3478076000877,0.49,0.131,3.81864315281245e-111
"RBMS2",1.0313125324634e-115,0.247731606236008,0.256,0.024,3.94208902408812e-111
"CSNK2B",1.0866359599725e-115,-0.233595641408613,0.552,0.163,4.15355729339888e-111
"NMB",1.12948938758252e-115,0.0571642611643777,0.316,0.05,4.31736023509541e-111
"TPGS1",1.23644942536237e-115,0.113676896233466,0.313,0.049,4.72620428350512e-111
"MRPL47",1.2908507214141e-115,-0.459772841822489,0.455,0.113,4.93414779753326e-111
"MRPS9",1.34353103467818e-115,-0.502335425106241,0.349,0.064,5.13551302695388e-111
"FAM111A",1.37814347737676e-115,0.511047424723659,0.294,0.041,5.26781562792493e-111
"NIT1",1.38078201504231e-115,0.365244272394648,0.264,0.027,5.27790117429774e-111
"DCTN1",1.41328761558545e-115,0.179172670401819,0.283,0.036,5.40215058181382e-111
"RPP21",1.51083078817698e-115,-0.0902893632685371,0.331,0.057,5.77499960472768e-111
"RSL24D1",1.75418668460515e-115,-0.298786126197227,0.547,0.159,6.70520318323471e-111
"CEACAM6",1.76464628475887e-115,0.836542909664367,0.698,0.305,6.7451839588623e-111
"SLC27A4",1.83431982142943e-115,0.244540070193502,0.254,0.023,7.01150408543186e-111
"GOLGA5",2.09257558740193e-115,0.29737838208859,0.268,0.03,7.99866092528515e-111
"IRF7",2.16666722322854e-115,-0.0416238766540098,0.377,0.079,8.28186879406876e-111
"DRG2",2.28146291528744e-115,-0.140292560553398,0.265,0.028,8.72066384739473e-111
"JKAMP",2.32124220918806e-115,0.335852558287753,0.254,0.023,8.87271622040042e-111
"LRRCC1",2.80061268146536e-115,-0.333222570689871,0.313,0.048,1.07050619136332e-110
"HNRNPF",2.88338118780301e-115,-0.109855180557656,0.652,0.218,1.10214362522582e-110
"MCRIP2",3.05293590205446e-115,-0.222797558934519,0.484,0.13,1.1669542192013e-110
"CPT1A",3.47348285010689e-115,0.0293028218038329,0.297,0.042,1.32770408462486e-110
"GTPBP8",3.56064213566953e-115,-0.129992278047012,0.28,0.034,1.36101984993832e-110
"MFSD3",3.60267989333816e-115,-0.174860942397435,0.281,0.035,1.37708836242958e-110
"HES6",4.01993818040343e-115,-0.131974928065381,0.486,0.13,1.53658117007741e-110
"SETD7",4.09520805569773e-115,-0.0357775581141944,0.281,0.035,1.5653523272099e-110
"ZC3H15",4.25499029446107e-115,0.0630374963960095,0.618,0.203,1.6264274901548e-110
"HIST1H4C",4.33380677722631e-115,0.626613344972721,0.692,0.251,1.65655430252699e-110
"BARD1",5.51014166891838e-115,-0.0363222339400369,0.273,0.032,2.10619655152736e-110
"EBPL",5.80856877852087e-115,-0.0507285593352532,0.453,0.117,2.22026732990182e-110
"MARF1",6.30263108723147e-115,0.216355879850221,0.288,0.038,2.40911770678336e-110
"RRP9",7.49837401686343e-115,-0.20222054377754,0.285,0.036,2.86617848420588e-110
"JMJD4",8.79792396855246e-115,0.102228799691359,0.25,0.022,3.36291845773949e-110
"SOCS4",8.96736548292498e-115,-0.0608904514801294,0.281,0.035,3.42768578219325e-110
"HBS1L",9.12900959281607e-115,-0.100756877136271,0.292,0.04,3.48947262675801e-110
"GPN3",9.18026960647479e-115,-0.095977517929466,0.273,0.032,3.50906625437892e-110
"IFT74",9.60613917576488e-115,-0.173362050285444,0.279,0.034,3.67185063854437e-110
"GPT2",9.84730496134518e-115,0.52757036382538,0.263,0.028,3.76403384842458e-110
"SNAPC2",1.00512084586007e-114,0.34561481775656,0.25,0.022,3.84197392121553e-110
"RASL11A",1.15805844992994e-114,0.388158759517095,0.266,0.029,4.42656261901221e-110
"DIMT1",1.21014245963159e-114,0.17876675061448,0.25,0.022,4.62564853769578e-110
"CEP104",1.28403512669239e-114,0.292917680147683,0.252,0.023,4.908095868269e-110
"HNRNPD",1.29623721684623e-114,0.11818544893967,0.633,0.213,4.95473713767302e-110
"ANKHD1",1.33832927737711e-114,0.71964475816716,0.3,0.045,5.11562982984628e-110
"PDHX",1.46033614698682e-114,0.162266924940468,0.262,0.027,5.58198888824241e-110
"TMEM161A",1.53876510560885e-114,-0.325424114265719,0.256,0.025,5.88177573967927e-110
"MROH6",1.62690962275593e-114,0.0500312841929911,0.296,0.042,6.21869934202227e-110
"LRRC75A",1.80757564714517e-114,0.0131251330033422,0.3,0.044,6.90927715364768e-110
"TGFBI",1.81069419814764e-114,-0.152128691663851,0.501,0.139,6.92119750299954e-110
"CCDC86",1.84944307256768e-114,-0.0364510178853195,0.268,0.03,7.06931120058269e-110
"NDUFB5",1.90853513056434e-114,-0.237608524814743,0.495,0.135,7.29518468306915e-110
"PPP1R12C",2.0052395769341e-114,0.485130024155943,0.271,0.032,7.6648277588729e-110
"CXCL3",2.02856358541539e-114,0.532601929501753,0.511,0.155,7.7539814488918e-110
"INTS10",2.03309382606755e-114,-0.328996474049148,0.298,0.042,7.7712978407606e-110
"METTL5",2.25805025167104e-114,-0.287387204238171,0.509,0.144,8.63117128198739e-110
"SLC25A38",2.36055313394335e-114,0.264070455202317,0.26,0.026,9.02297829918507e-110
"RMND5B",2.53495215382384e-114,0.392997387410896,0.251,0.023,9.68960111277624e-110
"TBC1D5",2.70197562088716e-114,0.238415491735486,0.264,0.028,1.03280316132791e-109
"MRPL23",2.76606841866932e-114,-0.242795115561405,0.435,0.105,1.05730199235216e-109
"SNAP47",2.9382364928894e-114,-0.201800920381556,0.25,0.023,1.12311151704205e-109
"PACS2",2.98083138009324e-114,0.366296101736936,0.255,0.025,1.13939298672684e-109
"NAA20",3.01343776524401e-114,-0.186553128167232,0.497,0.137,1.15185645138687e-109
"HPS4",3.58641411975623e-114,0.541237740740744,0.267,0.03,1.37087093313562e-109
"WHAMM",3.75147857965219e-114,0.401214081217969,0.26,0.027,1.43396517228625e-109
"MLST8",3.80701251443035e-114,-0.6129420249142,0.335,0.059,1.45519246351586e-109
"NR1D2",3.82060138342848e-114,0.505747120275604,0.252,0.023,1.4603866728017e-109
"GTF2H1",3.8958738932061e-114,-0.233634331432767,0.296,0.042,1.4891588369391e-109
"ACOT7",4.03572281159602e-114,-0.581622641605843,0.349,0.065,1.54261468750446e-109
"NUDT15",4.04553061093614e-114,-0.247046877343758,0.316,0.051,1.54636362072423e-109
"MTMR14",4.13341710166534e-114,-0.0119277695651903,0.264,0.028,1.57995735294056e-109
"FOPNL",4.26244274634398e-114,-0.07699494744671,0.27,0.031,1.62927611536252e-109
"HINT2",4.29993289104559e-114,-0.57042434683503,0.39,0.084,1.64360634827327e-109
"USB1",4.58456177168137e-114,-0.129147938697309,0.263,0.028,1.75240289160749e-109
"REEP6",5.14127309472766e-114,-0.354568572241264,0.298,0.043,1.9652002277287e-109
"PDAP1",5.37274707882455e-114,-0.143996296876648,0.624,0.205,2.0536788434099e-109
"GMNN",5.4231808776263e-114,0.0252235188547549,0.313,0.049,2.07295665866387e-109
"ZDHHC7",5.51163094189276e-114,0.107919704321913,0.26,0.027,2.10676581122909e-109
"LURAP1L",5.63187217082694e-114,0.60928576198179,0.261,0.027,2.15272681857689e-109
"THAP11",5.67008817667323e-114,-0.254180885640712,0.266,0.029,2.16733450465157e-109
"TRAPPC2L",5.70513956425498e-114,-0.43804164043538,0.454,0.115,2.18073254704082e-109
"MACROD1",5.93046617961537e-114,-0.384500253524155,0.435,0.106,2.26686139249618e-109
"KYAT3",7.01707279522534e-114,-0.108793677997379,0.253,0.024,2.68220590524694e-109
"VPS28",8.37594398099219e-114,0.0241984070786416,0.653,0.221,3.20162082729446e-109
"ZNF511",8.76181881001178e-114,-0.51570060078269,0.428,0.102,3.3491176219389e-109
"GNL3L",8.9469731758387e-114,0.360899088363615,0.301,0.045,3.41989102673258e-109
"GRIPAP1",1.16887568149703e-113,0.40568705041061,0.262,0.028,4.46791040495426e-109
"XPO5",1.18066612712544e-113,-0.266629713431906,0.279,0.035,4.51297820432429e-109
"NDRG2",1.20716432652027e-113,0.152654047640882,0.274,0.033,4.61426492169107e-109
"PFN2",1.25944061238471e-113,0.0392516974533756,0.273,0.032,4.8140857967793e-109
"ARAP2",1.31553757974635e-113,0.912840474654658,0.277,0.035,5.02851084482246e-109
"SFXN1",1.35945585198344e-113,0.206730318693483,0.281,0.036,5.19638404862148e-109
"XAB2",1.4873632529249e-113,0.104865954066258,0.277,0.034,5.68529729798015e-109
"GCAT",1.56092085013423e-113,-0.0329759133183547,0.269,0.031,5.9664638575531e-109
"SDHAF3",1.61955355339736e-113,-0.174853095790361,0.29,0.04,6.19058150250605e-109
"INPP4B",1.65053964131072e-113,0.502367025590057,0.266,0.03,6.30902272494608e-109
"TMEM230",1.75555727108345e-113,-0.150226387187552,0.475,0.127,6.71044211298939e-109
"DDC",1.78892915693706e-113,0.336293674920096,0.254,0.025,6.8380028094762e-109
"DPCD",1.86252389170695e-113,-0.543650391539118,0.291,0.04,7.11931132366066e-109
"PIN4",1.94333231683588e-113,-0.223826398165668,0.463,0.12,7.42819344787347e-109
"CMSS1",2.01683491433367e-113,-0.266832787836832,0.373,0.078,7.70914977654901e-109
"PSMB4",2.22414807937251e-113,-0.208738320654885,0.541,0.158,8.50158361859348e-109
"ANKRD49",2.3698138523418e-113,0.461452435159728,0.295,0.042,9.05837646919128e-109
"CPSF4",2.39397694371509e-113,-0.149613798346425,0.255,0.025,9.15073746965658e-109
"POLR3K",2.72060816884688e-113,-0.212623952538973,0.308,0.048,1.03992526646003e-108
"RNF40",2.74949143926909e-113,-0.183615570975961,0.289,0.04,1.05096560774622e-108
"TUSC1",2.9250106060947e-113,-0.0937587028631386,0.253,0.024,1.11805605407364e-108
"MOGAT3",2.94854380230251e-113,0.400770575648709,0.26,0.027,1.12705138299211e-108
"HMGB3",3.04572728348996e-113,-0.304295341086735,0.432,0.106,1.1641987968412e-108
"DUSP5",3.15124283123434e-113,1.3679702346772,0.279,0.037,1.20453105981101e-108
"CDC42EP2",3.2677948719245e-113,0.255961581389834,0.255,0.025,1.24908191184442e-108
"ANAPC10",3.41346786791104e-113,-0.0512649328986465,0.26,0.027,1.30476395783031e-108
"BLOC1S2",3.44670899869041e-113,-0.0354246685044068,0.271,0.032,1.31747004765942e-108
"COPRS",3.53857191869635e-113,-0.317546736861426,0.382,0.081,1.35258373020249e-108
"TSPAN8",3.61035869089852e-113,0.57451063574414,0.65,0.241,1.38002350600905e-108
"NDUFB6",3.83078734088824e-113,-0.495065143227189,0.474,0.124,1.46428015318112e-108
"COMMD8",3.92460585378983e-113,-0.117514146810804,0.275,0.034,1.50014134155262e-108
"DECR1",4.13220494712907e-113,-0.245023599409094,0.473,0.124,1.57949401899061e-108
"PGGT1B",4.1473840150347e-113,0.206962076258721,0.259,0.027,1.58529606590686e-108
"DCXR",4.1491095871038e-113,-0.176667638861482,0.514,0.146,1.58595564857456e-108
"ACO1",4.21866298169867e-113,-0.0340608040054597,0.276,0.034,1.6125417381245e-108
"WDR36",4.46815361047748e-113,0.0160262829850533,0.265,0.03,1.70790703606891e-108
"SLC35A4",4.6281006447351e-113,0.190519012573075,0.259,0.027,1.76904519044355e-108
"NDUFA5",4.63217788349452e-113,-0.33458852730838,0.53,0.152,1.77060367418695e-108
"TACO1",4.92811669587447e-113,-0.314870214921987,0.27,0.032,1.88372332583106e-108
"SNRPB2",5.00254423997101e-113,0.191306286294272,0.573,0.182,1.91217251028652e-108
"BNIP3",5.05081110741408e-113,0.118788489260292,0.283,0.037,1.93062203769796e-108
"AKR1C3",5.13550816242857e-113,-0.268142950205289,0.31,0.048,1.9629966400067e-108
"DAB2IP",5.21580379259543e-113,0.221768125984274,0.271,0.032,1.99368884168168e-108
"MBD3",5.36024670442758e-113,-0.028336970296682,0.298,0.044,2.0489007003004e-108
"ZG16B",5.5501440401241e-113,-0.267348493814664,0.418,0.099,2.12148705789703e-108
"GALK2",5.86672772013649e-113,-0.135318466223024,0.272,0.032,2.24249800374497e-108
"POLR2F",6.30514592153379e-113,-0.257326454640936,0.47,0.125,2.41007897704708e-108
"ECI2",7.07538624061734e-113,-0.132404360189788,0.317,0.052,2.70449563661357e-108
"TAZ",7.64828817368745e-113,0.082963596310373,0.273,0.033,2.92348167151029e-108
"INO80E",8.0556885300479e-113,0.0205752672856789,0.277,0.035,3.07920638372551e-108
"MDN1",8.19055402274219e-113,0.671742119469474,0.264,0.03,3.13075736965297e-108
"LGALS9",9.26383875408328e-113,-0.434715002956014,0.415,0.098,3.54100972536079e-108
"PARP9",1.00087398280783e-112,0.605222643720204,0.26,0.028,3.82574071188463e-108
"TMEM199",1.00341351520393e-112,-0.143097215919028,0.264,0.029,3.8354478205155e-108
"DCAF13",1.02541320632276e-112,-0.0137490927719638,0.452,0.117,3.91953943984814e-108
"GMDS",1.13471945406682e-112,-0.247581524574112,0.526,0.154,4.33735164122501e-108
"SIRT6",1.17705008542589e-112,0.0758769856011554,0.282,0.037,4.49915624653192e-108
"RPS6KA4",1.20964766798225e-112,-0.291569520965797,0.275,0.034,4.62375724609534e-108
"CCDC32",1.21882544131645e-112,0.24515338359968,0.264,0.03,4.658838366888e-108
"C11orf1",1.24361344366392e-112,-0.40432553753793,0.303,0.046,4.75358802706095e-108
"MRPL54",1.3852115105105e-112,-0.422672631101636,0.493,0.135,5.29483247777532e-108
"AQR",1.46953783393087e-112,0.902947340788978,0.253,0.025,5.61716141641737e-108
"DTYMK",1.67912899801877e-112,-0.117550781494483,0.36,0.072,6.41830268202694e-108
"MAPK9",1.78426588159513e-112,0.14571450944695,0.256,0.026,6.82017790580921e-108
"NUBP2",1.81946010533888e-112,-0.53242705820182,0.341,0.063,6.95470430664734e-108
"NOL7",1.83367961681599e-112,-0.0365850672977502,0.589,0.187,7.00905696731745e-108
"CMBL",1.84262270060984e-112,-0.448120110529775,0.387,0.084,7.04324101081105e-108
"CIB2",1.98279822541817e-112,0.0188401683889334,0.254,0.025,7.57904793683841e-108
"RNF214",2.05411094942886e-112,0.151894390411024,0.255,0.026,7.85163369309686e-108
"AC010642.2",2.09452911789528e-112,-0.208688246021556,0.262,0.028,8.00612810024293e-108
"HID1",2.87008825026546e-112,0.133515329295238,0.259,0.027,1.09706253278147e-107
"OCIAD2",2.95275147575745e-112,0.152620458120614,0.602,0.2,1.12865972409353e-107
"GNE",2.99349290573604e-112,0.588038485428595,0.309,0.051,1.14423272828854e-107
"GOLGA7",3.26192188628417e-112,-0.247245738758504,0.277,0.035,1.24683702181326e-107
"PIAS4",3.28325016986334e-112,0.0568208429474528,0.253,0.025,1.25498954492856e-107
"LENG1",3.36417883956385e-112,-0.190289969546332,0.277,0.035,1.28592371963489e-107
"ACAT2",3.38305386379176e-112,-0.0894080727163071,0.319,0.053,1.29313850889576e-107
"MRPL28",3.78826908034449e-112,-0.733375567496068,0.383,0.082,1.44802797327088e-107
"TRMT1",4.3156058416672e-112,0.348872893333452,0.285,0.039,1.64959717691887e-107
"TBC1D16",4.74323743454664e-112,-0.172253356119382,0.261,0.028,1.81305507698111e-107
"MRPL4",5.20770656651194e-112,-0.415418462228978,0.498,0.137,1.99059375798353e-107
"LYPLA1",5.49412535798216e-112,0.125310904670142,0.532,0.159,2.1000744768351e-107
"IGF1R",6.15973069987670e-112,0.666623099559168,0.266,0.032,2.35449546272087e-107
"TBC1D22A",6.81762122247862e-112,0.244457849381849,0.283,0.038,2.60596753608023e-107
"ITPK1",6.96822373352699e-112,0.152144082260799,0.28,0.037,2.66353383990336e-107
"ALDH2",7.05211015683146e-112,-0.214564461565011,0.541,0.16,2.69559858634726e-107
"SGK1",7.5827883596855e-112,1.08059074334103,0.291,0.043,2.89844502260619e-107
"MAP4K3",8.3796316438431e-112,0.48007813287476,0.254,0.026,3.20303039954259e-107
"DEXI",8.50213878012452e-112,-0.526670173942781,0.267,0.031,3.2498575273148e-107
"DACH1",8.5209839113531e-112,0.424070930531764,0.254,0.026,3.25706089027561e-107
"RPS19BP1",9.35619698937209e-112,-0.316535813910983,0.569,0.173,3.57631273721759e-107
"CRNDE",9.41620422164229e-112,0.0142082435546702,0.291,0.042,3.59924990168055e-107
"TBC1D7",1.02242208324137e-111,-0.263477109311279,0.25,0.024,3.90810617098183e-107
"HDLBP",1.10065316059466e-111,-0.0816449564461623,0.653,0.225,4.20713664105702e-107
"ILF2",1.33704639404008e-111,-0.305742103902729,0.534,0.156,5.11072613657879e-107
"SULT2B1",1.33955595216781e-111,0.62649079441685,0.267,0.032,5.12031867156625e-107
"DNAJC13",1.41265159403923e-111,0.322314276020145,0.26,0.029,5.39971945305554e-107
"WRAP73",1.45493952386265e-111,-0.127882824149288,0.259,0.028,5.5613608360126e-107
"KRT20",1.48344109532243e-111,0.556238346755383,0.509,0.157,5.67030524276046e-107
"ETHE1",1.71091608272814e-111,-0.359884632324483,0.488,0.134,6.53980563462003e-107
"FOXQ1",1.86092271617911e-111,1.27958051455326,0.263,0.031,7.11319099032305e-107
"SELENBP1",1.95993599876301e-111,0.382108175432955,0.408,0.099,7.49165936167171e-107
"UROD",1.97003920512069e-111,-0.124348098558568,0.265,0.03,7.53027785765332e-107
"TSTD1",1.99730426529457e-111,-0.30548657998135,0.549,0.165,7.63449582366195e-107
"CCDC88C",2.09114819710651e-111,-0.286549643536115,0.282,0.038,7.99320486861991e-107
"COMMD4",2.19941487322521e-111,-0.574305675968854,0.373,0.079,8.40704341141604e-107
"PGAM5",2.64707524558048e-111,0.0228717901483693,0.273,0.034,1.01181804187068e-106
"IDH2",3.08718832807678e-111,-0.429379016931908,0.506,0.143,1.18004686652407e-106
"AGMAT",3.19706680492209e-111,-0.231797354997286,0.311,0.051,1.22204681551342e-106
"GPALPP1",3.40212683810098e-111,-0.112573511473052,0.278,0.036,1.30042896259572e-106
"PCGF5",3.7165941663504e-111,-0.500501125814713,0.35,0.068,1.42063095414578e-106
"POLRMT",4.49743857597877e-111,0.179385942744023,0.26,0.029,1.71910092128212e-106
"SAC3D1",5.02894935836432e-111,-0.254616960349352,0.279,0.036,1.92226560274118e-106
"PCCB",5.11549288909264e-111,-0.228964517970922,0.261,0.029,1.95534600192677e-106
"CYLD",5.86953959615313e-111,0.982579280206053,0.262,0.03,2.24357281523357e-106
"MECOM",6.06137757061364e-111,0.325490948051657,0.289,0.042,2.31690096259136e-106
"TRAK2",6.4065841985884e-111,0.126686772688341,0.254,0.026,2.44885274406843e-106
"RANBP3",7.38403426708705e-111,0.0648512561471035,0.267,0.032,2.82247325825136e-106
"FADD",7.56423465054947e-111,-0.181870879899841,0.25,0.025,2.89135305282603e-106
"MAT2B",7.62502039009031e-111,0.15991662023383,0.26,0.029,2.91458779390812e-106
"LYRM1",7.79602286752352e-111,-0.451382992357803,0.288,0.041,2.97995178088219e-106
"HAUS6",8.70153521191888e-111,0.253501406334896,0.252,0.026,3.32607481940387e-106
"NDUFV1",9.07593135802148e-111,-0.29711920517447,0.521,0.152,3.46918400229013e-106
"NHLRC3",9.15782055050855e-111,-0.0242765068040223,0.278,0.037,3.50048532722639e-106
"MDK",1.18595976889343e-110,0.798108939146186,0.52,0.173,4.53321262061825e-106
"TPD52L1",1.2148052865431e-110,-0.189496812239419,0.313,0.052,4.64347172728236e-106
"SMIM29",1.32924038135183e-110,0.0280984768846602,0.256,0.027,5.08088843367925e-106
"TNPO2",1.67225870391609e-110,0.183437408019942,0.252,0.026,6.39204166984886e-106
"MMAB",1.77929881305591e-110,-0.504519865192117,0.336,0.062,6.80119178302491e-106
"SUCLG1",1.80867081659334e-110,-0.340637375237774,0.479,0.132,6.9134633293464e-106
"ERICH1",1.92890428547393e-110,0.637027362279013,0.304,0.05,7.37304374079554e-106
"INTS13",2.26285195931175e-110,-0.100088646510443,0.25,0.025,8.64952532927324e-106
"TCTEX1D2",2.29003680917936e-110,0.132310818440134,0.255,0.027,8.75343669940717e-106
"PHB2",2.3437452188181e-110,-0.254766466028239,0.56,0.171,8.95873172441032e-106
"BOP1",2.48642054722622e-110,-0.152643249870425,0.402,0.093,9.50409389971751e-106
"TOM1L1",2.62791432147344e-110,-0.369524886081071,0.296,0.044,1.00449397024001e-105
"ATP2A3",2.7764354393308e-110,0.656908710453386,0.279,0.038,1.0612646823298e-105
"GGH",3.26704613932849e-110,0.36168756396468,0.339,0.065,1.24879571629692e-105
"DNAJC15",3.30403039765201e-110,-0.0252725819581922,0.593,0.193,1.2629325791985e-105
"R3HDM1",3.47838810319952e-110,-0.0940272941699574,0.276,0.036,1.32957906856699e-105
"ZNF576",3.6617519937372e-110,0.182572787190327,0.252,0.026,1.39966808208611e-105
"CBX5",3.70298438743908e-110,-0.384820233782008,0.442,0.112,1.41542875225471e-105
"EIF4EBP1",3.74867714868754e-110,-0.129696928617766,0.44,0.113,1.43289435331433e-105
"PPIL2",4.1157162145599e-110,0.582173757526818,0.255,0.027,1.57319136585338e-105
"PSMB6",4.24454037306744e-110,-0.169313140639868,0.524,0.155,1.6224331122013e-105
"LMO4",4.42128884131932e-110,1.04271828495709,0.306,0.052,1.6899934467059e-105
"ABCA7",4.57803991323309e-110,-0.0547070141252595,0.312,0.053,1.74990997643422e-105
"IMPA2",4.917511418662e-110,-0.590841363256294,0.371,0.078,1.87966956466936e-105
"CCDC34",4.96616294067343e-110,-0.240556494952592,0.346,0.068,1.89826612244301e-105
"ZNF267",5.09499307460803e-110,0.672761197313628,0.264,0.032,1.94751015283817e-105
"MIF4GD",5.89740452373078e-110,-0.0894261195200965,0.27,0.034,2.25422390515085e-105
"MSH6",5.91208591308836e-110,-0.106888685022001,0.266,0.032,2.25983571941890e-105
"CKB",6.71149861770889e-110,0.362096072960074,0.528,0.163,2.56540323163305e-105
"C19orf48",7.10166957734758e-110,-0.414959544248659,0.472,0.128,2.71454217924534e-105
"REXO2",7.92813701672645e-110,-0.234288296102737,0.517,0.152,3.03045109327352e-105
"CHAMP1",9.02875102070987e-110,-0.147032698400832,0.252,0.026,3.45114979015614e-105
"SEPT7",9.53136031103866e-110,0.0910944412327255,0.468,0.127,3.64326716529142e-105
"MTRF1L",9.65767203170327e-110,-0.0864750896504152,0.269,0.034,3.69154855739826e-105
"TCEA3",1.12773358110812e-109,-0.423776955933927,0.426,0.104,4.31064884042768e-105
"LEO1",1.15488750066582e-109,-0.277940545146893,0.276,0.036,4.41444198254504e-105
"SPATA20",1.20715877376006e-109,0.0819596794673467,0.277,0.037,4.61424369682047e-105
"SPICE1",1.36289941189661e-109,0.729263633331669,0.258,0.029,5.2095467120336e-105
"CPSF3",1.41168069976878e-109,-0.221646399595559,0.266,0.032,5.39600830679618e-105
"CEACAM5",1.47873576385e-109,0.865124534149168,0.803,0.466,5.65231958374024e-105
"CDX1",1.56492088042337e-109,-0.181167862340325,0.533,0.16,5.98175357333028e-105
"PIK3IP1",1.60748455613476e-109,0.653253064310114,0.266,0.033,6.14444896736951e-105
"COBL",1.73026170762789e-109,0.750082181225811,0.277,0.039,6.61375235123687e-105
"ACYP1",1.76122918069723e-109,-0.0677006097519226,0.266,0.032,6.73212242029708e-105
"C7orf50",2.11889696718141e-109,0.117027263814549,0.434,0.112,8.09927176735422e-105
"POLR3H",2.43186643093309e-109,-0.265835600798369,0.278,0.037,9.29556624559865e-105
"PRDX3",2.47250349605968e-109,-0.282927939561119,0.421,0.103,9.45089736333854e-105
"MOCS2",2.59442305440174e-109,-0.385067701385334,0.295,0.044,9.91692268314522e-105
"CDKN2AIPNL",2.59635338919119e-109,-0.363688168798266,0.275,0.036,9.92430119484441e-105
"IVD",2.79864731103801e-109,-0.155513819019931,0.295,0.045,1.06975494817117e-104
"CRACR2B",2.88218558548123e-109,-0.395991512764765,0.41,0.098,1.10168661819435e-104
"SMIM4",3.07666963252355e-109,-0.31847191328974,0.377,0.082,1.1760262003358e-104
"PLCB3",3.32867172540582e-109,0.114824277809883,0.273,0.036,1.27235148031912e-104
"TFPT",3.34179285115805e-109,-0.284003565896012,0.287,0.041,1.27736689942665e-104
"AMZ2",3.56126869676354e-109,-0.0743470897105363,0.25,0.026,1.3612593466509e-104
"CMTM7",4.19036292148245e-109,0.372951457251222,0.252,0.027,1.60172432310745e-104
"GPRIN3",4.61133250211997e-109,0.210031736561827,0.28,0.039,1.76263573561034e-104
"IFI35",4.63625017690836e-109,-0.246487115555919,0.312,0.053,1.77216026762145e-104
"IMMP1L",4.66052753183277e-109,0.079459897899087,0.257,0.029,1.78144004376776e-104
"MPV17",4.75629928481686e-109,-0.146601863551075,0.289,0.042,1.8180478386284e-104
"ECSIT",5.00473395986778e-109,-0.562863346463703,0.297,0.046,1.91300950881986e-104
"MRE11",5.66748471194596e-109,0.158473428383217,0.259,0.03,2.16633935629422e-104
"TMEM242",7.10620730550587e-109,-0.109275349628775,0.25,0.026,2.71627668045656e-104
"TAF13",7.58421721307119e-109,0.29011912088132,0.254,0.027,2.89899118752433e-104
"USP5",7.67500021787473e-109,-0.370919974270603,0.279,0.038,2.93369208328044e-104
"CKS2",7.82240607505789e-109,-0.160287608856077,0.567,0.179,2.99003649813013e-104
"TFDP1",8.23933665564051e-109,-0.205469005285318,0.316,0.055,3.14940404325203e-104
"CDC42",8.34387423065176e-109,0.152196140672263,0.713,0.266,3.18936248592433e-104
"ARPC1B",8.50258354317432e-109,-0.194537474930703,0.575,0.181,3.25002753354295e-104
"MINOS1",8.63832485547053e-109,-0.11260287889285,0.42,0.103,3.30191329275505e-104
"CORO7",8.94797462383663e-109,0.320575913463239,0.255,0.028,3.42027382021531e-104
"HNRNPK",9.55155671511405e-109,0.215397466726651,0.746,0.29,3.65098703878519e-104
"AXIN2",9.58435895742228e-109,0.537249796001622,0.264,0.032,3.66352536788509e-104
"CLDN3",1.30739455084505e-108,0.755439299368915,0.79,0.441,4.99738493115011e-104
"HTRA2",1.35451820223148e-108,-0.155951508040654,0.255,0.028,5.17751037620961e-104
"PPIB",1.604858962263e-108,-0.0179939182158745,0.639,0.224,6.13441289735411e-104
"PSMG4",1.7466526473649e-108,-0.561742397567808,0.399,0.093,6.67640507928761e-104
"PSMA3",1.78357092991329e-108,-0.168126290547028,0.52,0.155,6.81752152250057e-104
"UNC45A",1.79364321933031e-108,0.105731688115446,0.277,0.038,6.85602184156819e-104
"MRPL35",2.29445540291622e-108,-0.526702745082996,0.315,0.054,8.77032633210694e-104
"CNN3",2.47754892558754e-108,-0.510766271663555,0.309,0.051,9.4701830131658e-104
"ZNHIT2",2.80487805776411e-108,-0.307184164837091,0.283,0.04,1.07213658879975e-103
"NUP88",2.93344728063412e-108,-0.0369949966405509,0.258,0.03,1.12128088854958e-103
"SPRYD7",2.96976998385109e-108,0.0188649909936207,0.277,0.038,1.13516487862724e-103
"DROSHA",3.58614383869398e-108,0.0349126965179578,0.252,0.027,1.37076762090239e-103
"ADRM1",4.07111904391946e-108,-0.0944436972865368,0.606,0.199,1.55614454334777e-103
"ATAD3B",4.70547362361797e-108,-0.0230506053256847,0.273,0.036,1.79862023789173e-103
"RPUSD1",4.98409044130223e-108,-0.0808119443042905,0.25,0.027,1.90511873028337e-103
"WASHC3",5.00367197814264e-108,-0.399583826768422,0.317,0.055,1.91260357692524e-103
"COX20",5.78431925450923e-108,-0.350110566268021,0.554,0.17,2.21099819184361e-103
"TMEM107",5.86952172515146e-108,0.564392972689002,0.254,0.029,2.24356598422189e-103
"UBE2L6",5.89084463244601e-108,-0.389875873827757,0.307,0.051,2.25171645230616e-103
"AL445524.1",6.57202138901012e-108,-0.345485828332406,0.291,0.044,2.51208945573523e-103
"VRK2",7.15093057877402e-108,0.0665436326315443,0.267,0.034,2.73337170443058e-103
"PRMT5",7.34522755331471e-108,-0.406823793816555,0.28,0.039,2.80763977997901e-103
"EXOSC2",8.33902234676237e-108,-0.226558862084091,0.266,0.034,3.18750790182645e-103
"RTRAF",8.69624265900672e-108,-0.206798432962464,0.569,0.179,3.32405179397873e-103
"HPRT1",1.04267777076342e-107,-0.484155241382667,0.339,0.065,3.98553151096609e-103
"PUF60",1.20768413223287e-107,0.166589262412871,0.551,0.175,4.61625182704693e-103
"TBCD",1.32303277671995e-107,-0.286269459440455,0.27,0.035,5.05716048573435e-103
"STUB1",1.37069794745871e-107,-0.270325389653471,0.541,0.163,5.23935583436618e-103
"SDHAF1",1.42141346989305e-107,-0.383745681346066,0.258,0.03,5.43321084731919e-103
"HIST1H1E",1.55232138001938e-107,0.468725960154043,0.348,0.072,5.9335932429861e-103
"MRPS15",1.67983048870931e-107,-0.141160727988324,0.535,0.164,6.42098406004245e-103
"SRPK1",1.8298137410232e-107,-0.12045690297715,0.563,0.178,6.99428004368708e-103
"MRPS11",1.94646796705356e-107,-0.425358785350026,0.34,0.067,7.44017915726554e-103
"COX11",2.02182901353372e-107,0.0132242512604313,0.273,0.036,7.7282392213313e-103
"PELP1",2.12508931041232e-107,-0.12574094029571,0.253,0.028,8.12294138012004e-103
"MORC4",2.34181084124785e-107,0.251967572508075,0.254,0.029,8.95133775958577e-103
"INTS3",2.35224153747166e-107,0.448972423851939,0.269,0.036,8.99120805283166e-103
"PDZD11",2.50878395346112e-107,-0.648503623852763,0.353,0.072,9.5895757837098e-103
"DLAT",3.0364655827826e-107,-0.14145706004647,0.264,0.033,1.16065860436282e-102
"SLC7A11",3.42236694741838e-107,0.654744707674832,0.294,0.048,1.3081655419812e-102
"BLOC1S1",3.45775933382647e-107,-0.185639558537723,0.65,0.226,1.32169392776183e-102
"AIFM2",3.5827392132689e-107,-0.223428142802784,0.262,0.032,1.3694662368799e-102
"GATD1",3.63538070116206e-107,0.14420229869173,0.256,0.03,1.38958791921219e-102
"NR2C2AP",4.45179436832687e-107,-0.322784477601084,0.273,0.037,1.70165387934926e-102
"MRPL3",4.74315504611857e-107,-0.247726977325356,0.457,0.124,1.81302358482836e-102
"MRPS18C",5.02694466893631e-107,-0.500574872286586,0.428,0.108,1.92149933025422e-102
"TONSL",5.09384941729663e-107,-0.247790316019112,0.275,0.038,1.94707300126746e-102
"HMGN3",5.4609018196329e-107,-0.432544347844689,0.403,0.096,2.08737511153648e-102
"SDCBP2",5.71368742178987e-107,0.582804006144705,0.29,0.046,2.18399988010496e-102
"MLPH",6.059826176184e-107,0.43825601759621,0.335,0.068,2.31630795758457e-102
"ELAC2",6.35011832665969e-107,-0.0890756803021251,0.259,0.031,2.4272692291824e-102
"PFDN6",8.40101670835722e-107,-0.487199948624516,0.474,0.13,3.21120462660246e-102
"RHOV",9.06165977291725e-107,0.502694517030114,0.254,0.03,3.46372883159989e-102
"MCMBP",9.52668715821621e-107,-0.0184585846527066,0.257,0.03,3.64148089935656e-102
"C20orf27",1.24925880742291e-106,-0.156432360337481,0.368,0.081,4.77516686549335e-102
"SAMHD1",1.25276644527998e-106,0.235758661026867,0.261,0.032,4.78857446043821e-102
"MED21",1.42818981834385e-106,-0.127263990731341,0.277,0.039,5.45911276163753e-102
"MZT1",1.49968207951502e-106,-0.385578312714344,0.305,0.051,5.73238478073821e-102
"MIOS",1.51943621461281e-106,-0.215441227195771,0.25,0.027,5.807892986736e-102
"GLO1",1.54952669137917e-106,-0.306012368298003,0.455,0.122,5.92291082512775e-102
"ANXA4",1.65000937210303e-106,-0.103436735651143,0.601,0.2,6.30699582392664e-102
"UROS",1.72872780082952e-106,-0.159239296020919,0.286,0.043,6.60788914589074e-102
"PDK2",1.78131987928733e-106,-0.173502308919096,0.261,0.032,6.8089171065879e-102
"PSMA1",1.82708728336324e-106,-0.122705975324424,0.589,0.192,6.98385843192764e-102
"PSMA5",2.3242675407585e-106,-0.217252337715297,0.527,0.16,8.88428024779528e-102
"RABEPK",2.49852087336151e-106,-0.200308279487068,0.258,0.031,9.55034618633705e-102
"ACADM",2.98398524177496e-106,-0.396670765665669,0.301,0.049,1.14059851881606e-101
"MRPL36",2.98971759339568e-106,-0.125831797303846,0.526,0.16,1.14278965289957e-101
"MRPS26",3.09078156289213e-106,0.0707129209843316,0.484,0.142,1.18142034459989e-101
"RASA1",3.24993847754285e-106,0.0738783963808647,0.253,0.029,1.24225648365598e-101
"HIGD2A",3.36147512657067e-106,-0.295549558869416,0.585,0.185,1.28489025238037e-101
"BCL2L12",3.60038647695392e-106,-0.277062752515686,0.323,0.059,1.37621172695087e-101
"SAPCD2",3.72016988828736e-106,0.0865118885438707,0.274,0.038,1.42199773809896e-101
"ERCC6L2",3.91374562992166e-106,0.476805557196145,0.259,0.032,1.49599012958125e-101
"ICE2",3.94011348525125e-106,0.29175751695662,0.275,0.039,1.50606897860244e-101
"COPZ1",3.9516612352828e-106,-0.33771140001495,0.507,0.147,1.5104829905745e-101
"RPA2",4.31351482632209e-106,-0.264599434856974,0.264,0.034,1.64879790721335e-101
"COX7A2L",4.44122026587715e-106,-0.133742956135494,0.524,0.159,1.69761203442888e-101
"UHRF2",4.53548269348421e-106,0.51806581834017,0.253,0.03,1.73364290475741e-101
"LSM2",5.01234980562552e-106,-0.257973221284864,0.455,0.123,1.9159205897023e-101
"NAA38",5.03303111786431e-106,-0.423253339959607,0.506,0.148,1.92382581449245e-101
"PSMD9",5.70674393057656e-106,0.105365040311359,0.318,0.058,2.18134580002358e-101
"GSR",5.75901272061926e-106,0.0519347372741108,0.274,0.038,2.20132502232951e-101
"PPIL1",5.83495290314616e-106,-0.535091488756242,0.275,0.038,2.23035239769859e-101
"MCM3",6.53965138485688e-106,-0.298811724993524,0.344,0.07,2.49971634534769e-101
"PRKAR1B",6.58340173351588e-106,-0.198408463913857,0.266,0.034,2.51643947861911e-101
"NDUFA6",8.0016984681953e-106,-0.176247681463505,0.551,0.173,3.05856922248297e-101
"TAX1BP3",9.19960182762989e-106,0.0164812125775287,0.294,0.047,3.51645580259325e-101
"ECH1",9.73612140520501e-106,-0.353043282849796,0.469,0.129,3.72153504592556e-101
"EEF1AKMT4",1.08861562039025e-105,-0.318514527845495,0.253,0.029,4.16112434737968e-101
"FAM96B",1.13737358553612e-105,-0.132269041319191,0.434,0.112,4.34749679335327e-101
"C1orf174",1.31647501003007e-105,-0.0993698600003792,0.252,0.029,5.03209407833892e-101
"SLPI",1.4451921463925e-105,0.0234847235547368,0.406,0.103,5.5241024603707e-101
"CITED4",1.57753518869076e-105,-0.0907885977489933,0.278,0.04,6.02997050525157e-101
"GTF3C2",1.60544649650912e-105,-0.168283778488151,0.25,0.028,6.13665868825644e-101
"GNPDA1",1.78509534647147e-105,-0.723823946705261,0.352,0.073,6.82334845235254e-101
"BTN3A2",2.37753139386411e-105,0.468751405115363,0.264,0.035,9.08787599990619e-101
"BET1",2.50294154559235e-105,-0.216662808769947,0.262,0.034,9.56724376387221e-101
"MGST3",2.6006448558763e-105,-0.159864375468093,0.582,0.191,9.94070489710157e-101
"MXRA7",2.67638006628298e-105,-0.234890812308628,0.275,0.039,1.023019516536e-100
"ANKRD13A",2.96786747181444e-105,0.279347401182273,0.254,0.03,1.13443766242635e-100
"SLCO4A1",3.1091138801125e-105,-0.0533034299462571,0.303,0.052,1.1884276895342e-100
"SNX1",3.63711521364791e-105,0.454032165650768,0.268,0.036,1.39025091926478e-100
"NDUFS7",4.5273506184755e-105,-0.310110258155814,0.554,0.174,1.73053450040608e-100
"RDX",6.42940757768138e-105,0.0732339884474102,0.267,0.036,2.45757675249293e-100
"SIPA1L3",7.04786842331397e-105,0.395122020477203,0.258,0.033,2.69397722612753e-100
"DHRS4",7.85142947352482e-105,-0.462658190998854,0.306,0.053,3.00113040196013e-100
"PSMC5",8.33221238299859e-105,-0.406722728647043,0.508,0.149,3.18490486127738e-100
"EIF3L",9.09307111024446e-105,-0.0679961977426163,0.517,0.156,3.47573550117984e-100
"BCL2L13",1.34682529882012e-104,-0.248219175133171,0.252,0.03,5.14810502221002e-100
"STX8",1.88276686756856e-104,-0.250639248414612,0.264,0.035,7.19668807459407e-100
"THOC7",1.95572050447627e-104,-0.261235308054135,0.489,0.142,7.47554605631011e-100
"HPF1",2.18137037016702e-104,-0.102728562624751,0.259,0.033,8.3380701029264e-100
"HSD17B10",2.45156092538678e-104,-0.429818176238269,0.428,0.111,9.37084648119844e-100
"PPIH",2.64584903678871e-104,-0.582334511210453,0.365,0.081,1.01134933582212e-99
"SRSF9",2.94420769893684e-104,-0.254889148468184,0.603,0.198,1.12539395084162e-99
"DYNLT1",3.13000422909213e-104,-0.294623971920307,0.53,0.162,1.19641281652818e-99
"CASP7",3.39441792516529e-104,0.328947975044577,0.283,0.044,1.29748230771518e-99
"DNMT1",3.40569385484741e-104,-0.293530366901495,0.367,0.082,1.30179241907687e-99
"AAGAB",3.59024054543348e-104,0.227024931601475,0.25,0.03,1.37233354608649e-99
"SNUPN",3.79875564223044e-104,-0.25383624373984,0.254,0.031,1.45203635668616e-99
"THG1L",3.820838247476e-104,-0.191589648340086,0.253,0.03,1.46047721171523e-99
"MYCBP",4.15147452246568e-104,-0.424073743458902,0.306,0.054,1.58685962146728e-99
"ARPC5",4.65919947468328e-104,-0.0708126782684151,0.662,0.232,1.78093240720294e-99
"PLP2",5.57705408265483e-104,-0.226054166373769,0.587,0.192,2.13177315255398e-99
"TOMM5",6.3177948293507e-104,-0.267378462737164,0.541,0.169,2.41491389557101e-99
"WARS",6.41095013958069e-104,0.0557176310577163,0.275,0.04,2.45052158135332e-99
"AP2S1",6.85305368971204e-104,-0.0676147077259031,0.599,0.203,2.61951124235553e-99
"BCS1L",7.61588273310667e-104,-0.163202571815054,0.255,0.032,2.91109501590269e-99
"NDUFAF4",8.28379698148669e-104,-0.698623331691514,0.382,0.088,3.16639855820347e-99
"TBPL1",9.41693971872324e-104,-0.322375518653662,0.261,0.034,3.59953103808477e-99
"DGCR6L",9.8670456857255e-104,-0.346743235194147,0.276,0.04,3.77157954291171e-99
"ACTR1B",1.06056544736187e-103,-0.292785936837338,0.268,0.037,4.05390536599603e-99
"ARF1",1.15624332005539e-103,0.0635696010861665,0.692,0.255,4.41962446657971e-99
"SRSF3",1.28154790691484e-103,0.316842729157119,0.765,0.32,4.89858871939128e-99
"MRPL57",1.47892394341348e-103,-0.0934392791995854,0.621,0.214,5.6530388813037e-99
"FUNDC1",1.5103978165004e-103,-0.755963924499585,0.256,0.032,5.77334461379113e-99
"PSMB8",1.56188520575345e-103,-0.289592870074346,0.583,0.19,5.97015001047197e-99
"JOSD2",1.70239036735821e-103,-0.634485946240998,0.375,0.086,6.50721694019002e-99
"ALKBH7",1.7449962443179e-103,-0.167275456402113,0.551,0.175,6.67007364428074e-99
"RAB13",1.83354511128235e-103,-0.499345629259818,0.499,0.147,7.00854283336566e-99
"MRPL20",1.83700728356315e-103,-0.210153063666936,0.574,0.186,7.02177664069177e-99
"QTRT1",1.92628161611776e-103,-0.49653092863861,0.505,0.15,7.36301884944853e-99
"MSH3",2.09097902681216e-103,0.297640364119961,0.255,0.032,7.99255823208681e-99
"LAS1L",2.15404209617271e-103,0.0315465939599893,0.262,0.035,8.23361050841058e-99
"CCDC58",2.31253889210006e-103,-0.535673175026533,0.272,0.039,8.83944866116325e-99
"CWF19L2",2.36577663616853e-103,0.707237847116898,0.276,0.042,9.04294461409059e-99
"FAM83E",3.19900782431723e-103,0.503665846275497,0.25,0.03,1.22278875076702e-98
"COA3",3.25570347007385e-103,-0.22862498117708,0.512,0.156,1.24446009440103e-98
"PHF11",3.77911475343623e-103,-0.0639162120891195,0.263,0.036,1.44452882335346e-98
"GALK1",3.9212639573841e-103,-0.561703874523471,0.331,0.066,1.4988639350705e-98
"STYXL1",4.4741974335466e-103,-0.624737563144948,0.254,0.032,1.71021722699885e-98
"THAP7",4.8270115988159e-103,-0.313587680370601,0.289,0.047,1.84507691353139e-98
"ST6GALNAC1",5.39393036849207e-103,-0.44734151573496,0.404,0.101,2.06177594405241e-98
"FAM92A",5.76165366658506e-103,-0.37119453753703,0.256,0.032,2.20233449751547e-98
"SMAP2",6.03255255667468e-103,0.385700515587077,0.312,0.058,2.30588288926333e-98
"MRPS27",6.09715482209403e-103,-0.497612827927211,0.26,0.034,2.33057645919722e-98
"SLC25A39",6.74625663630592e-103,-0.337030349782412,0.523,0.16,2.57868913666157e-98
"NUDT1",8.31283564572978e-103,-0.507740762683503,0.396,0.097,3.17749829722375e-98
"ACSF3",9.11717897074975e-103,0.0222373500534911,0.272,0.04,3.48495048977938e-98
"CALM3",1.11520929940884e-102,-0.370869029074081,0.559,0.177,4.26277602606036e-98
"RSU1",1.15987026107962e-102,-0.133554360524485,0.252,0.031,4.43348808595074e-98
"LINC00623",1.5068136015497e-102,-0.121271094891056,0.264,0.036,5.75964431056358e-98
"BAIAP2L2",1.64263219367869e-102,0.0972184837798875,0.259,0.034,6.27879729711743e-98
"GCSH",2.10330157938404e-102,-0.371152985262122,0.371,0.085,8.03965995703756e-98
"MRPL15",2.18962184843826e-102,0.078848375970327,0.454,0.128,8.36961055347039e-98
"TIMM10",2.44120334666118e-102,-0.296857381521076,0.45,0.124,9.33125567227769e-98
"COMMD10",2.62580605453936e-102,0.178869232810014,0.252,0.031,1.00368810628713e-97
"TBC1D4",2.64592063961814e-102,0.0122198174567401,0.259,0.034,1.01137670528764e-97
"HSPA8",2.85203293711106e-102,0.521004373222821,0.873,0.456,1.09016106988133e-97
"ECHS1",2.93389057149222e-102,-0.280532456915671,0.555,0.177,1.12145033204719e-97
"ISOC2",3.05251387361608e-102,-0.530594031784987,0.468,0.131,1.16679290305101e-97
"COG4",3.08726276226193e-102,-0.0254204013654595,0.254,0.032,1.180075318247e-97
"MRPL11",3.13450314720277e-102,-0.343469583670595,0.455,0.127,1.19813248298679e-97
"UBE2E3",3.29986244689898e-102,-0.056604952462598,0.298,0.052,1.26133942170266e-97
"RPA3",3.3558786188589e-102,-0.464830494098797,0.454,0.124,1.28275104327262e-97
"MGST1",4.04883671797524e-102,-0.350963805835635,0.478,0.137,1.54762734707886e-97
"TBL3",4.17058005452855e-102,-0.256882474000426,0.259,0.034,1.59416252004299e-97
"SPATA33",4.43098207268088e-102,-0.0942948261196559,0.251,0.031,1.69369858746154e-97
"TPM1",4.77832265009253e-102,0.35820878903514,0.74,0.301,1.82646604977137e-97
"HLA-F",5.73190966391653e-102,0.119093161016076,0.416,0.112,2.19096514993545e-97
"NUDC",5.88991816749586e-102,-0.153605969739253,0.591,0.198,2.25136232034362e-97
"SPINT2",7.69061073122617e-102,0.460270724427268,0.694,0.285,2.93965904590389e-97
"NAA10",9.14823506535013e-102,-0.309710990249114,0.56,0.179,3.49682137137944e-97
"ARPC1A",9.3585346795388e-102,-0.261736482294205,0.524,0.161,3.57720629590691e-97
"RGS10",1.34836358342678e-101,-0.126273578888953,0.337,0.07,5.15398496129053e-97
"CEP83",1.36438554449206e-101,0.110013051733745,0.252,0.032,5.21522730526643e-97
"SPINT1-AS1",1.50840450741521e-101,-0.401383925792,0.329,0.066,5.7657253891439e-97
"TAF10",1.89297831230716e-101,-0.275607754349758,0.586,0.194,7.23572030096288e-97
"CYB5A",3.25694226298135e-101,-0.391481009379841,0.475,0.137,1.24493361060199e-96
"CISD1",3.47369761456872e-101,-0.665105586894185,0.386,0.093,1.32778617619275e-96
"PUSL1",3.61138617812837e-101,-0.31149157138438,0.273,0.041,1.38041625272779e-96
"PXMP2",5.2367990985249e-101,-0.0766372161077995,0.257,0.034,2.00171408742016e-96
"PRR34-AS1",5.29583048555646e-101,0.0167617088183425,0.269,0.04,2.0242782447991e-96
"SMC2",5.89969797315208e-101,-0.113691728572544,0.321,0.063,2.25510055325765e-96
"CBX3",6.48768694201384e-101,0.0521419011092256,0.671,0.247,2.47985345671537e-96
"NDUFA2",7.32920991238197e-101,-0.424157028207699,0.572,0.186,2.80151719690889e-96
"PDLIM1",7.72050042548748e-101,0.0795720973401068,0.595,0.206,2.95108408263834e-96
"AZGP1",8.1064748606471e-101,-0.220027735631574,0.312,0.059,3.09861895073375e-96
"CCNI",8.5687244379901e-101,0.25458975367819,0.698,0.268,3.27530922917733e-96
"TUFM",1.05013200777139e-100,-0.183746474610484,0.583,0.198,4.01402458650537e-96
"C12orf75",1.16494380696717e-100,-0.192201597685297,0.592,0.204,4.45288120775132e-96
"MCTS1",1.6574913804309e-100,-0.620347857601108,0.501,0.149,6.33559505255905e-96
"STOML2",3.3775636757096e-100,-0.274811819129893,0.534,0.169,1.29103993940324e-95
"NDUFAF2",3.69767831225661e-100,-0.501364014815908,0.396,0.099,1.41340055807697e-95
"PHLDA1",4.18062752165955e-100,-0.118358858321141,0.505,0.157,1.59800306387915e-95
"HSPB1",5.40513537108254e-100,0.685476408407048,0.86,0.458,2.06605894424259e-95
"FZR1",7.13847950362835e-100,-0.0968107495296842,0.254,0.034,2.7286124054669e-95
"AP1S1",8.27322875365238e-100,-0.175997962421714,0.527,0.168,3.16235895879609e-95
"NUP37",9.35089425964359e-100,-0.321531712880166,0.252,0.033,3.57428582180617e-95
"DDX41",1.19865501855865e-99,-0.28082277899874,0.252,0.033,4.58173894293859e-95
"TP53I3",1.27877196202288e-99,0.22224235118269,0.27,0.042,4.88797794763624e-95
"NDUFV2",1.38024449800081e-99,-0.320959153144433,0.556,0.181,5.27584656915831e-95
"ISG20",1.58421656714604e-99,-0.0587019184623197,0.409,0.109,6.05550940625903e-95
"HDAC10",1.72416352661289e-99,-0.0174836906836422,0.251,0.033,6.59044266412512e-95
"MRPL46",2.140382730883e-99,-0.114353220071018,0.252,0.034,8.18139895052718e-95
"TESC",2.94405892360632e-99,-0.12131624424799,0.373,0.09,1.12533708295928e-94
"FLNA",2.95490739337072e-99,0.15386486187924,0.388,0.1,1.12948380204202e-94
"SKP1",2.99741633475083e-99,0.150530860660093,0.736,0.293,1.14573241979516e-94
"DMAC1",3.65007987452967e-99,-0.302326045561746,0.48,0.142,1.39520653124022e-94
"DNAJC11",4.40106193118118e-99,-0.0125433196243905,0.264,0.039,1.68226191257469e-94
"RGCC",5.38493901478063e-99,0.851034407836819,0.346,0.08,2.05833908900975e-94
"MRPS17",5.54497167599432e-99,-0.334368664602225,0.289,0.05,2.11950997343207e-94
"MTHFD1",5.85444344067685e-99,-0.348718402054977,0.26,0.037,2.23780246076432e-94
"UBE2V1",9.62437137286859e-99,-0.261521719813063,0.413,0.11,3.67881971356529e-94
"CCDC85B",1.25151837545105e-98,-0.155279492319572,0.591,0.202,4.7838038383241e-94
"VDAC2",1.42109791985631e-98,-0.0526834063194003,0.667,0.245,5.43200468885878e-94
"POLR2K",2.19053445434629e-98,-0.183922698081032,0.56,0.186,8.37309889829325e-94
"MSL3",2.40552565536672e-98,-0.0846393245367132,0.258,0.037,9.19488126507373e-94
"HOXB9",2.82210416879755e-98,0.192957528946375,0.284,0.049,1.07872109748118e-93
"UQCRFS1",2.92130082381676e-98,-0.345950495680615,0.559,0.182,1.11663802689572e-93
"PSMG1",3.28758392149162e-98,-0.243943261952279,0.405,0.106,1.25664607815096e-93
"UCP2",3.47778337947211e-98,-0.126781026572522,0.292,0.053,1.32934791896942e-93
"SMCO4",3.79287565302991e-98,-0.307310260461772,0.284,0.049,1.44978878961415e-93
"ASS1",6.50851993541661e-98,0.0584977928828122,0.574,0.2,2.48781666011364e-93
"PRR13",1.08698486869116e-97,0.0106137746711108,0.681,0.256,4.15489096208509e-93
"HSPA6",1.15875548822034e-97,0.911684840227578,0.323,0.072,4.42922697817343e-93
"SLC25A10",1.39020603165381e-97,-0.653728734550754,0.305,0.058,5.31392353539352e-93
"IDH3A",1.80184245787666e-97,-0.454812634666046,0.258,0.037,6.88736261098774e-93
"UBC",1.97941891821084e-97,0.576855443792592,0.952,0.617,7.56613087296913e-93
"ECT2",2.08076255669739e-97,-0.317473106453266,0.321,0.066,7.95350679672012e-93
"SHF",2.45803384679034e-97,0.0171667204561938,0.264,0.04,9.3955885759714e-93
"BRD8",2.73158552474129e-97,0.34566927687501,0.254,0.036,1.04412125097711e-92
"PRMT1",2.79101653855134e-97,-0.253616351220199,0.537,0.174,1.06683816169586e-92
"RBM3",5.28667918147299e-97,0.103539737292765,0.683,0.267,2.02078025032624e-92
"CABIN1",6.06664692802864e-97,-0.235565122059627,0.253,0.036,2.31891512176967e-92
"TYMP",6.61439721296113e-97,-0.0368370410564203,0.327,0.071,2.52828719068226e-92
"CYP51A1",1.07074355676739e-96,0.311954001555298,0.296,0.057,4.09281017138766e-92
"MRPL17",1.31360007710671e-96,-0.611630194180663,0.42,0.114,5.02110493473269e-92
"ATOX1",2.56618201767121e-96,-0.405820824211378,0.527,0.167,9.80897414434643e-92
"ERN2",2.84765748478524e-96,0.604333088953551,0.277,0.048,1.08848859698431e-91
"CCT7",3.26197820169178e-96,-0.486307394479951,0.503,0.156,1.24685854781466e-91
"TIMP1",3.99442794784624e-96,-0.0211629668557803,0.579,0.2,1.52683013878475e-91
"CDK4",5.68199059947906e-96,-0.187052011324332,0.455,0.133,2.17188408674488e-91
"NQO1",5.7078381953522e-96,-0.148590890288925,0.612,0.217,2.18176407179143e-91
"LINC01184",6.81730364720071e-96,0.0926554799031019,0.27,0.044,2.605846146106e-91
"PSMB2",1.16422765788523e-95,-0.157790652164608,0.562,0.19,4.45014379950051e-91
"MRPL14",2.13735604752179e-95,-0.169271098792847,0.567,0.193,8.1698297560473e-91
"MSN",2.39422074303742e-95,0.133618454808721,0.292,0.055,9.15166936818623e-91
"MAL2",3.38904635188338e-95,0.243586921079409,0.63,0.238,1.2954290775439e-90
"COPS9",5.78096914679611e-95,-0.132881085880251,0.591,0.209,2.20971764667134e-90
"UBALD1",7.79017774119388e-95,-0.246550725703055,0.25,0.036,2.97771753979395e-90
"SPDEF",9.19653618012967e-95,-0.279206304528044,0.259,0.04,3.51528398949277e-90
"JPT1",1.05447653967565e-94,0.193602478103844,0.717,0.29,4.03063112525619e-90
"EMP1",1.56356246342077e-94,1.29239056726217,0.257,0.041,5.97656116017954e-90
"ALDH1B1",1.73758898540408e-94,-0.197720102320958,0.256,0.038,6.64176013780856e-90
"MRPL30",1.85427081160252e-94,-0.515636470792931,0.268,0.044,7.08776475026947e-90
"BOLA3",2.20127816303292e-94,-0.738830296322224,0.418,0.114,8.41416565037702e-90
"PLAC8",2.46061056939299e-94,0.157784900566779,0.337,0.078,9.40543784044776e-90
"MRPS21",2.6809416093336e-94,-0.309136691701633,0.499,0.158,1.02476312075167e-89
"RAB2A",2.99779434263394e-94,0.0876311772911524,0.618,0.228,1.1458769095284e-89
"SELENOP",3.65051378063937e-94,0.0698354031441412,0.493,0.16,1.39537238751159e-89
"TRIR",4.19790932719123e-94,-0.147506975831552,0.679,0.257,1.60460886122557e-89
"UFC1",4.70453311308492e-94,-0.215576989430671,0.593,0.207,1.79826073714558e-89
"ZMYND19",5.00886036945865e-94,-0.600832133039463,0.262,0.042,1.91458678762188e-89
"SARNP",5.03423251663512e-94,0.0166146228322948,0.265,0.043,1.92428503715861e-89
"NANS",7.17027103565663e-94,-0.316096516020086,0.596,0.207,2.74076440066939e-89
"SERP1",8.15869213346672e-94,0.0876130870043039,0.703,0.276,3.11857848109632e-89
"ZNHIT1",9.23403694178559e-94,-0.0652179051225273,0.652,0.243,3.52961828062812e-89
"ELFN1-AS1",1.02760570571108e-93,-0.357663981438165,0.284,0.052,3.92792004951003e-89
"CCND1",1.10455528599394e-93,0.172614209268824,0.563,0.204,4.22205212518323e-89
"HDDC3",1.92714597466475e-93,-0.361781548463344,0.269,0.045,7.36632277355855e-89
"TOP1",3.12029193902116e-93,0.0789248256001711,0.686,0.27,1.19270039077145e-88
"CISD3",3.63012168759097e-93,-0.20945001323635,0.536,0.179,1.38757771386477e-88
"ACADS",3.98029372075491e-93,-0.490444638546919,0.258,0.04,1.52142747182136e-88
"EPCAM",5.1285404845849e-93,0.502404641325974,0.805,0.437,1.96033331482773e-88
"MRPS34",8.88693749401011e-93,-0.262210192426269,0.608,0.216,3.39694298771042e-88
"PYCARD",9.19884760860533e-93,-0.431360175630707,0.511,0.165,3.5161675099133e-88
"CD68",1.13667491592394e-92,-0.101523149781686,0.279,0.051,4.34482619862767e-88
"RNASEK",1.15567486928616e-92,-0.179856650869156,0.405,0.114,4.41745162035943e-88
"RBX1",1.16290850804548e-92,-0.428243699048286,0.56,0.188,4.44510148115304e-88
"CMPK1",1.26962725162138e-92,-0.109520762060876,0.618,0.229,4.85302320659756e-88
"MRPS12",1.83308902931949e-92,-0.392710975341708,0.523,0.171,7.00679950567081e-88
"KIF5B",2.56411910189267e-92,0.24766765095495,0.697,0.291,9.80108885507454e-88
"COX14",2.59236610215983e-92,-0.160132698799734,0.55,0.186,9.90906018889573e-88
"SOD3",2.89400294690533e-92,-0.0395322484370493,0.404,0.114,1.10620368642509e-87
"SRI",2.89425506540101e-92,0.124865947386821,0.589,0.214,1.10630005619888e-87
"CDHR5",3.92066878314365e-92,0.875066396810584,0.251,0.04,1.49863643566883e-87
"THOC3",3.96786637900835e-92,-0.26752506615255,0.254,0.04,1.51667724471215e-87
"HEBP2",8.91856512220998e-92,0.0128091043661962,0.707,0.285,3.40903233231354e-87
"DCTPP1",1.05632059403136e-91,-0.453196614445531,0.465,0.14,4.03767983862547e-87
"UBE2V2",1.16632709181401e-91,-0.1683725543222,0.447,0.133,4.45816867574986e-87
"LAMTOR2",1.30589167065245e-91,-0.362299764226417,0.531,0.176,4.99164032190191e-87
"GPS2",2.49997749828969e-91,0.592805960466527,0.266,0.047,9.55591398946251e-87
"ATP6V1F",3.68132965222794e-91,-0.26089595266746,0.568,0.196,1.40715144626761e-86
"NPM3",3.82633822290977e-91,-0.69782438162336,0.289,0.056,1.46257952232503e-86
"PAICS",3.86523150030251e-91,-0.551081605469601,0.442,0.13,1.47744608867563e-86
"VAMP8",5.3556177380425e-91,-0.231661378556264,0.611,0.222,2.04713132418936e-86
"TPM4",5.70218490135829e-91,0.223190832170778,0.786,0.346,2.17960315669519e-86
"SKA2",6.15999341096122e-91,-0.43588456978119,0.256,0.041,2.35459588140582e-86
"ESD",7.38762597506168e-91,-0.461638513364767,0.465,0.142,2.82384615270758e-86
"TST",7.71863898248293e-91,-0.520717224868495,0.482,0.152,2.95037256466428e-86
"SCAND1",1.26246664303393e-90,-0.224232374795826,0.632,0.235,4.82565249633288e-86
"POLR1D",1.40023866494296e-90,-0.101243669595557,0.664,0.251,5.35227227287796e-86
"SNHG8",1.78362400885047e-90,0.173792214518665,0.7,0.283,6.81772441143003e-86
"FAM162A",2.59790978179937e-90,-0.42451363430244,0.536,0.18,9.93025034994991e-86
"PSMB7",2.75091325531394e-90,-0.385929234116735,0.621,0.221,1.0515090827112e-85
"UBE2S",3.09298903608355e-90,-0.141074164896216,0.633,0.236,1.18226412915258e-85
"CREM",5.05014780189812e-90,0.779808463923599,0.294,0.062,1.93036849579754e-85
"LAMTOR5",7.02550429808372e-90,-0.205186965288708,0.585,0.21,2.68542876289952e-85
"RRM1",7.88449535473639e-90,-0.0905632759527153,0.259,0.044,3.01376950439444e-85
"PFDN2",8.83806120103804e-90,-0.231423506542268,0.604,0.215,3.37826051348478e-85
"LTBP4",9.83783777485437e-90,0.715040525541466,0.282,0.057,3.76041511106033e-85
"SNRPC",1.28661957141973e-89,-0.371879348481804,0.505,0.164,4.91797464979477e-85
"DHRS4L2",1.34259861896474e-89,-0.986431744691959,0.273,0.049,5.13194896113083e-85
"IFT172",1.39443706904541e-89,-0.384280560266069,0.325,0.074,5.33009625271917e-85
"SSB",1.69694121624783e-89,0.0442036191342718,0.579,0.209,6.48638810498569e-85
"MIB2",3.26363072914692e-89,-0.58685686410162,0.371,0.098,1.24749020990912e-84
"CAPN12",3.33212454215482e-89,-0.0434201279633448,0.281,0.055,1.27367128499326e-84
"NUDT8",5.15280242341645e-89,-0.722425665789776,0.325,0.075,1.9696071983267e-84
"LINC00467",5.44003439800629e-89,-0.195932218719787,0.251,0.04,2.07939874829392e-84
"CENPX",6.39615319691163e-89,-0.466225839599312,0.544,0.184,2.4448655979875e-84
"NDUFS8",7.16784466452558e-89,-0.294464560619506,0.556,0.194,2.73983694456826e-84
"HEBP1",1.32723134005754e-88,-0.540809756873387,0.258,0.044,5.07320907423593e-84
"APIP",1.71017091365416e-88,-0.794020810206989,0.323,0.074,6.53695730035166e-84
"FAM3D",1.84080195588232e-88,0.324207280555488,0.591,0.232,7.03628139616457e-84
"WDR83OS",2.06424127030403e-88,-0.338548056434516,0.58,0.208,7.89035583161012e-84
"ANXA1",2.35821111477885e-88,0.744675237725608,0.398,0.122,9.01402616513068e-84
"PRDX6",2.37613784397147e-88,-0.0864537263274981,0.585,0.211,9.08254929479656e-84
"SNHG9",4.2267809116326e-88,-0.17227745101141,0.347,0.089,1.61564473566245e-83
"PSMB5",5.50857257587379e-88,-0.175951070272722,0.521,0.176,2.105596781402e-83
"LAMTOR4",7.55066241029628e-88,-0.226546633435349,0.599,0.218,2.88616519971165e-83
"RFC2",1.06274535845069e-87,-0.610750067895716,0.267,0.049,4.06223785814191e-83
"ZNF593",1.34948697419583e-87,-0.0580317829020843,0.549,0.195,5.15827901016615e-83
"XRCC5",2.23348075019221e-87,-0.113339720040032,0.624,0.235,8.53725681953469e-83
"PLCG2",3.01177947441448e-87,1.08811924717638,0.795,0.392,1.15122258630019e-82
"SERPINB1",3.04324427014641e-87,-0.0407112387157085,0.67,0.266,1.16324968982076e-82
"NOP10",3.84376388091742e-87,-0.337553579241704,0.585,0.207,1.46924030584188e-82
"MPC2",6.9763196223354e-87,-0.0202587797389725,0.549,0.197,2.66662841244148e-82
"PSMB10",8.03972221401237e-87,-0.425549424176453,0.377,0.103,3.07310341908409e-82
"ANG",1.8343657728376e-86,-0.469381462717273,0.268,0.051,7.01167973009445e-82
"CKS1B",1.99523322309081e-86,-0.634606111145992,0.429,0.128,7.6265794719423e-82
"ARL6IP4",2.53816744718315e-86,-0.18740729759814,0.679,0.262,9.70189125011289e-82
"ATAD2",2.5942504389186e-86,-0.044666746199483,0.305,0.069,9.91626287772246e-82
"VSIG2",3.08753017241566e-86,0.138285460876531,0.258,0.047,1.18017753310416e-81
"NPDC1",3.3877391510565e-86,-0.219692740568923,0.445,0.142,1.29492941309984e-81
"SRP9",3.55758372361018e-86,-0.401728608977455,0.587,0.21,1.35985080251276e-81
"PGLS",4.38975924714486e-86,-0.235548698601802,0.58,0.207,1.67794157462865e-81
"PGK1",5.00241947405203e-86,-0.182488548225658,0.681,0.265,1.91212481976165e-81
"H3F3B",5.35803511368379e-86,0.557143057439575,0.909,0.554,2.04805534185449e-81
"POLD2",7.08262675265076e-86,-0.399747675498858,0.519,0.176,2.70726324993322e-81
"C19orf70",9.03424273379651e-86,-0.180409439789214,0.438,0.133,3.45324894256638e-81
"NAP1L1",1.70370622397161e-85,-0.100253837454141,0.68,0.269,6.51224667050907e-81
"PRSS3",3.00019781319661e-85,-0.116894688440034,0.595,0.224,1.14679561211627e-80
"C6orf48",4.13336891528632e-85,-0.315770280710247,0.438,0.134,1.57993893417904e-80
"TIMM8B",2.66689074856061e-84,-0.335181244137417,0.542,0.19,1.01939231972981e-79
"FIS1",3.20922784684243e-84,-0.184022845817778,0.577,0.213,1.22669525217705e-79
"COA4",3.75935406178751e-84,-0.297193888846049,0.521,0.181,1.43697549657766e-79
"NUPR1",4.37712264234948e-84,-0.120568899477493,0.432,0.137,1.67311135881167e-79
"TUBA1A",4.62251723801728e-84,0.874495292166689,0.277,0.059,1.76691098905973e-79
"CYSTM1",4.67942317355818e-84,-0.261644127723769,0.626,0.236,1.78866271386088e-79
"AKR7A3",7.41306390749668e-84,-1.00528827876117,0.272,0.054,2.83356954800153e-79
"HMGB2",1.74956900297143e-83,-0.103517015557409,0.486,0.165,6.68755255695799e-79
"CENPF",2.07416677217871e-83,0.59571179349863,0.303,0.073,7.92829506997589e-79
"JTB",3.13096280587915e-83,-0.230444669940988,0.61,0.232,1.19677922291925e-78
"PSMD8",3.50977144738366e-83,-0.207654160923165,0.642,0.244,1.34157503804793e-78
"SNRNP25",6.67562747042902e-83,-0.703378949249995,0.283,0.06,2.55169184429679e-78
"PRKDC",6.78584604528721e-83,0.196550631740105,0.52,0.19,2.59382179235058e-78
"NEDD8",9.89660908681161e-83,-0.297064027197576,0.575,0.212,3.78287985734287e-78
"MRPS33",1.21561162346208e-82,-0.416205363928177,0.465,0.152,4.64655386952145e-78
"BIK",1.30813402543036e-82,-0.452175630736499,0.3,0.069,5.00021149880501e-78
"OLA1",1.64792828575539e-82,-0.369521482121342,0.526,0.182,6.2990410794714e-78
"ICAM3",1.77691314718756e-82,-0.554277044153244,0.274,0.057,6.79207281380974e-78
"ST13",1.83186397137836e-82,-0.0717056030694683,0.673,0.272,7.00211684419664e-78
"DUT",2.46133948936714e-82,-0.576184072682754,0.38,0.108,9.40822406415695e-78
"ENY2",2.8234905210689e-82,-0.109353331349645,0.641,0.255,1.07925101677338e-77
"RSL1D1",3.23979586766655e-82,-0.270654254362627,0.596,0.223,1.23837957245686e-77
"ARPC2",3.55985266576044e-82,0.227482313559823,0.762,0.343,1.36071808296027e-77
"NDUFA12",4.16430372909547e-82,-0.373286471156618,0.573,0.208,1.59176345740945e-77
"ANXA5",5.85804316891245e-82,-0.313660152421493,0.329,0.084,2.2391784208851e-77
"LSM3",6.1353837137543e-82,-0.546251323431301,0.518,0.179,2.34518907074544e-77
"ETS1",6.92060961854849e-82,0.853051886710985,0.258,0.052,2.64533382059397e-77
"MUC4",1.05288968585018e-81,0.951678645988711,0.255,0.052,4.02456553519372e-77
"SLC39A4",1.72471716729694e-81,-0.124623011226206,0.54,0.197,6.59255890027584e-77
"SF3B5",2.12595965230918e-81,-0.443796315375743,0.581,0.213,8.1262681749866e-77
"GSTO1",2.24620865517494e-81,-0.512731953312244,0.52,0.181,8.58590796354071e-77
"IFITM2",2.6733591148232e-81,-0.378317354606064,0.472,0.158,1.02186478805002e-76
"PSMB9",3.37045429422285e-81,-0.46671791901944,0.436,0.139,1.28832244942374e-76
"CCDC88B",4.21384565908697e-81,0.329159855814713,0.265,0.055,1.6107003647294e-76
"PSME1",4.44161176220249e-81,-0.35008862657361,0.601,0.227,1.69776167998428e-76
"C15orf48",1.41166577510134e-80,0.100552518781445,0.579,0.23,5.39595125874734e-76
"UQCC2",1.53898018634019e-80,-0.330045728337009,0.501,0.175,5.88259786426675e-76
"SELENOH",2.01402631454027e-80,-0.0577783932629994,0.675,0.274,7.69841418469874e-76
"PDCD6",2.14314599686631e-80,-0.223048769932542,0.605,0.233,8.19196125842179e-76
"CORO1A",2.71272300949157e-80,-0.0970705684529987,0.256,0.051,1.03691124314806e-75
"LINC01133",3.60594042773423e-80,-0.0421598362139866,0.283,0.064,1.37833466909713e-75
"CXCL1",4.20830709209356e-80,0.293004673952082,0.329,0.089,1.60858330288184e-75
"AK1",4.52208696802418e-80,-0.279543135082587,0.296,0.07,1.72852252265756e-75
"EIF3G",5.23009151105031e-80,-0.309216360131715,0.675,0.264,1.99915017918387e-75
"C1QBP",8.2532519237368e-80,-0.284595968565947,0.524,0.188,3.15472301532915e-75
"HSBP1",2.94459486682945e-79,-0.265542660189124,0.625,0.242,1.12554194189689e-74
"MRPL13",3.19194813019205e-79,-0.178757766043778,0.484,0.168,1.22009025328461e-74
"TPM3",3.78661618243196e-79,0.066505293575204,0.786,0.352,1.44739616957279e-74
"ANXA13",1.0241351194319e-78,-0.480716642304763,0.36,0.102,3.91465408051649e-74
"NHP2",1.92818155472634e-78,-0.302857949914572,0.535,0.193,7.37028117478598e-74
"BANF1",2.03120715165196e-78,-0.335839428666302,0.548,0.201,7.76408621647444e-74
"POLR2I",3.62778108693382e-78,-0.444458540798479,0.531,0.19,1.38668304266958e-73
"ASCL2",3.70244382670237e-78,0.203243877547447,0.423,0.141,1.41522212831871e-73
"PTP4A3",6.99869940537777e-78,0.01558152164867,0.371,0.11,2.6751828607116e-73
"RAB25",9.19695643391951e-78,-0.381722886923083,0.558,0.207,3.51544462730139e-73
"NDUFA11",1.14084111139699e-77,-0.414245752552364,0.608,0.228,4.36075106420385e-73
"CXCL14",1.24192289137915e-77,1.7874600599277,0.321,0.103,4.74712606000765e-73
"MAGOHB",1.3319272106074e-77,-0.609298818101369,0.256,0.052,5.09115856982571e-73
"TMEM54",1.81622097568829e-77,0.083918876349256,0.642,0.266,6.94232305747093e-73
"NDUFC1",4.80485878470721e-77,-0.401804544870493,0.605,0.231,1.83660922186648e-72
"TSTA3",1.03111242770535e-76,-0.256040616205035,0.609,0.236,3.94132414366093e-72
"LSM4",1.07312771358135e-76,-0.334554566316645,0.594,0.227,4.10192337239334e-72
"DNPH1",3.34939448748516e-76,-0.553894543243226,0.494,0.171,1.28027254889633e-71
"SAP18",3.69606157679229e-76,0.048553069067145,0.746,0.323,1.41278257711309e-71
"H2AFV",2.47320480488725e-75,-0.0267597560932866,0.626,0.259,9.45357804620103e-71
"HSPA2",2.55565006683689e-75,0.373240825613279,0.296,0.077,9.76871681547733e-71
"MRPL51",1.06932559373197e-74,-0.336867373804547,0.574,0.221,4.08739014948107e-70
"UXT",2.06455113238307e-74,-0.469823470372182,0.566,0.213,7.89154024842106e-70
"PPP1R1B",2.11906111392011e-74,-0.377569818993619,0.519,0.191,8.09989920184824e-70
"NDUFB10",3.00621671164526e-74,-0.380313825177311,0.636,0.253,1.14909627585928e-69
"TBCA",3.04720170197362e-74,-0.280516984614797,0.644,0.259,1.1647623785624e-69
"EIF3I",4.13927101203381e-74,-0.367152952586155,0.587,0.227,1.5821949516398e-69
"PCNA",4.69805626915298e-74,-0.693012044294468,0.365,0.108,1.79578502832103e-69
"ZNF706",4.97292581605935e-74,0.0739487599303563,0.673,0.289,1.90085116393052e-69
"MUC20",5.63351129804875e-74,0.341283737266599,0.262,0.061,2.15335335856615e-69
"MZT2A",9.90670511507815e-74,-0.170282436467277,0.61,0.245,3.78673896318747e-69
"ALDOA",1.07173879973614e-73,-0.382815186692835,0.296,0.076,4.09661438811143e-69
"SF3B6",1.1462991817094e-73,-0.241756004530936,0.595,0.232,4.38161399216601e-69
"SNRPD3",1.37504925561474e-73,-0.42088373047968,0.558,0.211,5.25598827466177e-69
"PRAP1",1.76552629446245e-73,-0.41672419859696,0.307,0.082,6.74854770795328e-69
"ATP5PO",2.23963109628078e-73,-0.301407079651778,0.621,0.243,8.56076590242364e-69
"NDUFA13",2.78499947806654e-73,-0.447389616665454,0.641,0.252,1.06453820049615e-68
"TRMT112",2.90619785755137e-73,-0.297794506791532,0.621,0.245,1.11086506907044e-68
"CDKN2A",6.83808786166715e-73,0.165093090559365,0.284,0.072,2.61379070424365e-68
"HNRNPA2B1",7.01095304846341e-73,0.379812755443613,0.866,0.463,2.67986669324465e-68
"ERH",9.12649307829104e-73,-0.379453787467265,0.547,0.206,3.48851071424597e-68
"TUBB4B",1.13612841495241e-72,0.251767086410283,0.812,0.386,4.34273725331411e-68
"FBL",1.68995354143103e-72,-0.457202988260364,0.545,0.203,6.45967841676598e-68
"COPE",2.99630154342421e-72,-0.396947417641481,0.651,0.262,1.14530630195847e-67
"SRM",3.66157265067286e-72,-0.397748128548167,0.452,0.158,1.3995995299932e-67
"PHPT1",6.23554061483867e-72,-0.100532465894153,0.64,0.266,2.38347304461593e-67
"IFI16",9.15158921414448e-72,-0.217430694180943,0.263,0.062,3.49810346121459e-67
"WFDC2",1.12245074779043e-71,-0.140216188233452,0.381,0.123,4.29045573835413e-67
"YWHAB",1.25171184976925e-71,0.270443686246389,0.788,0.392,4.784543374558e-67
"MCM4",1.65321946451085e-71,-0.610267915365742,0.29,0.074,6.31926608114628e-67
"CIB1",2.04223043925444e-71,-0.118188416767784,0.703,0.301,7.80622163100615e-67
"CD9",2.94137676850214e-71,-0.0539529756540458,0.697,0.309,1.12431185599226e-66
"ANAPC11",3.51186324390774e-71,-0.191281629002721,0.568,0.224,1.34237460635129e-66
"NDUFB3",5.48272341720558e-71,-0.590823850198587,0.57,0.217,2.09571619899266e-66
"MRPL41",6.25525709151447e-71,-0.321580833788385,0.643,0.263,2.39100947066049e-66
"CCT5",9.76393570060746e-71,-0.077552687428456,0.623,0.258,3.73216678220019e-66
"DEK",9.87040365535517e-71,0.0304097261834977,0.756,0.34,3.77286309322296e-66
"TMEM238",1.44525268155197e-70,-0.354427704793579,0.656,0.272,5.52433384996425e-66
"DDT",1.64857860317552e-70,-0.0683232931859958,0.591,0.241,6.3015268527781e-66
"NUCKS1",1.67232898194162e-70,-0.101432874949527,0.658,0.279,6.39231030057363e-66
"MT2A",2.423460372373e-70,-0.0632339829037742,0.461,0.171,9.26343492735856e-66
"STARD10",2.50078753848905e-70,-0.225812768994762,0.642,0.267,9.55901028712055e-66
"IFI27L2",2.51253012959946e-70,-0.727792964638408,0.323,0.093,9.60389516738098e-66
"SELENOM",3.37702342426247e-70,-0.690375663720514,0.261,0.061,1.29083343369009e-65
"AES",3.75099694186638e-70,-0.0791722186146199,0.482,0.177,1.43378107105901e-65
"S100P",9.12416449357702e-70,0.0126153456073828,0.698,0.311,3.48762063602488e-65
"SNRPD1",1.2457949792085e-69,-0.541204745983396,0.539,0.204,4.76192672852655e-65
"GADD45GIP1",2.8796555837177e-69,-0.439579770720682,0.635,0.257,1.10071955032025e-64
"GGCT",1.03900419822178e-68,-0.572967090528155,0.511,0.19,3.97148964728293e-64
"TOMM20",1.38324367603514e-68,-0.028218390098645,0.642,0.279,5.28731062727671e-64
"S100A16",2.76134511829513e-68,-0.551924691827238,0.587,0.232,1.05549655801713e-63
"SERBP1",3.18622454121742e-68,0.114925998367857,0.709,0.332,1.21790246863495e-63
"PCBD1",3.45423351646509e-68,-0.258260236350171,0.559,0.223,1.32034621933361e-63
"EIF4B",3.78809333355583e-68,-0.119665223732943,0.704,0.311,1.44796079581838e-63
"ATP5F1C",4.24300344311845e-68,-0.354792371803162,0.591,0.237,1.6218456360976e-63
"METTL26",1.71767680030086e-67,-0.481004990648285,0.592,0.234,6.56564780147e-63
"NDUFB1",4.12432566300702e-67,-0.453761025554922,0.593,0.236,1.5764822414278e-62
"MKI67",1.24024410567414e-66,0.471033377000682,0.275,0.074,4.74070906952884e-62
"TXNDC17",1.27286857355774e-66,-0.330578079049962,0.605,0.247,4.86541283556711e-62
"TUBA1C",2.41273802943598e-66,-0.020338311469658,0.692,0.305,9.2224498437161e-62
"NDUFAB1",3.82129413153765e-66,-0.438911498623416,0.568,0.226,1.46065146883895e-61
"PKM",4.26521728399481e-66,-0.251386413017522,0.706,0.308,1.63033665463418e-61
"EIF6",9.84015466671183e-66,-0.146959250571254,0.647,0.278,3.76130071980393e-61
"MRPL52",6.867947327643e-65,-0.581714233319685,0.576,0.227,2.62520418651826e-60
"MRPL12",8.10517868055811e-65,-0.39362228246167,0.569,0.229,3.09812349885653e-60
"NDUFB9",1.28058899449606e-64,0.0358260541623081,0.611,0.274,4.89492337256173e-60
"SPINK1",4.55544850975304e-64,-0.0214308662068892,0.551,0.231,1.741274638368e-59
"TKT",6.3327531752912e-64,-0.098417346286661,0.628,0.273,2.42063157372331e-59
"TCEA1",8.91052925170176e-64,-0.222209635144618,0.62,0.262,3.40596070117048e-59
"EIF3F",2.35801133399994e-63,-0.337961162089968,0.605,0.253,9.01326252308136e-59
"NSA2",3.69006876681877e-63,-0.422668668877139,0.637,0.266,1.41049188542881e-58
"HLA-C",3.70524574110562e-63,0.265659685554662,0.799,0.414,1.41629313208021e-58
"CST3",4.72922325065356e-63,0.341590987466187,0.782,0.464,1.80769829532982e-58
"HMGN1",6.09236186258263e-63,0.051388235693415,0.774,0.37,2.32874439835358e-58
"SLIRP",8.33375863326528e-63,-0.492874085618899,0.571,0.23,3.18549589997932e-58
"SSBP1",1.62785419133298e-62,-0.22205572866054,0.616,0.259,6.22230986095117e-58
"SELENOW",1.20611647776833e-61,0.294574964318256,0.741,0.386,4.61025962462167e-57
"YWHAZ",1.94964938764706e-61,0.249862255751956,0.848,0.476,7.45233981934211e-57
"TM4SF5",3.75440268483161e-61,-0.376873792827533,0.256,0.068,1.43508288225004e-56
"POLD4",3.85809574839017e-61,0.0186762658534386,0.277,0.082,1.47471851886466e-56
"AURKAIP1",4.611627772506e-61,-0.305197305962196,0.668,0.294,1.76274859976269e-56
"PSMB3",5.82614951528524e-61,-0.411315072952366,0.612,0.257,2.22698739072263e-56
"CCT6A",1.14613983431813e-60,-0.0698497268874221,0.625,0.278,4.38100490269761e-56
"TALDO1",1.75040836922485e-60,-0.318386062462005,0.614,0.26,6.69076095052506e-56
"DYNLRB1",2.91022255897317e-60,-0.0971818871904717,0.632,0.279,1.1124034709419e-55
"C8orf59",3.10313173268257e-60,0.244296707098238,0.464,0.19,1.18614107350059e-55
"HNRNPA3",5.31347813357501e-60,-0.0163240369541287,0.748,0.358,2.03102388177771e-55
"LSM7",6.66578656732869e-60,-0.123740834201735,0.679,0.31,2.54793025749572e-55
"MARCKSL1",1.02775570242277e-59,0.221019542359624,0.787,0.411,3.92849339694081e-55
"RNASE1",1.16067123272099e-59,-0.822914255714872,0.438,0.166,4.43654971995273e-55
"PA2G4",1.91163196903946e-59,-0.069371575588316,0.666,0.299,7.30702203845644e-55
"TMEM258",2.00467306121811e-59,-0.230047042972382,0.648,0.285,7.66266230920011e-55
"NDUFB4",5.49675041036878e-59,-0.191725730048854,0.647,0.287,2.10107787685936e-54
"NDUFA3",8.47004712474388e-59,-0.628845409227953,0.624,0.261,3.2375908129621e-54
"IL32",9.62825692936841e-59,-0.0795292253595672,0.725,0.339,3.68030492868178e-54
"PIGR",1.02988549337969e-58,0.421645266833985,0.654,0.353,3.93663430989452e-54
"CRIP1",1.04793953501912e-58,-0.0510560089709202,0.697,0.325,4.00564407865707e-54
"PTTG1",1.12070540693738e-58,-0.189400283127939,0.284,0.086,4.28378434747743e-54
"VDAC1",1.15029243418875e-58,-0.217475048071964,0.686,0.306,4.39687780044308e-54
"LSM5",2.16047973935009e-58,-0.512646543342635,0.572,0.241,8.2582177556918e-54
"CCT3",5.65581688245668e-58,-0.245759617007507,0.637,0.281,2.16187944515024e-53
"SERPINA1",2.80118704526685e-57,-0.534532095340514,0.318,0.106,1.0707257361828e-52
"SNRPE",3.92266904861889e-57,-0.253980601281848,0.581,0.251,1.49940101714409e-52
"RANBP1",4.07344844359786e-57,-0.360241702129937,0.567,0.242,1.55703493308085e-52
"UBB",2.1753404248601e-56,0.334736848276787,0.853,0.486,8.31502123998523e-52
"COX17",2.59625521939459e-56,-0.598653347620808,0.608,0.256,9.92392595061389e-52
"PCCA",3.06110549667356e-56,-0.464235398950192,0.344,0.122,1.1700769650485e-51
"MT1G",8.20857645290579e-56,-0.255850011336815,0.319,0.108,3.13764626335871e-51
"RAMP1",8.26249641006802e-56,-0.233145294165892,0.313,0.107,3.1582566277844e-51
"CYC1",2.05802694980292e-55,-0.0152461824107681,0.612,0.283,7.86660221292666e-51
"GNG5",3.00658408081664e-55,-0.0698903266111506,0.66,0.306,1.14923669905135e-50
"ATP5PD",4.11820464047392e-55,-0.537112601447825,0.633,0.274,1.57414254177475e-50
"MT1E",1.86461490275198e-54,0.0210559857549525,0.378,0.147,7.12730400427915e-50
"RPL18A",3.40287376643806e-54,-0.62228339818234,0.941,0.924,1.30071446848328e-49
"PSME2",1.42772622416274e-53,-0.462986597903908,0.608,0.265,5.45734071923966e-49
"MYL12A",3.44984544696296e-53,-0.144532571435484,0.711,0.333,1.31866892364712e-48
"C9orf16",6.24927213904957e-53,-0.222212487643335,0.664,0.309,2.38872178243031e-48
"HLA-B",3.37539697377793e-52,0.362140543646624,0.855,0.501,1.29021173925687e-47
"PSMB1",3.43912838824505e-52,-0.155116164738466,0.632,0.295,1.31457243512279e-47
"S100A14",3.58848860584463e-52,-0.278818441684729,0.674,0.312,1.37166388469805e-47
"S100A4",3.94347018341622e-52,-0.52305492688873,0.489,0.212,1.50735204290902e-47
"PTMS",8.48884969302249e-52,-0.385164305570369,0.675,0.308,3.24477790666092e-47
"TIMM13",1.38444555748368e-51,-0.359795592851535,0.608,0.272,5.29190469892563e-47
"EIF2S2",1.61204019444268e-51,-0.0951682340920748,0.692,0.329,6.16186243923772e-47
"RPL35",3.90383800908472e-51,-0.572583409351424,0.949,0.911,1.49220304059254e-46
"SLC25A3",6.34145154530124e-51,0.0165761316039803,0.776,0.39,2.42395643867595e-46
"SNU13",1.89355755340563e-50,-0.362229094943585,0.679,0.314,7.23793439213768e-46
"RPS12",1.94816356061373e-50,-0.592089255312434,0.961,0.951,7.44666039408992e-46
"ADIRF",6.65332615014617e-50,-0.712167993512259,0.373,0.145,2.54316738763187e-45
"ANP32B",8.50338609240544e-50,-0.31045640163018,0.701,0.335,3.25033429996106e-45
"HMGA1",1.17959904322968e-49,-0.406857477720267,0.635,0.291,4.50889938284112e-45
"PEBP1",1.31583191584214e-49,-0.074614802926243,0.628,0.301,5.02963591511499e-45
"PDCD5",2.88324912757067e-49,-0.368376110946586,0.583,0.263,1.10209314652261e-44
"ROMO1",3.06637063096227e-49,-0.233489045099942,0.667,0.309,1.17208950997902e-44
"C19orf53",3.10817220367802e-49,-0.348095367601459,0.667,0.308,1.18806774313389e-44
"PRELID1",6.3541180997736e-49,-0.241793333646021,0.663,0.309,2.42879810245746e-44
"PHB",7.52160029107038e-49,-0.353848989372932,0.633,0.293,2.87505649525874e-44
"PRAC1",7.5639497132217e-49,0.193349552911587,0.355,0.138,2.89124413838186e-44
"HLA-A",1.71684771473349e-48,0.232993817658966,0.858,0.494,6.56247870479728e-44
"SOD1",2.66156267295014e-48,-0.206156100769786,0.701,0.331,1.01735571610846e-43
"HSPD1",5.22851761467024e-48,0.364015933903825,0.831,0.543,1.99854857303155e-43
"CD63",7.33354214157484e-48,0.27753723819382,0.762,0.467,2.80317314819557e-43
"NDUFB7",1.08173562645885e-47,-0.26342554175667,0.696,0.327,4.13482625857631e-43
"MTRNR2L1",1.25760955099752e-47,-0.298020504913749,0.659,0.309,4.80708674773291e-43
"MT-CO3",1.8651395644156e-47,-0.571480326481137,0.997,0.994,7.12930947102221e-43
"NCL",2.5545805440527e-47,0.140166636467667,0.799,0.442,9.76462867158706e-43
"NOP53",4.02035038434513e-47,-0.363520898950441,0.683,0.321,1.53673873091208e-42
"MDH2",4.68648880505277e-47,-0.218201312548814,0.634,0.3,1.79136348084337e-42
"CLTA",5.46009547474632e-47,-0.0377570466366886,0.736,0.371,2.08706689426704e-42
"EIF5A",5.79866195911507e-47,-0.656047053913389,0.64,0.287,2.21648054725214e-42
"GUK1",5.17240203380818e-46,-0.224920965672732,0.749,0.368,1.97709895340284e-41
"POLR2L",5.63621800483093e-46,-0.422642210800662,0.703,0.33,2.15438797016657e-41
"RPS27L",5.99748810476328e-46,-0.362791115778582,0.702,0.333,2.29247985316471e-41
"HMGN2",1.0498969128682e-45,-0.0756450327380527,0.663,0.332,4.0131259597474e-41
"MT-ATP6",1.16142589354554e-45,-0.497202444191492,0.997,0.994,4.43943433548846e-41
"GTF3A",3.87340657353486e-45,-0.469067155311025,0.608,0.279,1.48057092866796e-40
"AGR2",8.11318444309916e-45,-0.166334094240807,0.682,0.378,3.10118362153022e-40
"CENPW",9.14210943640125e-45,-0.951561982850587,0.252,0.084,3.49447991097001e-40
"SNRPG",6.06715720680783e-44,-0.481087669810343,0.643,0.3,2.31911017073022e-39
"GABARAP",4.28946116128152e-43,-0.320752820388905,0.299,0.117,1.63960363428825e-38
"SNRPB",6.12311999817703e-43,-0.0308024212605553,0.62,0.313,2.34050138810319e-38
"SEM1",3.07537104955527e-42,-0.127685621952544,0.683,0.342,1.17552982998201e-37
"RAC1",1.03812660627222e-41,0.130960332386212,0.785,0.446,3.96813513981494e-37
"SUMO2",1.1882311519309e-41,-0.0952007395083661,0.702,0.357,4.54189475514069e-37
"CD74",1.21473681515231e-41,-0.714725706806893,0.503,0.232,4.6432100022382e-37
"SEC61B",4.12692469649261e-41,-0.33310038234623,0.708,0.348,1.57747569598734e-36
"COMMD6",5.04200085548864e-41,-0.259275888418012,0.669,0.329,1.92725440700198e-36
"PABPC1",5.17912069986334e-41,0.279927585056315,0.912,0.654,1.97966709631576e-36
"RPL36AL",3.61712208482031e-40,-0.0891258707224261,0.746,0.384,1.38260874570171e-35
"IFITM3",4.83227168399681e-40,-0.301166652430907,0.6,0.293,1.84708752849094e-35
"ATP5MPL",5.31855101687369e-40,-0.434472377201476,0.661,0.316,2.0329629406898e-35
"ETFB",5.86466346093445e-40,-0.543081639829297,0.536,0.247,2.24170896130759e-35
"CDC42EP5",1.29157398001474e-39,-0.651647598018562,0.629,0.304,4.93691238120836e-35
"RPLP1",1.46149929120023e-39,-0.46565590403818,0.967,0.962,5.58643489068376e-35
"COX8A",1.74817034307722e-39,-0.318365438418248,0.68,0.339,6.68220631937837e-35
"ANXA2",2.90565171184243e-39,-0.11343993459209,0.802,0.436,1.11065631033465e-34
"SET",2.95014888017954e-39,-0.0888045907132651,0.774,0.41,1.12766490795983e-34
"FXYD3",2.98853115982521e-39,-0.226669594722206,0.684,0.347,1.14233615053159e-34
"CHCHD10",3.31272077265941e-39,-0.526458371626428,0.632,0.303,1.26625438814133e-34
"MTRNR2L12",5.71103722747144e-39,-0.455439557407201,0.986,0.929,2.18298686982868e-34
"RPL21",6.54040355642175e-39,-0.616540324749718,0.909,0.867,2.50000385540665e-34
"LDHA",7.10994499177599e-39,-0.152772558395542,0.751,0.392,2.71770537365645e-34
"CALM2",1.44933553679624e-38,-0.0964734828413873,0.811,0.43,5.53994015584996e-34
"CYCS",2.98561840782096e-38,-0.0725903689784111,0.752,0.398,1.14122278020549e-33
"NME1",4.99520876424631e-38,-0.486029683959177,0.503,0.239,1.90936859804551e-33
"CALM1",5.76659030330038e-38,0.0936180770677124,0.799,0.453,2.20422147753354e-33
"PPP1R14B",1.16106721865595e-37,-0.156612937430552,0.648,0.333,4.43806333659049e-33
"IGKC",1.42144638423599e-37,0.0284904911517033,0.381,0.168,5.43333665910363e-33
"RPL39",1.9993512516326e-37,-0.508831886739102,0.954,0.939,7.64232022424044e-33
"MT-CO2",8.35373633185342e-37,-0.337817438631486,0.997,0.996,3.19313217548765e-32
"PTGES3",1.41077180738803e-36,-0.092065971110834,0.74,0.399,5.39253415656e-32
"LGALS1",1.51360182514628e-36,-0.472567512077463,0.279,0.114,5.78559161643912e-32
"MYL12B",4.32295982353036e-36,-0.169661189917357,0.753,0.393,1.65240816294624e-31
"CSTB",8.63789525527078e-36,-0.248929822451134,0.783,0.42,3.3017490823747e-31
"BRI3",1.45962408440723e-35,-0.228713418029581,0.653,0.333,5.57926710023818e-31
"TMEM141",3.97266123990729e-35,-0.4675637551721,0.655,0.328,1.51851003234216e-30
"COX7B",4.96917910534015e-35,-0.326310233792716,0.708,0.365,1.89941902122522e-30
"GPX4",1.29152735066495e-34,-0.0770522333025789,0.764,0.41,4.9367341451817e-30
"FABP5",1.30757686944257e-34,-0.511327461824469,0.54,0.266,4.99808182575727e-30
"RPS10",1.35527240392431e-34,-0.443267881750586,0.665,0.335,5.18039323676028e-30
"H2AFZ",1.93989605235622e-34,-0.22175730146597,0.712,0.374,7.41505867052641e-30
"SMIM22",1.99026578338398e-34,-0.253796292232062,0.715,0.37,7.60759193040691e-30
"DBI",3.0270613390251e-34,-0.0388006405580867,0.692,0.386,1.15706392622895e-29
"UQCR10",9.86735793728154e-34,-0.509379470940024,0.66,0.328,3.7716988979465e-29
"RPS24",1.37460609898142e-33,-0.499341917956845,0.945,0.907,5.25429435274657e-29
"RPS19",2.65442832118225e-33,-0.470810006786526,0.952,0.949,1.0146286814887e-28
"RPL36",3.28973921953924e-33,-0.488072366875119,0.952,0.919,1.25746991927668e-28
"SEC61G",3.64175391210284e-33,-0.534212798212881,0.667,0.332,1.39202401536219e-28
"PARK7",6.70667843270693e-33,-0.315187024404558,0.643,0.335,2.5635607641179e-28
"UBL5",7.15640144176017e-33,-0.229933694004292,0.736,0.388,2.73546288709841e-28
"RPL17",7.43831721117824e-33,-0.459648283204466,0.69,0.358,2.84322237080077e-28
"KLK1",9.20836289008988e-33,-0.93549392906962,0.354,0.162,3.51980463110796e-28
"CYBA",1.12229753658317e-32,-0.149769313746478,0.798,0.441,4.2898701038355e-28
"NDUFA1",1.43012576405745e-32,-0.468826808287709,0.743,0.375,5.4665127205332e-28
"STMN1",5.76968681809781e-32,-0.285851429473229,0.485,0.241,2.20540508934971e-27
"SNHG25",9.57761344175467e-32,-0.475019602163608,0.309,0.142,3.66094696197631e-27
"SUB1",1.00498677624094e-31,-0.123909552374022,0.734,0.397,3.84146145350336e-27
"MT-CYB",2.281551030478e-31,-0.44264436463567,0.992,0.982,8.7210006588991e-27
"ATP5PF",1.64497852743244e-30,-0.457708404746505,0.674,0.343,6.28776592325774e-26
"PRDX2",3.01001397947591e-30,-0.3269622993379,0.674,0.356,1.15054774351487e-25
"RPS15",3.19074092340601e-30,-0.426805725697822,0.95,0.925,1.21962881056271e-25
"PSMA7",8.32854607582871e-30,0.13756109497299,0.758,0.487,3.18350345202477e-25
"LYZ",9.10050598870279e-30,-0.161538870647211,0.435,0.232,3.47857740912176e-25
"RPLP2",1.20444831642243e-29,-0.499769649848897,0.925,0.875,4.60388324469308e-25
"KRT19",1.99347264546841e-29,0.07611066353028,0.812,0.523,7.61984984003844e-25
"ATP5MC1",2.47108282182717e-29,-0.685143702604377,0.576,0.294,9.44546697815218e-25
"TSPO",3.13383099159197e-29,-0.268579408441327,0.726,0.393,1.19787555822612e-24
"TAGLN2",1.20724706718784e-28,-0.178439492478344,0.753,0.419,4.61458118961879e-24
"OST4",1.31430917237253e-28,-0.364290399042248,0.696,0.369,5.02381538047675e-24
"ZFAS1",2.58926976091851e-28,0.153033336040085,0.839,0.551,9.8972247341349e-24
"OAZ1",2.59021665832323e-28,-0.0573524115318755,0.83,0.481,9.90084415477471e-24
"RPL37",3.57189720002305e-28,-0.491368503641334,0.943,0.911,1.36532198573681e-23
"SNRPF",6.74301961851381e-28,-0.647819643127537,0.623,0.317,2.57745181898072e-23
"COX5A",1.52513039574522e-27,-0.36189008927359,0.7,0.37,5.82965842469654e-23
"ATP5F1B",2.5784815832304e-27,-0.260147065877902,0.702,0.39,9.85598800373989e-23
"GNAS",2.81274180061758e-27,0.052343096884516,0.811,0.516,1.07514242586806e-22
"RPL12",3.10533825605455e-27,-0.431628092162647,0.954,0.932,1.18698449499429e-22
"RPL28",3.13938425625128e-27,-0.487684486256925,0.973,0.956,1.19999823810949e-22
"NDUFB2",5.93869925864052e-27,-0.186741142809547,0.663,0.367,2.27000840462275e-22
"RPL27A",7.32709367408299e-27,-0.540355535693321,0.891,0.827,2.80070828598148e-22
"HSP90AB1",7.68804298946073e-27,0.25122992208796,0.918,0.711,2.93867755229147e-22
"MT-ND6",1.12085035444866e-26,-0.320993201577581,0.706,0.373,4.28433839484456e-22
"ATP6V0C",1.13215232355014e-26,0.171244913872937,0.271,0.135,4.32753904153805e-22
"IFI6",1.32010390087671e-26,-0.60935494408595,0.342,0.17,5.04596515071113e-22
"RPL13A",1.70181989890416e-26,-0.581378095308144,0.93,0.857,6.50503638157125e-22
"RPS23",2.37199017659176e-26,-0.447875119380891,0.923,0.884,9.06669525100436e-22
"ARPC3",2.69549467932088e-26,-0.38555830157419,0.722,0.387,1.03032588622361e-21
"RPS17",3.0397711598844e-26,-0.678110288713411,0.669,0.348,1.16192212815421e-21
"GPX2",3.46500928532687e-26,-0.0171430899104625,0.742,0.449,1.32446514922334e-21
"RAN",5.08084667677108e-26,-0.380939241619574,0.693,0.377,1.94210283372898e-21
"ACTB",6.44285957797042e-26,0.217933011778009,0.949,0.824,2.46271864508341e-21
"RPL10",7.49033475801937e-26,-0.376982888129307,0.972,0.959,2.86310555790532e-21
"RPL13",1.29632214099563e-25,-0.348779875336465,0.983,0.97,4.95506175174171e-21
"APRT",2.24932063242862e-25,-0.467979879876224,0.659,0.346,8.59780318539514e-21
"TPT1",1.47611954631621e-24,-0.409794607474459,0.987,0.963,5.64231935383909e-20
"EIF3E",1.77615886086902e-24,-0.126583256818109,0.677,0.403,6.78918962978576e-20
"RPS4Y1",2.66946208855606e-24,-0.0708344941850578,0.51,0.292,1.02037518872967e-19
"RPL19",2.965359650271e-24,-0.390347938833633,0.931,0.909,1.13347907271959e-19
"MZT2B",3.61208227524824e-24,-0.283615045829462,0.686,0.381,1.38068232889089e-19
"CD24",9.35815677258879e-24,-0.237705515242007,0.806,0.48,3.57706184475434e-19
"UQCR11",2.37632237912309e-23,-0.497972713635956,0.718,0.387,9.0832546619601e-19
"RPL32",2.40389626346848e-23,-0.43200100801117,0.933,0.902,9.18865307748193e-19
"GAPDH",5.81638464145515e-23,-0.498040597937512,0.931,0.87,2.22325486534982e-18
"DSTN",6.82754854474677e-23,-0.133768859692805,0.783,0.466,2.60976215574401e-18
"FABP1",8.8446181673868e-23,-0.472947361295202,0.355,0.194,3.38076684830193e-18
"LDHB",1.80684523966476e-22,-0.248981840662586,0.58,0.335,6.90648524409457e-18
"ATP5MD",1.93357377282798e-22,-0.441328955754795,0.721,0.392,7.39089238925767e-18
"NDUFA4",2.45475546855291e-22,-0.0285421379407245,0.71,0.454,9.38305730299663e-18
"LGALS3",3.47800047434012e-22,-0.0524103575379318,0.809,0.495,1.32943090131177e-17
"HSPE1",5.65840391579216e-22,0.151812885510188,0.845,0.585,2.16286831277239e-17
"POMP",1.07009996453924e-21,-0.381433082880289,0.711,0.4,4.09035010445479e-17
"RPS27",1.44453546699425e-21,-0.410833054760501,0.961,0.934,5.52159236903883e-17
"HLA-DRA",2.555605441228e-21,-0.518830887377331,0.287,0.147,9.76854623854992e-17
"SNRPD2",3.30947312717392e-21,-0.57286089822063,0.654,0.35,1.26501300813096e-16
"DYNLL1",4.80818789027798e-21,-0.104902689669273,0.792,0.481,1.83788173917985e-16
"RPLP0",8.94033327139305e-21,-0.493471007800197,0.912,0.82,3.41735298965728e-16
"S100A6",1.88973408950984e-20,-0.623407338072776,0.94,0.895,7.2233195837424e-16
"SSR4",3.03839284409321e-20,-0.398413888294646,0.751,0.421,1.16139528072619e-15
"C19orf33",6.23538720645709e-20,-0.588980542532934,0.661,0.368,2.38341440579616e-15
"EEF2",1.36933657973416e-19,-0.104012512459456,0.835,0.516,5.23415214237586e-15
"MUC2",1.79489612419043e-19,0.0995020153126169,0.361,0.216,6.86081094510549e-15
"EIF3H",2.09172668731831e-19,-0.251822100228769,0.676,0.401,7.9954160896055e-15
"EIF3K",2.61866893277446e-19,-0.38684594516092,0.699,0.392,1.00096001286371e-14
"MT-ND3",5.37822139867656e-19,-0.200103626144701,0.998,0.994,2.05577134743013e-14
"VIM",7.6073896755523e-19,0.402283832306541,0.257,0.144,2.90784862958311e-14
"UQCRQ",9.26938646213266e-19,-0.431336199467784,0.738,0.423,3.54313028128559e-14
"LCN2",1.24980384309109e-18,-0.903663961483257,0.615,0.366,4.77725020983137e-14
"B2M",2.72520313678823e-18,-0.0156404511466413,0.933,0.656,1.04168164700593e-13
"RPS28",3.09347932551664e-18,-0.378058516881151,0.932,0.914,1.18245153738548e-13
"TMSB10",5.27416325115357e-18,-0.370727257334851,0.969,0.945,2.01599616112094e-13
"COX7A2",1.40683248046487e-17,-0.371951096745182,0.724,0.424,5.37747647332892e-13
"EIF1",2.02020139302175e-17,0.102600104675823,0.934,0.732,7.72201780468632e-13
"HNRNPA1",2.92325383451222e-17,-0.164809235785324,0.808,0.486,1.11738454570395e-12
"COX6A1",3.05293616688742e-17,-0.448233761431859,0.739,0.427,1.16695432043105e-12
"ATP5IF1",4.09167936856114e-17,-0.38060417208812,0.727,0.42,1.56400352183881e-12
"RPS2",1.01168424248398e-16,-0.343680144758238,0.951,0.911,3.86706184847075e-12
"RPL26",2.58894824595872e-16,-0.542356914444349,0.898,0.785,9.89599577535262e-12
"TFF1",1.00335017208174e-15,-0.678296354772725,0.327,0.191,3.83520569776525e-11
"RPS27A",1.37718605344079e-15,-0.314290889497272,0.922,0.9,5.26415597067209e-11
"NME2",2.00271609000834e-15,-1.03349678041342,0.494,0.282,7.6551819824479e-11
"SRP14",2.11583179508541e-15,-0.281200928283736,0.788,0.47,8.08755545353447e-11
"RPS16",2.42046850298886e-15,-0.464144178617587,0.889,0.827,9.2519988058246e-11
"TUBA1B",2.92129217606883e-15,-0.180021460521097,0.765,0.473,1.11663472138055e-10
"UBA52",6.07606122566478e-15,-0.596433293142462,0.861,0.721,2.32251364289811e-10
"PRDX5",7.42745331302662e-15,-0.274981195249089,0.738,0.454,2.8390697543713e-10
"TPI1",1.27462680717931e-14,-0.212341410289167,0.808,0.493,4.8721335077622e-10
"RPL22",1.68136795551192e-14,-0.504398933016637,0.872,0.766,6.42686087314875e-10
"PFN1",1.93065005325811e-14,-0.298533650858877,0.762,0.46,7.37971676357382e-10
"PPA1",2.18216066141652e-14,-0.238139792531702,0.717,0.45,8.34109091219851e-10
"RPS18",5.3873416130163e-14,-0.28843147450149,0.962,0.95,2.05925745815935e-09
"ATP5MC2",9.60427984132717e-14,-0.189624941238587,0.723,0.459,3.6711399265489e-09
"TMA7",1.28509251988964e-13,-0.326448924077221,0.784,0.47,4.91213764802616e-09
"RPS14",8.15825526301832e-13,-0.324430217042056,0.921,0.884,3.11841149173612e-08
"EEF1A1",1.81621738090136e-12,-0.293312880197751,0.982,0.964,6.94230931675737e-08
"COX6C",2.26583551386134e-12,-0.0295573617418117,0.772,0.532,8.6609296681836e-08
"IFI27",2.56667697996729e-12,-0.0676064300807586,0.776,0.53,9.81086608822697e-08
"MT-ND4",6.18863437203843e-12,-0.178330051788039,0.996,0.992,2.36554360236797e-07
"RPL38",7.32898156990243e-12,-0.511165142694031,0.89,0.734,2.8014299152795e-07
"RPL29",1.43913701777236e-11,-0.337904538464066,0.916,0.855,5.50095733673307e-07
"CLIC1",3.19246596368754e-11,-0.132802028497733,0.781,0.529,1.22028818995993e-06
"NDUFS6",4.30019946473263e-11,-0.479551984915319,0.697,0.417,1.6437082433994e-06
"ATP5MF",8.5469488842912e-11,-0.517849955102906,0.683,0.413,3.26698574153147e-06
"MT-CO1",8.76997146685004e-11,-0.205206990497746,0.998,0.996,3.35223389348876e-06
"RPS13",1.28818398283204e-10,-0.378839574216996,0.875,0.812,4.92395445597718e-06
"KRT8",1.40930325008698e-10,-0.0486668020596177,0.914,0.755,5.38692074313246e-06
"RPL6",2.8539262761826e-10,-0.396265020301289,0.918,0.821,1.09088477980804e-05
"RPL14",3.03667647709965e-10,-0.418194139461749,0.895,0.806,1.16073921660657e-05
"RPS3A",3.29293489213422e-10,-0.37901773248827,0.918,0.849,1.25869143316939e-05
"RPS29",3.50191897179171e-10,-0.426686845268256,0.887,0.795,1.33857350777766e-05
"ATP5MC3",4.24483697402816e-10,-0.256991771573793,0.72,0.476,1.62254648495252e-05
"RPS6",4.85490564406251e-10,-0.313927285015987,0.931,0.896,1.85573913338646e-05
"MT-ND2",5.30656644751217e-10,-0.183949632010534,0.995,0.988,2.02838195889705e-05
"RPS3",5.3291018179774e-10,-0.244850328498643,0.937,0.914,2.03699587890368e-05
"ACTG1",6.69179520924426e-10,0.114502068606636,0.949,0.823,2.55787180078152e-05
"RPL11",1.28223344968899e-09,-0.232513050623963,0.943,0.921,4.9012091380912e-05
"RPL41",1.68260123247499e-09,-0.22463723425259,0.976,0.962,6.4315749510124e-05
"ATP5F1E",1.80523963916619e-09,-0.41058646973144,0.9,0.802,6.90034799674884e-05
"RPL7A",2.09310148534619e-09,-0.272649990931083,0.935,0.901,8.00067111758727e-05
"RPL23A",2.23890882900079e-09,-0.405550526611926,0.884,0.799,8.55800510797262e-05
"FTL",3.64819682460195e-09,-0.318092531384313,0.937,0.913,0.000139448675423585
"RPS4X",4.14339048287542e-09,-0.349149788902025,0.897,0.83,0.00015837695781743
"FTH1",5.13395416393193e-09,-0.34403379176606,0.979,0.963,0.000196240263962134
"ATP5F1D",6.24489770371107e-09,-0.482327896981056,0.78,0.47,0.000238704969826652
"TMSB4X",7.06988283279404e-09,-0.306465591645378,0.97,0.927,0.000270239201400719
"PRDX1",1.02005260804207e-08,-0.205008209460359,0.783,0.517,0.000389904908898001
"RPS25",1.0794320675076e-08,-0.348046831425622,0.89,0.795,0.000412602113484106
"NDUFS5",1.29164058747938e-08,-0.332956103946243,0.732,0.465,0.000493716698158117
"RPS15A",1.81136644780506e-08,-0.341565569351268,0.918,0.832,0.000692376711009004
"RPL34",1.86224803312553e-08,-0.300329117229166,0.935,0.869,0.000711825688181901
"RPL36A",3.26545701331197e-08,-0.686222146715707,0.778,0.48,0.00124818828876837
"RPS9",3.56112890618178e-08,-0.307207378397189,0.916,0.851,0.00136120591309892
"SLC25A6",7.55861439340626e-08,-0.217539470819398,0.748,0.527,0.00288920476573561
"HINT1",8.39954789559522e-08,-0.341715685417165,0.746,0.481,0.00321064318761232
"COX5B",1.16462494428094e-07,-0.400794552453564,0.783,0.492,0.00445166238701946
"EDF1",1.27456797728368e-07,-0.396036547848726,0.794,0.494,0.00487190863636913
"TOMM7",1.57648807381105e-07,-0.36065300406763,0.715,0.462,0.00602596801333537
"RPS5",1.78589342699957e-07,-0.316221607783372,0.871,0.793,0.00682639903536316
"RPS26",3.06008230121972e-07,-0.553311951766692,0.846,0.693,0.0116968585881823
"CFL1",3.88043478434406e-07,-0.0940065654393893,0.895,0.674,0.0148325739196767
"RPL3",4.94478840194592e-07,-0.267180154862907,0.932,0.877,0.0189009591875981
"PFDN5",5.20879360477249e-07,-0.252461424794831,0.759,0.502,0.0199100926748824
"RPL27",9.27129237793687e-07,-0.449782092356669,0.83,0.695,0.0354385879854259
"EEF1D",1.75500265928761e-06,-0.0439926827076338,0.838,0.64,0.0670832216486096
"HMGB1",2.04266300758863e-06,-0.12693046448366,0.885,0.637,0.0780787508020678
"RPS8",2.30047819139382e-06,-0.182168923139492,0.946,0.911,0.0879334783878372
"MT-ND1",2.80712542058359e-06,-0.184629112392095,0.992,0.973,0.107299562076387
"RPL35A",3.21778895643947e-06,-0.269610234075131,0.905,0.855,0.122996765070942
"RPS11",3.70619270264557e-06,-0.409842237939497,0.878,0.76,0.141665509865924
"S100A11",4.54474087170499e-06,-0.336868194799999,0.876,0.784,0.173718175080052
"UQCRB",5.4541462655198e-06,-0.260182217050141,0.755,0.529,0.208479286853229
"SERF2",8.3557420239456e-06,-0.489383962146924,0.885,0.706,0.319389883123297
"RPL18",1.02976474045225e-05,-0.266268490636505,0.918,0.864,0.393617274390468
"KRT18",1.41080727463578e-05,-0.0988282147023529,0.924,0.819,0.53926697265678
"BTF3",2.41137563251516e-05,-0.232262193378892,0.776,0.552,0.921724221772596
"RPL8",3.4343022464295e-05,-0.120554985257723,0.947,0.913,1
"RPL24",3.78305488350323e-05,-0.316525835743277,0.898,0.792,1
"COX4I1",6.56701492675152e-05,-0.268111436019505,0.794,0.55,1
"MT-ND5",8.58853736264539e-05,-0.20727599627736,0.985,0.919,1
"RACK1",9.48503761669611e-05,-0.313723239129312,0.891,0.763,1
"COX7C",0.000105480395100414,-0.353496125284625,0.783,0.519,1
"PPIA",0.000148674261534914,-0.365352783016018,0.884,0.759,1
"ATP5MG",0.000223023646681557,-0.400654837557637,0.752,0.498,1
"ATP5ME",0.000263629807880363,-0.53485464442518,0.778,0.493,1
"RPL4",0.000665934242447019,-0.299963192959733,0.809,0.552,1
"MT-ATP8",0.000952852329955926,-0.285940169218533,0.884,0.593,1
"ENO1",0.00113166249732192,-0.545450505459394,0.757,0.496,1
"RPS21",0.00127523991487983,-0.368084095892357,0.908,0.844,1
"RPL30",0.00195222080700508,-0.0920752453077185,0.92,0.89,1
"MT-ND4L",0.0021272037319096,-0.221254750831339,0.945,0.791,1
"PPDPF",0.00241897201505758,-0.297082106275179,0.898,0.765,1
"RPL37A",0.00338245621581871,-0.186429303284096,0.91,0.84,1
"RPL10A",0.00399249339191926,-0.292158737487833,0.875,0.758,1
"EEF1G",0.00416779752532964,-0.684647506507088,0.335,0.255,1
"SH3BGRL3",0.00417020390553661,-0.445275006609077,0.816,0.564,1
"TFF3",0.00443652461133479,-0.727113577493879,0.687,0.498,1
"MIF",0.00539714132968592,-0.48720843316519,0.859,0.654,1
"MTRNR2L8",0.00643439186050767,-0.208178019736894,0.895,0.616,1
"SLC25A5",0.0074460041131361,-0.489517850130681,0.768,0.531,1
"GSTP1",0.00762186899085265,-0.448155930545929,0.815,0.656,1
"PTMA",0.0076934785900642,0.0121789104316568,0.983,0.945,1
"NPM1",0.00815775930669449,-0.382110670716481,0.801,0.566,1
"RPL9",0.0138081444221534,-0.293050476646882,0.864,0.762,1
"EEF1B2",0.0146910037919763,-0.279029508799963,0.856,0.739,1
"LGALS4",0.0225853955106906,-0.490469118983307,0.796,0.578,1
"NACA",0.0237260106234709,-0.262511448399583,0.881,0.774,1
"RPL15",0.0250050886589445,-0.265715049866387,0.875,0.766,1
"COX6B1",0.026990940930341,-0.48032441293768,0.776,0.52,1
"MYL6",0.0383420667286961,-0.17731507258451,0.885,0.683,1
"PHGR1",0.0388190613316716,-0.677086695372096,0.811,0.622,1
"RPL31",0.0971772687291925,-0.513846115633983,0.81,0.596,1
"RPS7",0.119887296141941,-0.222065744577518,0.919,0.802,1
"RPL7",0.125943158327705,-0.314939342490302,0.86,0.731,1
"RPS20",0.162528583842744,-0.313121456165786,0.812,0.629,1
"YBX1",0.162856121002358,-0.40729633536577,0.841,0.662,1
"RPSA",0.179613421170972,-0.334669343358993,0.826,0.687,1
"ELOB",0.336531919638985,-0.533980845938939,0.832,0.591,1
"UQCRH",0.387448011714882,-0.421496075907303,0.769,0.56,1
"S100A10",0.422787446265125,-0.18388366033052,0.902,0.803,1
"FAU",0.663786523242544,-0.19661093312222,0.877,0.749,1
"CHCHD2",0.715804126753951,-0.384838935336813,0.805,0.608,1
"RPL5",0.737197273209483,-0.17040888211866,0.862,0.732,1
"TXN",0.990638200357936,-0.334879861389247,0.818,0.651,1
